[24May2026 22:27:46.049] [main/INFO] [cpw.mods.modlauncher.Launcher/MODLAUNCHER]: ModLauncher running: args [--launchTarget, forgeserver, --fml.neoForgeVersion, 21.1.230, --fml.fmlVersion, 4.0.42, --fml.mcVersion, 1.21.1, --fml.neoFormVersion, 20240808.144430, nogui]
[24May2026 22:27:46.051] [main/INFO] [cpw.mods.modlauncher.Launcher/MODLAUNCHER]: JVM identified as Ubuntu OpenJDK 64-Bit Server VM 21.0.10+7-Ubuntu-124.04
[24May2026 22:27:46.053] [main/INFO] [cpw.mods.modlauncher.Launcher/MODLAUNCHER]: ModLauncher 11.0.5+main.901c6ea8 starting: java version 21.0.10 by Ubuntu; OS Linux arch amd64 version 6.8.0-1044-azure
[24May2026 22:27:46.303] [main/INFO] [net.neoforged.fml.loading.ImmediateWindowHandler/]: ImmediateWindowProvider not loading because launch target is forgeserver
[24May2026 22:27:46.360] [main/INFO] [mixin/]: SpongePowered MIXIN Subsystem Version=0.8.7 Source=union:/workspaces/oldestonev1/servidor_minecraft/libraries/net/fabricmc/sponge-mixin/0.15.2+mixin.0.8.7/sponge-mixin-0.15.2+mixin.0.8.7.jar%2373!/ Service=ModLauncher Env=SERVER
[24May2026 22:27:46.790] [main/INFO] [net.neoforged.fml.loading.moddiscovery.ModDiscoverer/SCAN]: Found mod file "server-1.21.1-20240808.144430-srg.jar" [locator: production server provider +net.neoforged:neoforge:21.1.230:server]
[24May2026 22:27:46.828] [main/INFO] [net.neoforged.fml.loading.moddiscovery.ModDiscoverer/SCAN]: Found mod file "neoforge-21.1.230-universal.jar" [locator: PathBasedLocator[name=neoforge, paths=[libraries/net/neoforged/neoforge/21.1.230/neoforge-21.1.230-universal.jar]], reader: mod manifest]
[24May2026 22:27:46.847] [main/INFO] [net.neoforged.fml.loading.moddiscovery.ModDiscoverer/SCAN]: Found mod file "accessories-neoforge-1.1.0-beta.53+1.21.1.jar" [locator: {mods folder locator at /workspaces/oldestonev1/servidor_minecraft/mods}, reader: mod manifest]
[24May2026 22:27:46.858] [main/INFO] [net.neoforged.fml.loading.moddiscovery.ModDiscoverer/SCAN]: Found mod file "aether-1.21.1-1.5.10-neoforge.jar" [locator: {mods folder locator at /workspaces/oldestonev1/servidor_minecraft/mods}, reader: mod manifest]
[24May2026 22:27:46.862] [main/INFO] [net.neoforged.fml.loading.moddiscovery.ModDiscoverer/SCAN]: Found mod file "AetherVillages-1.21.1-1.0.8-neoforge.jar" [locator: {mods folder locator at /workspaces/oldestonev1/servidor_minecraft/mods}, reader: mod manifest]
[24May2026 22:27:46.869] [main/INFO] [net.neoforged.fml.loading.moddiscovery.ModDiscoverer/SCAN]: Found mod file "AmbientSounds_NEOFORGE_v6.3.8_mc1.21.1.jar" [locator: {mods folder locator at /workspaces/oldestonev1/servidor_minecraft/mods}, reader: mod manifest]
[24May2026 22:27:46.875] [main/INFO] [net.neoforged.fml.loading.moddiscovery.ModDiscoverer/SCAN]: Found mod file "Apotheosis-1.21.1-8.5.2.jar" [locator: {mods folder locator at /workspaces/oldestonev1/servidor_minecraft/mods}, reader: mod manifest]
[24May2026 22:27:46.880] [main/INFO] [net.neoforged.fml.loading.moddiscovery.ModDiscoverer/SCAN]: Found mod file "ApothicAttributes-1.21.1-2.9.1.jar" [locator: {mods folder locator at /workspaces/oldestonev1/servidor_minecraft/mods}, reader: mod manifest]
[24May2026 22:27:46.883] [main/INFO] [net.neoforged.fml.loading.moddiscovery.ModDiscoverer/SCAN]: Found mod file "ApothicEnchanting-1.21.1-1.5.2.jar" [locator: {mods folder locator at /workspaces/oldestonev1/servidor_minecraft/mods}, reader: mod manifest]
[24May2026 22:27:46.885] [main/INFO] [net.neoforged.fml.loading.moddiscovery.ModDiscoverer/SCAN]: Found mod file "ApothicSpawners-1.21.1-1.3.4.jar" [locator: {mods folder locator at /workspaces/oldestonev1/servidor_minecraft/mods}, reader: mod manifest]
[24May2026 22:27:46.889] [main/INFO] [net.neoforged.fml.loading.moddiscovery.ModDiscoverer/SCAN]: Found mod file "Aquaculture-1.21.1-2.7.21.jar" [locator: {mods folder locator at /workspaces/oldestonev1/servidor_minecraft/mods}, reader: mod manifest]
[24May2026 22:27:46.892] [main/INFO] [net.neoforged.fml.loading.moddiscovery.ModDiscoverer/SCAN]: Found mod file "architectury-13.0.8-neoforge.jar" [locator: {mods folder locator at /workspaces/oldestonev1/servidor_minecraft/mods}, reader: mod manifest]
[24May2026 22:27:46.895] [main/INFO] [net.neoforged.fml.loading.moddiscovery.ModDiscoverer/SCAN]: Found mod file "balm-neoforge-1.21.1-21.0.56.jar" [locator: {mods folder locator at /workspaces/oldestonev1/servidor_minecraft/mods}, reader: mod manifest]
[24May2026 22:27:46.902] [main/INFO] [net.neoforged.fml.loading.moddiscovery.ModDiscoverer/SCAN]: Found mod file "basiclogin-2.0.0.21.1.jar" [locator: {mods folder locator at /workspaces/oldestonev1/servidor_minecraft/mods}, reader: mod manifest]
[24May2026 22:27:46.904] [main/INFO] [net.neoforged.fml.loading.moddiscovery.ModDiscoverer/SCAN]: Found mod file "better_create-1.0.0-neoforge-1.21.1.jar" [locator: {mods folder locator at /workspaces/oldestonev1/servidor_minecraft/mods}, reader: mod manifest]
[24May2026 22:27:46.907] [main/INFO] [net.neoforged.fml.loading.moddiscovery.ModDiscoverer/SCAN]: Found mod file "bettercombat-neoforge-2.3.2+1.21.1.jar" [locator: {mods folder locator at /workspaces/oldestonev1/servidor_minecraft/mods}, reader: mod manifest]
[24May2026 22:27:46.913] [main/INFO] [net.neoforged.fml.loading.moddiscovery.ModDiscoverer/SCAN]: Found mod file "BiomesOPlenty-neoforge-1.21.1-21.1.0.13.jar" [locator: {mods folder locator at /workspaces/oldestonev1/servidor_minecraft/mods}, reader: mod manifest]
[24May2026 22:27:46.915] [main/INFO] [net.neoforged.fml.loading.moddiscovery.ModDiscoverer/SCAN]: Found mod file "bountiful-neoforge-8.0.0-beta.2.jar" [locator: {mods folder locator at /workspaces/oldestonev1/servidor_minecraft/mods}, reader: mod manifest]
[24May2026 22:27:46.918] [main/INFO] [net.neoforged.fml.loading.moddiscovery.ModDiscoverer/SCAN]: Found mod file "carryon-neoforge-1.21.1-2.2.4.4.jar" [locator: {mods folder locator at /workspaces/oldestonev1/servidor_minecraft/mods}, reader: mod manifest]
[24May2026 22:27:46.922] [main/INFO] [net.neoforged.fml.loading.moddiscovery.ModDiscoverer/SCAN]: Found mod file "cataclysm_compat_1.21.1-1.0.2.jar" [locator: {mods folder locator at /workspaces/oldestonev1/servidor_minecraft/mods}, reader: mod manifest]
[24May2026 22:27:46.924] [main/INFO] [net.neoforged.fml.loading.moddiscovery.ModDiscoverer/SCAN]: Found mod file "cataclysmspells_compat.jar" [locator: {mods folder locator at /workspaces/oldestonev1/servidor_minecraft/mods}, reader: mod manifest]
[24May2026 22:27:46.926] [main/INFO] [net.neoforged.fml.loading.moddiscovery.ModDiscoverer/SCAN]: Found mod file "cloth-config-15.0.140-neoforge.jar" [locator: {mods folder locator at /workspaces/oldestonev1/servidor_minecraft/mods}, reader: mod manifest]
[24May2026 22:27:46.928] [main/INFO] [net.neoforged.fml.loading.moddiscovery.ModDiscoverer/SCAN]: Found mod file "collective-1.21.1-8.22.jar" [locator: {mods folder locator at /workspaces/oldestonev1/servidor_minecraft/mods}, reader: mod manifest]
[24May2026 22:27:46.931] [main/INFO] [net.neoforged.fml.loading.moddiscovery.ModDiscoverer/SCAN]: Found mod file "comforts-neoforge-9.0.5+1.21.1.jar" [locator: {mods folder locator at /workspaces/oldestonev1/servidor_minecraft/mods}, reader: mod manifest]
[24May2026 22:27:46.935] [main/INFO] [net.neoforged.fml.loading.moddiscovery.ModDiscoverer/SCAN]: Found mod file "copycats-3.0.4+mc.1.21.1-neoforge.jar" [locator: {mods folder locator at /workspaces/oldestonev1/servidor_minecraft/mods}, reader: mod manifest]
[24May2026 22:27:46.937] [main/INFO] [net.neoforged.fml.loading.moddiscovery.ModDiscoverer/SCAN]: Found mod file "Corgilib-NeoForge-1.21.1-5.0.0.9.jar" [locator: {mods folder locator at /workspaces/oldestonev1/servidor_minecraft/mods}, reader: mod manifest]
[24May2026 22:27:46.940] [main/INFO] [net.neoforged.fml.loading.moddiscovery.ModDiscoverer/SCAN]: Found mod file "coroutil-neoforge-1.21.0-1.3.9.jar" [locator: {mods folder locator at /workspaces/oldestonev1/servidor_minecraft/mods}, reader: mod manifest]
[24May2026 22:27:46.943] [main/INFO] [net.neoforged.fml.loading.moddiscovery.ModDiscoverer/SCAN]: Found mod file "corpse-neoforge-1.21.1-1.1.13.jar" [locator: {mods folder locator at /workspaces/oldestonev1/servidor_minecraft/mods}, reader: mod manifest]
[24May2026 22:27:46.952] [main/INFO] [net.neoforged.fml.loading.moddiscovery.ModDiscoverer/SCAN]: Found mod file "create-1.21.1-6.0.10.jar" [locator: {mods folder locator at /workspaces/oldestonev1/servidor_minecraft/mods}, reader: mod manifest]
[24May2026 22:27:46.954] [main/INFO] [net.neoforged.fml.loading.moddiscovery.ModDiscoverer/SCAN]: Found mod file "create-aeronautics-bundled-1.21.1-1.2.1.jar" [locator: {mods folder locator at /workspaces/oldestonev1/servidor_minecraft/mods}, reader: mod manifest]
[24May2026 22:27:46.956] [main/INFO] [net.neoforged.fml.loading.moddiscovery.ModDiscoverer/SCAN]: Found mod file "create-gunsmithing-1.21.1-1.4.5.jar" [locator: {mods folder locator at /workspaces/oldestonev1/servidor_minecraft/mods}, reader: mod manifest]
[24May2026 22:27:46.959] [main/INFO] [net.neoforged.fml.loading.moddiscovery.ModDiscoverer/SCAN]: Found mod file "create_aeronautics_automated_logistics-0.2.0.jar" [locator: {mods folder locator at /workspaces/oldestonev1/servidor_minecraft/mods}, reader: mod manifest]
[24May2026 22:27:46.969] [main/INFO] [net.neoforged.fml.loading.moddiscovery.ModDiscoverer/SCAN]: Found mod file "create_sophback_compat-1.0.jar" [locator: {mods folder locator at /workspaces/oldestonev1/servidor_minecraft/mods}, reader: mod manifest]
[24May2026 22:27:46.972] [main/INFO] [net.neoforged.fml.loading.moddiscovery.ModDiscoverer/SCAN]: Found mod file "createbetterfps-1.21.1-1.1.4.jar" [locator: {mods folder locator at /workspaces/oldestonev1/servidor_minecraft/mods}, reader: mod manifest]
[24May2026 22:27:46.977] [main/INFO] [net.neoforged.fml.loading.moddiscovery.ModDiscoverer/SCAN]: Found mod file "createbigcannons-5.11.3-mc.1.21.1.jar" [locator: {mods folder locator at /workspaces/oldestonev1/servidor_minecraft/mods}, reader: mod manifest]
[24May2026 22:27:46.979] [main/INFO] [net.neoforged.fml.loading.moddiscovery.ModDiscoverer/SCAN]: Found mod file "CreateOPlenty-NeoForge-Create+6.0.7-3.0.jar" [locator: {mods folder locator at /workspaces/oldestonev1/servidor_minecraft/mods}, reader: mod manifest]
[24May2026 22:27:46.981] [main/INFO] [net.neoforged.fml.loading.moddiscovery.ModDiscoverer/SCAN]: Found mod file "CreativeCore_NEOFORGE_v2.13.38_mc1.21.1.jar" [locator: {mods folder locator at /workspaces/oldestonev1/servidor_minecraft/mods}, reader: mod manifest]
[24May2026 22:27:46.984] [main/INFO] [net.neoforged.fml.loading.moddiscovery.ModDiscoverer/SCAN]: Found mod file "creatorsword-0.2.7a.jar" [locator: {mods folder locator at /workspaces/oldestonev1/servidor_minecraft/mods}, reader: mod manifest]
[24May2026 22:27:46.986] [main/INFO] [net.neoforged.fml.loading.moddiscovery.ModDiscoverer/SCAN]: Found mod file "curios-neoforge-9.5.1+1.21.1.jar" [locator: {mods folder locator at /workspaces/oldestonev1/servidor_minecraft/mods}, reader: mod manifest]
[24May2026 22:27:46.990] [main/INFO] [net.neoforged.fml.loading.moddiscovery.ModDiscoverer/SCAN]: Found mod file "CustomNPCs-Unofficial-NeoForge-1.21.1.20251230.jar" [locator: {mods folder locator at /workspaces/oldestonev1/servidor_minecraft/mods}, reader: mod manifest]
[24May2026 22:27:46.992] [main/INFO] [net.neoforged.fml.loading.moddiscovery.ModDiscoverer/SCAN]: Found mod file "darkdoppelganger-3.3.0-1.21.1.jar" [locator: {mods folder locator at /workspaces/oldestonev1/servidor_minecraft/mods}, reader: mod manifest]
[24May2026 22:27:46.997] [main/INFO] [net.neoforged.fml.loading.moddiscovery.ModDiscoverer/SCAN]: Found mod file "Data_Anchor-neoforge-1.21.1-2.0.0.14.jar" [locator: {mods folder locator at /workspaces/oldestonev1/servidor_minecraft/mods}, reader: mod manifest]
[24May2026 22:27:47.000] [main/INFO] [net.neoforged.fml.loading.moddiscovery.ModDiscoverer/SCAN]: Found mod file "doubledoors-1.21.1-7.2.jar" [locator: {mods folder locator at /workspaces/oldestonev1/servidor_minecraft/mods}, reader: mod manifest]
[24May2026 22:27:47.003] [main/INFO] [net.neoforged.fml.loading.moddiscovery.ModDiscoverer/SCAN]: Found mod file "dummmmmmy-1.21-2.0.12-neoforge.jar" [locator: {mods folder locator at /workspaces/oldestonev1/servidor_minecraft/mods}, reader: mod manifest]
[24May2026 22:27:47.005] [main/INFO] [net.neoforged.fml.loading.moddiscovery.ModDiscoverer/SCAN]: Found mod file "DungeonsArise-1.21.1-2.1.68-release.jar" [locator: {mods folder locator at /workspaces/oldestonev1/servidor_minecraft/mods}, reader: mod manifest]
[24May2026 22:27:47.008] [main/INFO] [net.neoforged.fml.loading.moddiscovery.ModDiscoverer/SCAN]: Found mod file "DungeonsAriseSevenSeas-1.21.x-1.0.4-neoforge.jar" [locator: {mods folder locator at /workspaces/oldestonev1/servidor_minecraft/mods}, reader: mod manifest]
[24May2026 22:27:47.011] [main/INFO] [net.neoforged.fml.loading.moddiscovery.ModDiscoverer/SCAN]: Found mod file "Enhanced-Celestials-NeoForge-1.21.1-6.0.2.5.jar" [locator: {mods folder locator at /workspaces/oldestonev1/servidor_minecraft/mods}, reader: mod manifest]
[24May2026 22:27:47.017] [main/INFO] [net.neoforged.fml.loading.moddiscovery.ModDiscoverer/SCAN]: Found mod file "explore_ruins_aether-1.0.0-neoforge-1.21.1.jar" [locator: {mods folder locator at /workspaces/oldestonev1/servidor_minecraft/mods}, reader: mod manifest]
[24May2026 22:27:47.019] [main/INFO] [net.neoforged.fml.loading.moddiscovery.ModDiscoverer/SCAN]: Found mod file "explosiveenhancement-neoforge-1.21.1-1.1.2.jar" [locator: {mods folder locator at /workspaces/oldestonev1/servidor_minecraft/mods}, reader: mod manifest]
[24May2026 22:27:47.022] [main/INFO] [net.neoforged.fml.loading.moddiscovery.ModDiscoverer/SCAN]: Found mod file "FarmersDelight-1.21.1-1.3.1.jar" [locator: {mods folder locator at /workspaces/oldestonev1/servidor_minecraft/mods}, reader: mod manifest]
[24May2026 22:27:47.025] [main/INFO] [net.neoforged.fml.loading.moddiscovery.ModDiscoverer/SCAN]: Found mod file "fdlib-1.0.9-1.21.1.jar" [locator: {mods folder locator at /workspaces/oldestonev1/servidor_minecraft/mods}, reader: mod manifest]
[24May2026 22:27:47.028] [main/INFO] [net.neoforged.fml.loading.moddiscovery.ModDiscoverer/SCAN]: Found mod file "forgified-fabric-api-0.116.7+2.2.4+1.21.1.jar" [locator: {mods folder locator at /workspaces/oldestonev1/servidor_minecraft/mods}, reader: mod manifest]
[24May2026 22:27:47.036] [main/INFO] [net.neoforged.fml.loading.moddiscovery.ModDiscoverer/SCAN]: Found mod file "gametechbcs_spellbooks-3.0.0-1.21.1.jar" [locator: {mods folder locator at /workspaces/oldestonev1/servidor_minecraft/mods}, reader: mod manifest]
[24May2026 22:27:47.043] [main/INFO] [net.neoforged.fml.loading.moddiscovery.ModDiscoverer/SCAN]: Found mod file "geckolib-neoforge-1.21.1-4.8.4.jar" [locator: {mods folder locator at /workspaces/oldestonev1/servidor_minecraft/mods}, reader: mod manifest]
[24May2026 22:27:47.046] [main/INFO] [net.neoforged.fml.loading.moddiscovery.ModDiscoverer/SCAN]: Found mod file "GlitchCore-neoforge-1.21.1-2.1.0.0.jar" [locator: {mods folder locator at /workspaces/oldestonev1/servidor_minecraft/mods}, reader: mod manifest]
[24May2026 22:27:47.049] [main/INFO] [net.neoforged.fml.loading.moddiscovery.ModDiscoverer/SCAN]: Found mod file "gtbcs_spell_lib-1.5.0-1.21.1.jar" [locator: {mods folder locator at /workspaces/oldestonev1/servidor_minecraft/mods}, reader: mod manifest]
[24May2026 22:27:47.054] [main/INFO] [net.neoforged.fml.loading.moddiscovery.ModDiscoverer/SCAN]: Found mod file "incontrol-1.21-10.2.6.jar" [locator: {mods folder locator at /workspaces/oldestonev1/servidor_minecraft/mods}, reader: mod manifest]
[24May2026 22:27:47.057] [main/INFO] [net.neoforged.fml.loading.moddiscovery.ModDiscoverer/SCAN]: Found mod file "irons_lib-1.21.1-1.0.2.jar" [locator: {mods folder locator at /workspaces/oldestonev1/servidor_minecraft/mods}, reader: mod manifest]
[24May2026 22:27:47.062] [main/INFO] [net.neoforged.fml.loading.moddiscovery.ModDiscoverer/SCAN]: Found mod file "irons_spellbooks-1.21.1-3.15.6.jar" [locator: {mods folder locator at /workspaces/oldestonev1/servidor_minecraft/mods}, reader: mod manifest]
[24May2026 22:27:47.065] [main/INFO] [net.neoforged.fml.loading.moddiscovery.ModDiscoverer/SCAN]: Found mod file "jamlib-neoforge-1.3.6+1.21.1.jar" [locator: {mods folder locator at /workspaces/oldestonev1/servidor_minecraft/mods}, reader: mod manifest]
[24May2026 22:27:47.068] [main/INFO] [net.neoforged.fml.loading.moddiscovery.ModDiscoverer/SCAN]: Found mod file "jei-1.21.1-neoforge-19.27.0.336.jar" [locator: {mods folder locator at /workspaces/oldestonev1/servidor_minecraft/mods}, reader: mod manifest]
[24May2026 22:27:47.070] [main/INFO] [net.neoforged.fml.loading.moddiscovery.ModDiscoverer/SCAN]: Found mod file "kambrik-neoforge-8.0.0-beta.2.jar" [locator: {mods folder locator at /workspaces/oldestonev1/servidor_minecraft/mods}, reader: mod manifest]
[24May2026 22:27:47.073] [main/INFO] [net.neoforged.fml.loading.moddiscovery.ModDiscoverer/SCAN]: Found library file "kotlinforforge-5.11.0-all.jar" [locator: {mods folder locator at /workspaces/oldestonev1/servidor_minecraft/mods}, reader: mod manifest]
[24May2026 22:27:47.077] [main/INFO] [net.neoforged.fml.loading.moddiscovery.ModDiscoverer/SCAN]: Found mod file "L_Ender's Cataclysm 1.21.1-3.27.jar" [locator: {mods folder locator at /workspaces/oldestonev1/servidor_minecraft/mods}, reader: mod manifest]
[24May2026 22:27:47.080] [main/INFO] [net.neoforged.fml.loading.moddiscovery.ModDiscoverer/SCAN]: Found mod file "lionfishapi-2.7-fix-fix.jar" [locator: {mods folder locator at /workspaces/oldestonev1/servidor_minecraft/mods}, reader: mod manifest]
[24May2026 22:27:47.082] [main/INFO] [net.neoforged.fml.loading.moddiscovery.ModDiscoverer/SCAN]: Found mod file "lithium-neoforge-0.15.3+mc1.21.1.jar" [locator: {mods folder locator at /workspaces/oldestonev1/servidor_minecraft/mods}, reader: mod manifest]
[24May2026 22:27:47.084] [main/INFO] [net.neoforged.fml.loading.moddiscovery.ModDiscoverer/SCAN]: Found mod file "lootr-neoforge-1.21.1-1.11.37.120.jar" [locator: {mods folder locator at /workspaces/oldestonev1/servidor_minecraft/mods}, reader: mod manifest]
[24May2026 22:27:47.087] [main/INFO] [net.neoforged.fml.loading.moddiscovery.ModDiscoverer/SCAN]: Found mod file "lotmcraft-1.11.2.jar" [locator: {mods folder locator at /workspaces/oldestonev1/servidor_minecraft/mods}, reader: mod manifest]
[24May2026 22:27:47.091] [main/INFO] [net.neoforged.fml.loading.moddiscovery.ModDiscoverer/SCAN]: Found mod file "mca-neoforge-7.7.7+1.21.1.jar" [locator: {mods folder locator at /workspaces/oldestonev1/servidor_minecraft/mods}, reader: mod manifest]
[24May2026 22:27:47.093] [main/INFO] [net.neoforged.fml.loading.moddiscovery.ModDiscoverer/SCAN]: Found mod file "mcaromanticexpansion-1.0.5.jar" [locator: {mods folder locator at /workspaces/oldestonev1/servidor_minecraft/mods}, reader: mod manifest]
[24May2026 22:27:47.099] [main/INFO] [net.neoforged.fml.loading.moddiscovery.ModDiscoverer/SCAN]: Found mod file "Mekanism-1.21.1-10.7.19.85.jar" [locator: {mods folder locator at /workspaces/oldestonev1/servidor_minecraft/mods}, reader: mod manifest]
[24May2026 22:27:47.101] [main/INFO] [net.neoforged.fml.loading.moddiscovery.ModDiscoverer/SCAN]: Found mod file "MekanismGenerators-1.21.1-10.7.19.85.jar" [locator: {mods folder locator at /workspaces/oldestonev1/servidor_minecraft/mods}, reader: mod manifest]
[24May2026 22:27:47.103] [main/INFO] [net.neoforged.fml.loading.moddiscovery.ModDiscoverer/SCAN]: Found mod file "MekanismTools-1.21.1-10.7.19.85.jar" [locator: {mods folder locator at /workspaces/oldestonev1/servidor_minecraft/mods}, reader: mod manifest]
[24May2026 22:27:47.109] [main/INFO] [net.neoforged.fml.loading.moddiscovery.ModDiscoverer/SCAN]: Found mod file "modernfix-neoforge-5.27.7+mc1.21.1.jar" [locator: {mods folder locator at /workspaces/oldestonev1/servidor_minecraft/mods}, reader: mod manifest]
[24May2026 22:27:47.113] [main/INFO] [net.neoforged.fml.loading.moddiscovery.ModDiscoverer/SCAN]: Found mod file "modonomicon-1.21.1-neoforge-1.120.1.jar" [locator: {mods folder locator at /workspaces/oldestonev1/servidor_minecraft/mods}, reader: mod manifest]
[24May2026 22:27:47.117] [main/INFO] [net.neoforged.fml.loading.moddiscovery.ModDiscoverer/SCAN]: Found mod file "moonlight-neoforge-1.21.1-3.0.7.jar" [locator: {mods folder locator at /workspaces/oldestonev1/servidor_minecraft/mods}, reader: mod manifest]
[24May2026 22:27:47.119] [main/INFO] [net.neoforged.fml.loading.moddiscovery.ModDiscoverer/SCAN]: Found mod file "MouseTweaks-neoforge-mc1.21-2.26.1.jar" [locator: {mods folder locator at /workspaces/oldestonev1/servidor_minecraft/mods}, reader: mod manifest]
[24May2026 22:27:47.122] [main/INFO] [net.neoforged.fml.loading.moddiscovery.ModDiscoverer/SCAN]: Found mod file "mowziesmobs-1.21.1-1.8.2.jar" [locator: {mods folder locator at /workspaces/oldestonev1/servidor_minecraft/mods}, reader: mod manifest]
[24May2026 22:27:47.125] [main/INFO] [net.neoforged.fml.loading.moddiscovery.ModDiscoverer/SCAN]: Found mod file "naturalist-1.0.2-neoforge-1.21.1.jar" [locator: {mods folder locator at /workspaces/oldestonev1/servidor_minecraft/mods}, reader: mod manifest]
[24May2026 22:27:47.158] [main/INFO] [net.neoforged.fml.loading.moddiscovery.ModDiscoverer/SCAN]: Found mod file "NaturesCompass-1.21.1-3.4.0-neoforge.jar" [locator: {mods folder locator at /workspaces/oldestonev1/servidor_minecraft/mods}, reader: mod manifest]
[24May2026 22:27:47.163] [main/INFO] [net.neoforged.fml.loading.moddiscovery.ModDiscoverer/SCAN]: Found mod file "ntgl-1.21.1-3.1.3.jar" [locator: {mods folder locator at /workspaces/oldestonev1/servidor_minecraft/mods}, reader: mod manifest]
[24May2026 22:27:47.173] [main/INFO] [net.neoforged.fml.loading.moddiscovery.ModDiscoverer/SCAN]: Found mod file "occultism-1.21.1-neoforge-1.215.0.jar" [locator: {mods folder locator at /workspaces/oldestonev1/servidor_minecraft/mods}, reader: mod manifest]
[24May2026 22:27:47.179] [main/INFO] [net.neoforged.fml.loading.moddiscovery.ModDiscoverer/SCAN]: Found mod file "OctoLib-NEOFORGE-0.6.2+1.21.jar" [locator: {mods folder locator at /workspaces/oldestonev1/servidor_minecraft/mods}, reader: mod manifest]
[24May2026 22:27:47.184] [main/INFO] [net.neoforged.fml.loading.moddiscovery.ModDiscoverer/SCAN]: Found mod file "owo-lib-neoforge-0.12.15.5-beta.1+1.21.jar" [locator: {mods folder locator at /workspaces/oldestonev1/servidor_minecraft/mods}, reader: mod manifest]
[24May2026 22:27:47.187] [main/INFO] [net.neoforged.fml.loading.moddiscovery.ModDiscoverer/SCAN]: Found mod file "Patchouli-1.21.1-93-NEOFORGE.jar" [locator: {mods folder locator at /workspaces/oldestonev1/servidor_minecraft/mods}, reader: mod manifest]
[24May2026 22:27:47.188] [main/INFO] [net.neoforged.fml.loading.moddiscovery.ModDiscoverer/SCAN]: Found mod file "Placebo-1.21.1-9.9.1.jar" [locator: {mods folder locator at /workspaces/oldestonev1/servidor_minecraft/mods}, reader: mod manifest]
[24May2026 22:27:47.194] [main/INFO] [net.neoforged.fml.loading.moddiscovery.ModDiscoverer/SCAN]: Found mod file "player-animation-lib-forge-2.0.4+1.21.1.jar" [locator: {mods folder locator at /workspaces/oldestonev1/servidor_minecraft/mods}, reader: mod manifest]
[24May2026 22:27:47.198] [main/INFO] [net.neoforged.fml.loading.moddiscovery.ModDiscoverer/SCAN]: Found mod file "polymorph-neoforge-1.1.0+1.21.1.jar" [locator: {mods folder locator at /workspaces/oldestonev1/servidor_minecraft/mods}, reader: mod manifest]
[24May2026 22:27:47.201] [main/INFO] [net.neoforged.fml.loading.moddiscovery.ModDiscoverer/SCAN]: Found mod file "polymorphic_occultism-1.21.1-1.0.0.jar" [locator: {mods folder locator at /workspaces/oldestonev1/servidor_minecraft/mods}, reader: mod manifest]
[24May2026 22:27:47.212] [main/INFO] [net.neoforged.fml.loading.moddiscovery.ModDiscoverer/SCAN]: Found mod file "puffish_skills-0.17.3-1.21-neoforge.jar" [locator: {mods folder locator at /workspaces/oldestonev1/servidor_minecraft/mods}, reader: mod manifest]
[24May2026 22:27:47.219] [main/INFO] [net.neoforged.fml.loading.moddiscovery.ModDiscoverer/SCAN]: Found mod file "Quark-4.1-479.jar" [locator: {mods folder locator at /workspaces/oldestonev1/servidor_minecraft/mods}, reader: mod manifest]
[24May2026 22:27:47.221] [main/INFO] [net.neoforged.fml.loading.moddiscovery.ModDiscoverer/SCAN]: Found mod file "raidsenhanced-1.0.2-1.21.1.jar" [locator: {mods folder locator at /workspaces/oldestonev1/servidor_minecraft/mods}, reader: mod manifest]
[24May2026 22:27:47.230] [main/INFO] [net.neoforged.fml.loading.moddiscovery.ModDiscoverer/SCAN]: Found mod file "railways-0.1.0+neoforge-mc1.21.1.jar" [locator: {mods folder locator at /workspaces/oldestonev1/servidor_minecraft/mods}, reader: mod manifest]
[24May2026 22:27:47.232] [main/INFO] [net.neoforged.fml.loading.moddiscovery.ModDiscoverer/SCAN]: Found mod file "ranged_weapon_api-neoforge-2.3.3+1.21.1.jar" [locator: {mods folder locator at /workspaces/oldestonev1/servidor_minecraft/mods}, reader: mod manifest]
[24May2026 22:27:47.234] [main/INFO] [net.neoforged.fml.loading.moddiscovery.ModDiscoverer/SCAN]: Found mod file "rhino-2101.2.7-build.77.jar" [locator: {mods folder locator at /workspaces/oldestonev1/servidor_minecraft/mods}, reader: mod manifest]
[24May2026 22:27:47.235] [main/INFO] [net.neoforged.fml.loading.moddiscovery.ModDiscoverer/SCAN]: Found mod file "rightclickharvest-neoforge-4.6.1+1.21.1.jar" [locator: {mods folder locator at /workspaces/oldestonev1/servidor_minecraft/mods}, reader: mod manifest]
[24May2026 22:27:47.237] [main/INFO] [net.neoforged.fml.loading.moddiscovery.ModDiscoverer/SCAN]: Found mod file "ritchiesprojectilelib-2.1.2-mc.1.21.1-neoforge.jar" [locator: {mods folder locator at /workspaces/oldestonev1/servidor_minecraft/mods}, reader: mod manifest]
[24May2026 22:27:47.239] [main/INFO] [net.neoforged.fml.loading.moddiscovery.ModDiscoverer/SCAN]: Found mod file "sable-neoforge-1.21.1-1.2.2.jar" [locator: {mods folder locator at /workspaces/oldestonev1/servidor_minecraft/mods}, reader: mod manifest]
[24May2026 22:27:47.241] [main/INFO] [net.neoforged.fml.loading.moddiscovery.ModDiscoverer/SCAN]: Found mod file "Searchables-neoforge-1.21.1-1.0.2.jar" [locator: {mods folder locator at /workspaces/oldestonev1/servidor_minecraft/mods}, reader: mod manifest]
[24May2026 22:27:47.242] [main/INFO] [net.neoforged.fml.loading.moddiscovery.ModDiscoverer/SCAN]: Found mod file "SereneSeasons-neoforge-1.21.1-10.1.0.3.jar" [locator: {mods folder locator at /workspaces/oldestonev1/servidor_minecraft/mods}, reader: mod manifest]
[24May2026 22:27:47.244] [main/INFO] [net.neoforged.fml.loading.moddiscovery.ModDiscoverer/SCAN]: Found mod file "skinrestorer-2.7.0+1.21-neoforge.jar" [locator: {mods folder locator at /workspaces/oldestonev1/servidor_minecraft/mods}, reader: mod manifest]
[24May2026 22:27:47.245] [main/INFO] [net.neoforged.fml.loading.moddiscovery.ModDiscoverer/SCAN]: Found mod file "SmartBrainLib-neoforge-1.21.1-1.16.11.jar" [locator: {mods folder locator at /workspaces/oldestonev1/servidor_minecraft/mods}, reader: mod manifest]
[24May2026 22:27:47.247] [main/INFO] [net.neoforged.fml.loading.moddiscovery.ModDiscoverer/SCAN]: Found mod file "sophisticatedbackpacks-1.21.1-3.25.44.1736.jar" [locator: {mods folder locator at /workspaces/oldestonev1/servidor_minecraft/mods}, reader: mod manifest]
[24May2026 22:27:47.249] [main/INFO] [net.neoforged.fml.loading.moddiscovery.ModDiscoverer/SCAN]: Found mod file "sophisticatedcore-1.21.1-1.4.38.1847.jar" [locator: {mods folder locator at /workspaces/oldestonev1/servidor_minecraft/mods}, reader: mod manifest]
[24May2026 22:27:47.251] [main/INFO] [net.neoforged.fml.loading.moddiscovery.ModDiscoverer/SCAN]: Found mod file "sound-physics-remastered-neoforge-1.21.1-1.5.1.jar" [locator: {mods folder locator at /workspaces/oldestonev1/servidor_minecraft/mods}, reader: mod manifest]
[24May2026 22:27:47.253] [main/INFO] [net.neoforged.fml.loading.moddiscovery.ModDiscoverer/SCAN]: Found mod file "spell_engine-neoforge-1.9.9+1.21.1.jar" [locator: {mods folder locator at /workspaces/oldestonev1/servidor_minecraft/mods}, reader: mod manifest]
[24May2026 22:27:47.255] [main/INFO] [net.neoforged.fml.loading.moddiscovery.ModDiscoverer/SCAN]: Found mod file "spell_power-neoforge-1.4.6+1.21.1.jar" [locator: {mods folder locator at /workspaces/oldestonev1/servidor_minecraft/mods}, reader: mod manifest]
[24May2026 22:27:47.260] [main/INFO] [net.neoforged.fml.loading.moddiscovery.ModDiscoverer/SCAN]: Found mod file "supplementaries-neoforge-1.21.1-3.6.4.jar" [locator: {mods folder locator at /workspaces/oldestonev1/servidor_minecraft/mods}, reader: mod manifest]
[24May2026 22:27:47.262] [main/INFO] [net.neoforged.fml.loading.moddiscovery.ModDiscoverer/SCAN]: Found mod file "TerraBlender-neoforge-1.21.1-4.1.0.8.jar" [locator: {mods folder locator at /workspaces/oldestonev1/servidor_minecraft/mods}, reader: mod manifest]
[24May2026 22:27:47.265] [main/INFO] [net.neoforged.fml.loading.moddiscovery.ModDiscoverer/SCAN]: Found mod file "Terralith_1.21.x_v2.5.8.jar" [locator: {mods folder locator at /workspaces/oldestonev1/servidor_minecraft/mods}, reader: mod manifest]
[24May2026 22:27:47.266] [main/INFO] [net.neoforged.fml.loading.moddiscovery.ModDiscoverer/SCAN]: Found mod file "trashslot-neoforge-1.21.1-21.1.10.jar" [locator: {mods folder locator at /workspaces/oldestonev1/servidor_minecraft/mods}, reader: mod manifest]
[24May2026 22:27:47.270] [main/INFO] [net.neoforged.fml.loading.moddiscovery.ModDiscoverer/SCAN]: Found mod file "TreeChop-1.21.1-neoforge-0.19.3.jar" [locator: {mods folder locator at /workspaces/oldestonev1/servidor_minecraft/mods}, reader: mod manifest]
[24May2026 22:27:47.272] [main/INFO] [net.neoforged.fml.loading.moddiscovery.ModDiscoverer/SCAN]: Found mod file "twilightdelight-3.2.1.jar" [locator: {mods folder locator at /workspaces/oldestonev1/servidor_minecraft/mods}, reader: mod manifest]
[24May2026 22:27:47.282] [main/INFO] [net.neoforged.fml.loading.moddiscovery.ModDiscoverer/SCAN]: Found mod file "twilightforest-1.21.1-4.8.3345-universal.jar" [locator: {mods folder locator at /workspaces/oldestonev1/servidor_minecraft/mods}, reader: mod manifest]
[24May2026 22:27:47.285] [main/INFO] [net.neoforged.fml.loading.moddiscovery.ModDiscoverer/SCAN]: Found mod file "voicechat-neoforge-1.21.1-2.6.17.jar" [locator: {mods folder locator at /workspaces/oldestonev1/servidor_minecraft/mods}, reader: mod manifest]
[24May2026 22:27:47.288] [main/INFO] [net.neoforged.fml.loading.moddiscovery.ModDiscoverer/SCAN]: Found mod file "watut-neoforge-1.21.0-1.2.7.jar" [locator: {mods folder locator at /workspaces/oldestonev1/servidor_minecraft/mods}, reader: mod manifest]
[24May2026 22:27:47.292] [main/INFO] [net.neoforged.fml.loading.moddiscovery.ModDiscoverer/SCAN]: Found mod file "waystones-neoforge-1.21.1-21.1.32.jar" [locator: {mods folder locator at /workspaces/oldestonev1/servidor_minecraft/mods}, reader: mod manifest]
[24May2026 22:27:47.295] [main/INFO] [net.neoforged.fml.loading.moddiscovery.ModDiscoverer/SCAN]: Found mod file "xaerominimap-neoforge-1.21.1-25.3.13.jar" [locator: {mods folder locator at /workspaces/oldestonev1/servidor_minecraft/mods}, reader: mod manifest]
[24May2026 22:27:47.297] [main/INFO] [net.neoforged.fml.loading.moddiscovery.ModDiscoverer/SCAN]: Found mod file "ycurrenci-2.1.0-neoforge-1.21.1.jar" [locator: {mods folder locator at /workspaces/oldestonev1/servidor_minecraft/mods}, reader: mod manifest]
[24May2026 22:27:47.299] [main/INFO] [net.neoforged.fml.loading.moddiscovery.ModDiscoverer/SCAN]: Found mod file "Zeta-1.1-40.jar" [locator: {mods folder locator at /workspaces/oldestonev1/servidor_minecraft/mods}, reader: mod manifest]
[24May2026 22:27:48.368] [main/WARN] [net.neoforged.jarjar.selection.JarSelector/]: Attempted to select a dependency jar for JarJar which was passed in as source: accessories. Using Mod File: /workspaces/oldestonev1/servidor_minecraft/mods/accessories-neoforge-1.1.0-beta.53+1.21.1.jar
[24May2026 22:27:48.369] [main/INFO] [net.neoforged.fml.loading.moddiscovery.locators.JarInJarDependencyLocator/]: Found 93 dependencies adding them to mods collection
[24May2026 22:27:48.369] [main/INFO] [net.neoforged.fml.loading.moddiscovery.ModDiscoverer/SCAN]: Found mod file "fabric-transfer-api-v1-5.4.3+a25cb45619.jar" [parent: forgified-fabric-api-0.116.7+2.2.4+1.21.1.jar, locator: jarinjar, reader: mod manifest]
[24May2026 22:27:48.369] [main/INFO] [net.neoforged.fml.loading.moddiscovery.ModDiscoverer/SCAN]: Found mod file "kuma-api-neoforge-21.0.7+1.21.jar" [parent: balm-neoforge-1.21.1-21.0.56.jar, locator: jarinjar, reader: mod manifest]
[24May2026 22:27:48.369] [main/INFO] [net.neoforged.fml.loading.moddiscovery.ModDiscoverer/SCAN]: Found mod file "fabric-renderer-api-v1-3.4.1+9125b6dc19.jar" [parent: forgified-fabric-api-0.116.7+2.2.4+1.21.1.jar, locator: jarinjar, reader: mod manifest]
[24May2026 22:27:48.369] [main/INFO] [net.neoforged.fml.loading.moddiscovery.ModDiscoverer/SCAN]: Found library file "commonmark-ext-gfm-strikethrough-0.27.1.jar" [parent: modonomicon-1.21.1-neoforge-1.120.1.jar, locator: jarinjar]
[24May2026 22:27:48.369] [main/INFO] [net.neoforged.fml.loading.moddiscovery.ModDiscoverer/SCAN]: Found gamelibrary file "l2serial-3.0.9.jar" [parent: twilightdelight-3.2.1.jar, locator: jarinjar, reader: mod manifest]
[24May2026 22:27:48.369] [main/INFO] [net.neoforged.fml.loading.moddiscovery.ModDiscoverer/SCAN]: Found library file "glsl-processor-0.2.3.jar" [parent: veil-neoforge-1.21.1-4.0.0.jar, locator: jarinjar]
[24May2026 22:27:48.369] [main/INFO] [net.neoforged.fml.loading.moddiscovery.ModDiscoverer/SCAN]: Found library file "jankson-0.1.5.1.jar" [parent: owo-lib-neoforge-0.12.15.5-beta.1+1.21.jar, locator: jarinjar]
[24May2026 22:27:48.369] [main/INFO] [net.neoforged.fml.loading.moddiscovery.ModDiscoverer/SCAN]: Found mod file "ponder-neoforge-1.0.82+mc1.21.1.jar" [parent: create-1.21.1-6.0.10.jar, locator: jarinjar, reader: mod manifest]
[24May2026 22:27:48.370] [main/INFO] [net.neoforged.fml.loading.moddiscovery.ModDiscoverer/SCAN]: Found library file "net.neoforged.neoforge-coremods-21.1.230.jar" [parent: neoforge-21.1.230-universal.jar, locator: jarinjar, reader: mod manifest]
[24May2026 22:27:48.370] [main/INFO] [net.neoforged.fml.loading.moddiscovery.ModDiscoverer/SCAN]: Found mod file "fabric-item-api-v1-11.2.0+0c57911319.jar" [parent: forgified-fabric-api-0.116.7+2.2.4+1.21.1.jar, locator: jarinjar, reader: mod manifest]
[24May2026 22:27:48.370] [main/INFO] [net.neoforged.fml.loading.moddiscovery.ModDiscoverer/SCAN]: Found mod file "fabric-model-loading-api-v1-2.1.0+6e8f52c719.jar" [parent: forgified-fabric-api-0.116.7+2.2.4+1.21.1.jar, locator: jarinjar, reader: mod manifest]
[24May2026 22:27:48.370] [main/INFO] [net.neoforged.fml.loading.moddiscovery.ModDiscoverer/SCAN]: Found mod file "fabric-rendering-fluids-v1-3.1.6+a51883b219.jar" [parent: forgified-fabric-api-0.116.7+2.2.4+1.21.1.jar, locator: jarinjar, reader: mod manifest]
[24May2026 22:27:48.370] [main/INFO] [net.neoforged.fml.loading.moddiscovery.ModDiscoverer/SCAN]: Found mod file "xaerolib-neoforge-1.21.1-1.1.15.jar" [parent: xaerominimap-neoforge-1.21.1-25.3.13.jar, locator: jarinjar, reader: mod manifest]
[24May2026 22:27:48.370] [main/INFO] [net.neoforged.fml.loading.moddiscovery.ModDiscoverer/SCAN]: Found mod file "dev.eriksonn.aeronautics.aeronautics-neoforge-1.21.1-1.2.1.jar" [parent: create-aeronautics-bundled-1.21.1-1.2.1.jar, locator: jarinjar, reader: mod manifest]
[24May2026 22:27:48.370] [main/INFO] [net.neoforged.fml.loading.moddiscovery.ModDiscoverer/SCAN]: Found mod file "fabric-screen-handler-api-v1-1.3.90+8dbc56dd19.jar" [parent: forgified-fabric-api-0.116.7+2.2.4+1.21.1.jar, locator: jarinjar, reader: mod manifest]
[24May2026 22:27:48.370] [main/INFO] [net.neoforged.fml.loading.moddiscovery.ModDiscoverer/SCAN]: Found library file "MixinSquared-0.3.3.jar" [parent: mixinsquared-forge-0.3.3.jar, locator: jarinjar]
[24May2026 22:27:48.370] [main/INFO] [net.neoforged.fml.loading.moddiscovery.ModDiscoverer/SCAN]: Found mod file "fabric-resource-loader-v0-1.3.1+4ea8954419.jar" [parent: forgified-fabric-api-0.116.7+2.2.4+1.21.1.jar, locator: jarinjar, reader: mod manifest]
[24May2026 22:27:48.370] [main/INFO] [net.neoforged.fml.loading.moddiscovery.ModDiscoverer/SCAN]: Found mod file "fabric-rendering-v1-5.1.0+1a09bd5a19.jar" [parent: forgified-fabric-api-0.116.7+2.2.4+1.21.1.jar, locator: jarinjar, reader: mod manifest]
[24May2026 22:27:48.370] [main/INFO] [net.neoforged.fml.loading.moddiscovery.ModDiscoverer/SCAN]: Found mod file "fabric-renderer-indigo-1.7.1+9125b6dc19.jar" [parent: forgified-fabric-api-0.116.7+2.2.4+1.21.1.jar, locator: jarinjar, reader: mod manifest]
[24May2026 22:27:48.371] [main/INFO] [net.neoforged.fml.loading.moddiscovery.ModDiscoverer/SCAN]: Found library file "netty-0.1.4.1.jar" [parent: owo-lib-neoforge-0.12.15.5-beta.1+1.21.jar, locator: jarinjar]
[24May2026 22:27:48.371] [main/INFO] [net.neoforged.fml.loading.moddiscovery.ModDiscoverer/SCAN]: Found mod file "fabric-convention-tags-v1-2.1.5+7f945d5b19.jar" [parent: forgified-fabric-api-0.116.7+2.2.4+1.21.1.jar, locator: jarinjar, reader: mod manifest]
[24May2026 22:27:48.371] [main/INFO] [net.neoforged.fml.loading.moddiscovery.ModDiscoverer/SCAN]: Found library file "endec-0.1.8.1.jar" [parent: owo-lib-neoforge-0.12.15.5-beta.1+1.21.jar, locator: jarinjar]
[24May2026 22:27:48.371] [main/INFO] [net.neoforged.fml.loading.moddiscovery.ModDiscoverer/SCAN]: Found library file "kotlinx-coroutines-core-jvm-1.10.2.jar" [parent: kotlinforforge-5.11.0-all.jar, locator: jarinjar]
[24May2026 22:27:48.371] [main/INFO] [net.neoforged.fml.loading.moddiscovery.ModDiscoverer/SCAN]: Found mod file "fabric-block-view-api-v2-1.0.11+e9036fd419.jar" [parent: forgified-fabric-api-0.116.7+2.2.4+1.21.1.jar, locator: jarinjar, reader: mod manifest]
[24May2026 22:27:48.371] [main/INFO] [net.neoforged.fml.loading.moddiscovery.ModDiscoverer/SCAN]: Found mod file "fabric-command-api-v2-2.2.28+36d727be19.jar" [parent: forgified-fabric-api-0.116.7+2.2.4+1.21.1.jar, locator: jarinjar, reader: mod manifest]
[24May2026 22:27:48.371] [main/INFO] [net.neoforged.fml.loading.moddiscovery.ModDiscoverer/SCAN]: Found mod file "fabric-convention-tags-v2-2.11.1+87e5848019.jar" [parent: forgified-fabric-api-0.116.7+2.2.4+1.21.1.jar, locator: jarinjar, reader: mod manifest]
[24May2026 22:27:48.371] [main/INFO] [net.neoforged.fml.loading.moddiscovery.ModDiscoverer/SCAN]: Found mod file "fabric-data-attachment-api-v1-1.4.5+26d408aa19.jar" [parent: forgified-fabric-api-0.116.7+2.2.4+1.21.1.jar, locator: jarinjar, reader: mod manifest]
[24May2026 22:27:48.371] [main/INFO] [net.neoforged.fml.loading.moddiscovery.ModDiscoverer/SCAN]: Found mod file "tiny-config-3.1.0-neoforge.jar" [parent: bettercombat-neoforge-2.3.2+1.21.1.jar, locator: jarinjar, reader: mod manifest]
[24May2026 22:27:48.371] [main/INFO] [net.neoforged.fml.loading.moddiscovery.ModDiscoverer/SCAN]: Found mod file "veil-neoforge-1.21.1-4.0.0.jar" [parent: sable-neoforge-1.21.1-1.2.2.jar, locator: jarinjar, reader: mod manifest]
[24May2026 22:27:48.372] [main/INFO] [net.neoforged.fml.loading.moddiscovery.ModDiscoverer/SCAN]: Found mod file "biolith-neoforge-3.0.10.jar" [parent: Quark-4.1-479.jar, locator: jarinjar, reader: mod manifest]
[24May2026 22:27:48.372] [main/INFO] [net.neoforged.fml.loading.moddiscovery.ModDiscoverer/SCAN]: Found library file "kotlinx-coroutines-jdk8-1.10.2.jar" [parent: kotlinforforge-5.11.0-all.jar, locator: jarinjar]
[24May2026 22:27:48.372] [main/INFO] [net.neoforged.fml.loading.moddiscovery.ModDiscoverer/SCAN]: Found mod file "dev.simulated_team.simulated.simulated-neoforge-1.21.1-1.2.1.jar" [parent: create-aeronautics-bundled-1.21.1-1.2.1.jar, locator: jarinjar, reader: mod manifest]
[24May2026 22:27:48.372] [main/INFO] [net.neoforged.fml.loading.moddiscovery.ModDiscoverer/SCAN]: Found library file "kotlin-stdlib-jdk7-2.3.0.jar" [parent: kotlinforforge-5.11.0-all.jar, locator: jarinjar]
[24May2026 22:27:48.372] [main/INFO] [net.neoforged.fml.loading.moddiscovery.ModDiscoverer/SCAN]: Found library file "kotlin-stdlib-jdk8-2.3.0.jar" [parent: kotlinforforge-5.11.0-all.jar, locator: jarinjar]
[24May2026 22:27:48.372] [main/INFO] [net.neoforged.fml.loading.moddiscovery.ModDiscoverer/SCAN]: Found mod file "fabric-screen-api-v1-2.0.25+0ae1214819.jar" [parent: forgified-fabric-api-0.116.7+2.2.4+1.21.1.jar, locator: jarinjar, reader: mod manifest]
[24May2026 22:27:48.372] [main/INFO] [net.neoforged.fml.loading.moddiscovery.ModDiscoverer/SCAN]: Found library file "molang-compiler-3.1.1.19.jar" [parent: veil-neoforge-1.21.1-4.0.0.jar, locator: jarinjar]
[24May2026 22:27:48.372] [main/INFO] [net.neoforged.fml.loading.moddiscovery.ModDiscoverer/SCAN]: Found mod file "PlayerAnimationLibNeo-1.1.3+mc.1.21.1.jar" [parent: lotmcraft-1.11.2.jar, locator: jarinjar, reader: mod manifest]
[24May2026 22:27:48.372] [main/INFO] [net.neoforged.fml.loading.moddiscovery.ModDiscoverer/SCAN]: Found mod file "fabric-particles-v1-4.0.2+824f924c19.jar" [parent: forgified-fabric-api-0.116.7+2.2.4+1.21.1.jar, locator: jarinjar, reader: mod manifest]
[24May2026 22:27:48.373] [main/INFO] [net.neoforged.fml.loading.moddiscovery.ModDiscoverer/SCAN]: Found library file "forgified-fabric-loader-2.5.68+0.18.4+1.21.1-full.jar" [parent: forgified-fabric-api-0.116.7+2.2.4+1.21.1.jar, locator: jarinjar, reader: mod manifest]
[24May2026 22:27:48.373] [main/INFO] [net.neoforged.fml.loading.moddiscovery.ModDiscoverer/SCAN]: Found mod file "fabric-content-registries-v0-8.0.19+5e0d320019.jar" [parent: forgified-fabric-api-0.116.7+2.2.4+1.21.1.jar, locator: jarinjar, reader: mod manifest]
[24May2026 22:27:48.373] [main/INFO] [net.neoforged.fml.loading.moddiscovery.ModDiscoverer/SCAN]: Found library file "kotlinx-serialization-json-jvm-1.9.0.jar" [parent: kotlinforforge-5.11.0-all.jar, locator: jarinjar]
[24May2026 22:27:48.373] [main/INFO] [net.neoforged.fml.loading.moddiscovery.ModDiscoverer/SCAN]: Found gamelibrary file "l2modularblocks-3.0.0.jar" [parent: twilightdelight-3.2.1.jar, locator: jarinjar, reader: mod manifest]
[24May2026 22:27:48.373] [main/INFO] [net.neoforged.fml.loading.moddiscovery.ModDiscoverer/SCAN]: Found mod file "fabric-transitive-access-wideners-v1-6.2.0+6c854b6f19.jar" [parent: forgified-fabric-api-0.116.7+2.2.4+1.21.1.jar, locator: jarinjar, reader: mod manifest]
[24May2026 22:27:48.373] [main/INFO] [net.neoforged.fml.loading.moddiscovery.ModDiscoverer/SCAN]: Found mod file "dev.ryanhcode.offroad.offroad-neoforge-1.21.1-1.2.1.jar" [parent: create-aeronautics-bundled-1.21.1-1.2.1.jar, locator: jarinjar, reader: mod manifest]
[24May2026 22:27:48.373] [main/INFO] [net.neoforged.fml.loading.moddiscovery.ModDiscoverer/SCAN]: Found library file "snakeyaml-2.2.jar" [parent: OctoLib-NEOFORGE-0.6.2+1.21.jar, locator: jarinjar]
[24May2026 22:27:48.373] [main/INFO] [net.neoforged.fml.loading.moddiscovery.ModDiscoverer/SCAN]: Found library file "jankson-1.2.3.jar" [parent: jamlib-neoforge-1.3.6+1.21.1.jar, locator: jarinjar]
[24May2026 22:27:48.373] [main/INFO] [net.neoforged.fml.loading.moddiscovery.ModDiscoverer/SCAN]: Found gamelibrary file "mixinextras-neoforge-0.5.3.jar" [parent: neoforge-21.1.230-universal.jar, locator: jarinjar, reader: mod manifest]
[24May2026 22:27:48.373] [main/INFO] [net.neoforged.fml.loading.moddiscovery.ModDiscoverer/SCAN]: Found mod file "fabric-game-rule-api-v1-1.0.53+36d727be19.jar" [parent: forgified-fabric-api-0.116.7+2.2.4+1.21.1.jar, locator: jarinjar, reader: mod manifest]
[24May2026 22:27:48.373] [main/INFO] [net.neoforged.fml.loading.moddiscovery.ModDiscoverer/SCAN]: Found library file "gson-0.1.5.1.jar" [parent: owo-lib-neoforge-0.12.15.5-beta.1+1.21.jar, locator: jarinjar]
[24May2026 22:27:48.373] [main/INFO] [net.neoforged.fml.loading.moddiscovery.ModDiscoverer/SCAN]: Found mod file "fabric-api-base-0.4.42+d1308dedd1.jar" [parent: owo-lib-neoforge-0.12.15.5-beta.1+1.21.jar, locator: jarinjar, reader: mod manifest]
[24May2026 22:27:48.373] [main/INFO] [net.neoforged.fml.loading.moddiscovery.ModDiscoverer/SCAN]: Found mod file "fabric-api-lookup-api-v1-1.6.71+c290471319.jar" [parent: forgified-fabric-api-0.116.7+2.2.4+1.21.1.jar, locator: jarinjar, reader: mod manifest]
[24May2026 22:27:48.374] [main/INFO] [net.neoforged.fml.loading.moddiscovery.ModDiscoverer/SCAN]: Found mod file "fabric-blockrenderlayer-v1-1.1.52+c290471319.jar" [parent: forgified-fabric-api-0.116.7+2.2.4+1.21.1.jar, locator: jarinjar, reader: mod manifest]
[24May2026 22:27:48.374] [main/INFO] [net.neoforged.fml.loading.moddiscovery.ModDiscoverer/SCAN]: Found library file "commonmark-ext-ins-0.27.1.jar" [parent: modonomicon-1.21.1-neoforge-1.120.1.jar, locator: jarinjar]
[24May2026 22:27:48.374] [main/INFO] [net.neoforged.fml.loading.moddiscovery.ModDiscoverer/SCAN]: Found library file "thedarkcolour.kfflang-5.11.0.jar" [parent: kotlinforforge-5.11.0-all.jar, locator: jarinjar, reader: mod manifest]
[24May2026 22:27:48.374] [main/INFO] [net.neoforged.fml.loading.moddiscovery.ModDiscoverer/SCAN]: Found mod file "fabric-block-api-v1-1.1.0+b0c22bb819.jar" [parent: forgified-fabric-api-0.116.7+2.2.4+1.21.1.jar, locator: jarinjar, reader: mod manifest]
[24May2026 22:27:48.374] [main/INFO] [net.neoforged.fml.loading.moddiscovery.ModDiscoverer/SCAN]: Found mod file "spectrelib-neoforge-0.17.2+1.21.jar" [parent: comforts-neoforge-9.0.5+1.21.1.jar, locator: jarinjar, reader: mod manifest]
[24May2026 22:27:48.374] [main/INFO] [net.neoforged.fml.loading.moddiscovery.ModDiscoverer/SCAN]: Found mod file "fabric-resource-conditions-api-v1-4.3.0+5bdd099819.jar" [parent: forgified-fabric-api-0.116.7+2.2.4+1.21.1.jar, locator: jarinjar, reader: mod manifest]
[24May2026 22:27:48.374] [main/INFO] [net.neoforged.fml.loading.moddiscovery.ModDiscoverer/SCAN]: Found gamelibrary file "thedarkcolour.kfflib-5.11.0.jar" [parent: kotlinforforge-5.11.0-all.jar, locator: jarinjar, reader: mod manifest]
[24May2026 22:27:48.374] [main/INFO] [net.neoforged.fml.loading.moddiscovery.ModDiscoverer/SCAN]: Found library file "java-client-3.2.1-SNAPSHOT.jar" [parent: skinrestorer-2.7.0+1.21-neoforge.jar, locator: jarinjar]
[24May2026 22:27:48.374] [main/INFO] [net.neoforged.fml.loading.moddiscovery.ModDiscoverer/SCAN]: Found mod file "thedarkcolour.kffmod-5.11.0.jar" [parent: kotlinforforge-5.11.0-all.jar, locator: jarinjar, reader: mod manifest]
[24May2026 22:27:48.375] [main/INFO] [net.neoforged.fml.loading.moddiscovery.ModDiscoverer/SCAN]: Found library file "kotlin-reflect-2.3.0.jar" [parent: kotlinforforge-5.11.0-all.jar, locator: jarinjar]
[24May2026 22:27:48.375] [main/INFO] [net.neoforged.fml.loading.moddiscovery.ModDiscoverer/SCAN]: Found library file "kotlin-stdlib-2.3.0.jar" [parent: kotlinforforge-5.11.0-all.jar, locator: jarinjar]
[24May2026 22:27:48.375] [main/INFO] [net.neoforged.fml.loading.moddiscovery.ModDiscoverer/SCAN]: Found mod file "sable-companion-common-1.21.1-1.6.0.jar" [parent: sable-neoforge-1.21.1-1.2.2.jar, locator: jarinjar, reader: mod manifest]
[24May2026 22:27:48.375] [main/INFO] [net.neoforged.fml.loading.moddiscovery.ModDiscoverer/SCAN]: Found mod file "flywheel-neoforge-1.21.1-1.0.6.jar" [parent: create-1.21.1-6.0.10.jar, locator: jarinjar, reader: mod manifest]
[24May2026 22:27:48.375] [main/INFO] [net.neoforged.fml.loading.moddiscovery.ModDiscoverer/SCAN]: Found mod file "fabric-item-group-api-v1-4.1.7+e324903319.jar" [parent: forgified-fabric-api-0.116.7+2.2.4+1.21.1.jar, locator: jarinjar, reader: mod manifest]
[24May2026 22:27:48.375] [main/INFO] [net.neoforged.fml.loading.moddiscovery.ModDiscoverer/SCAN]: Found mod file "fabric-gametest-api-v1-2.0.5+29f188ce19.jar" [parent: forgified-fabric-api-0.116.7+2.2.4+1.21.1.jar, locator: jarinjar, reader: mod manifest]
[24May2026 22:27:48.375] [main/INFO] [net.neoforged.fml.loading.moddiscovery.ModDiscoverer/SCAN]: Found mod file "l2core-3.0.8+16.jar" [parent: twilightdelight-3.2.1.jar, locator: jarinjar, reader: mod manifest]
[24May2026 22:27:48.375] [main/INFO] [net.neoforged.fml.loading.moddiscovery.ModDiscoverer/SCAN]: Found mod file "fabric-biome-api-v1-13.0.31+1e62d33c19.jar" [parent: forgified-fabric-api-0.116.7+2.2.4+1.21.1.jar, locator: jarinjar, reader: mod manifest]
[24May2026 22:27:48.375] [main/INFO] [net.neoforged.fml.loading.moddiscovery.ModDiscoverer/SCAN]: Found mod file "fabric-entity-events-v1-1.8.0+5ede667619.jar" [parent: forgified-fabric-api-0.116.7+2.2.4+1.21.1.jar, locator: jarinjar, reader: mod manifest]
[24May2026 22:27:48.375] [main/INFO] [net.neoforged.fml.loading.moddiscovery.ModDiscoverer/SCAN]: Found library file "javassist-3.30.2-GA.jar" [parent: PlayerAnimationLibNeo-1.1.3+mc.1.21.1.jar, locator: jarinjar]
[24May2026 22:27:48.376] [main/INFO] [net.neoforged.fml.loading.moddiscovery.ModDiscoverer/SCAN]: Found mod file "fabric-registry-sync-v0-5.3.1+f9aace1619.jar" [parent: forgified-fabric-api-0.116.7+2.2.4+1.21.1.jar, locator: jarinjar, reader: mod manifest]
[24May2026 22:27:48.376] [main/INFO] [net.neoforged.fml.loading.moddiscovery.ModDiscoverer/SCAN]: Found mod file "cumulus_menus-1.21.1-2.0.7-neoforge.jar" [parent: aether-1.21.1-1.5.10-neoforge.jar, locator: jarinjar, reader: mod manifest]
[24May2026 22:27:48.376] [main/INFO] [net.neoforged.fml.loading.moddiscovery.ModDiscoverer/SCAN]: Found library file "commonmark-0.27.1.jar" [parent: modonomicon-1.21.1-neoforge-1.120.1.jar, locator: jarinjar]
[24May2026 22:27:48.376] [main/INFO] [net.neoforged.fml.loading.moddiscovery.ModDiscoverer/SCAN]: Found library file "s.tf-asm-4.8.3345.jar" [parent: twilightforest-1.21.1-4.8.3345-universal.jar, locator: jarinjar, reader: mod manifest]
[24May2026 22:27:48.377] [main/INFO] [net.neoforged.fml.loading.moddiscovery.ModDiscoverer/SCAN]: Found mod file "fabric-recipe-api-v1-5.0.15+59440bcc19.jar" [parent: forgified-fabric-api-0.116.7+2.2.4+1.21.1.jar, locator: jarinjar, reader: mod manifest]
[24May2026 22:27:48.377] [main/INFO] [net.neoforged.fml.loading.moddiscovery.ModDiscoverer/SCAN]: Found mod file "fabric-object-builder-api-v1-15.2.1+cc242efd19.jar" [parent: forgified-fabric-api-0.116.7+2.2.4+1.21.1.jar, locator: jarinjar, reader: mod manifest]
[24May2026 22:27:48.377] [main/INFO] [net.neoforged.fml.loading.moddiscovery.ModDiscoverer/SCAN]: Found gamelibrary file "mixinsquared-forge-0.3.3.jar" [parent: supplementaries-neoforge-1.21.1-3.6.4.jar, locator: jarinjar, reader: mod manifest]
[24May2026 22:27:48.377] [main/INFO] [net.neoforged.fml.loading.moddiscovery.ModDiscoverer/SCAN]: Found mod file "fabric-loot-api-v2-3.0.15+a3ee712d19.jar" [parent: forgified-fabric-api-0.116.7+2.2.4+1.21.1.jar, locator: jarinjar, reader: mod manifest]
[24May2026 22:27:48.377] [main/INFO] [net.neoforged.fml.loading.moddiscovery.ModDiscoverer/SCAN]: Found mod file "fabric-loot-api-v3-1.0.3+333dfad919.jar" [parent: forgified-fabric-api-0.116.7+2.2.4+1.21.1.jar, locator: jarinjar, reader: mod manifest]
[24May2026 22:27:48.377] [main/INFO] [net.neoforged.fml.loading.moddiscovery.ModDiscoverer/SCAN]: Found mod file "fabric-rendering-data-attachment-v1-0.3.49+73761d2e19.jar" [parent: forgified-fabric-api-0.116.7+2.2.4+1.21.1.jar, locator: jarinjar, reader: mod manifest]
[24May2026 22:27:48.377] [main/INFO] [net.neoforged.fml.loading.moddiscovery.ModDiscoverer/SCAN]: Found mod file "nitrogen_internals-1.21.1-1.1.25-neoforge.jar" [parent: aether-1.21.1-1.5.10-neoforge.jar, locator: jarinjar, reader: mod manifest]
[24May2026 22:27:48.377] [main/INFO] [net.neoforged.fml.loading.moddiscovery.ModDiscoverer/SCAN]: Found library file "kotlinx-serialization-core-jvm-1.9.0.jar" [parent: kotlinforforge-5.11.0-all.jar, locator: jarinjar]
[24May2026 22:27:48.377] [main/INFO] [net.neoforged.fml.loading.moddiscovery.ModDiscoverer/SCAN]: Found mod file "fabric-networking-api-v1-4.3.0+30a980d919.jar" [parent: forgified-fabric-api-0.116.7+2.2.4+1.21.1.jar, locator: jarinjar, reader: mod manifest]
[24May2026 22:27:48.378] [main/INFO] [net.neoforged.fml.loading.moddiscovery.ModDiscoverer/SCAN]: Found gamelibrary file "mochafloats-4.1.0.jar" [parent: PlayerAnimationLibNeo-1.1.3+mc.1.21.1.jar, locator: jarinjar, reader: mod manifest]
[24May2026 22:27:48.378] [main/INFO] [net.neoforged.fml.loading.moddiscovery.ModDiscoverer/SCAN]: Found gamelibrary file "Registrate-MC1.21-1.3.0+67.jar" [parent: twilightdelight-3.2.1.jar, locator: jarinjar, reader: mod manifest]
[24May2026 22:27:48.378] [main/INFO] [net.neoforged.fml.loading.moddiscovery.ModDiscoverer/SCAN]: Found mod file "fabric-sound-api-v1-1.0.23+10b84f8419.jar" [parent: forgified-fabric-api-0.116.7+2.2.4+1.21.1.jar, locator: jarinjar, reader: mod manifest]
[24May2026 22:27:48.378] [main/INFO] [net.neoforged.fml.loading.moddiscovery.ModDiscoverer/SCAN]: Found mod file "fabric-message-api-v1-6.0.14+6a754fce19.jar" [parent: forgified-fabric-api-0.116.7+2.2.4+1.21.1.jar, locator: jarinjar, reader: mod manifest]
[24May2026 22:27:48.378] [main/INFO] [net.neoforged.fml.loading.moddiscovery.ModDiscoverer/SCAN]: Found mod file "fabric-lifecycle-events-v1-2.6.0+e40d8add19.jar" [parent: forgified-fabric-api-0.116.7+2.2.4+1.21.1.jar, locator: jarinjar, reader: mod manifest]
[24May2026 22:27:48.378] [main/INFO] [net.neoforged.fml.loading.moddiscovery.ModDiscoverer/SCAN]: Found mod file "fabric-data-generation-api-v1-20.2.34+a4c3605619.jar" [parent: forgified-fabric-api-0.116.7+2.2.4+1.21.1.jar, locator: jarinjar, reader: mod manifest]
[24May2026 22:27:48.378] [main/INFO] [net.neoforged.fml.loading.moddiscovery.ModDiscoverer/SCAN]: Found mod file "fabric-events-interaction-v0-0.7.13+86e0887119.jar" [parent: forgified-fabric-api-0.116.7+2.2.4+1.21.1.jar, locator: jarinjar, reader: mod manifest]
[24May2026 22:27:48.378] [main/INFO] [net.neoforged.fml.loading.moddiscovery.ModDiscoverer/SCAN]: Found mod file "percale-neoforge-1.0.0-beta.1.jar" [parent: kambrik-neoforge-8.0.0-beta.2.jar, locator: jarinjar, reader: mod manifest]
[24May2026 22:27:48.378] [main/INFO] [net.neoforged.fml.loading.moddiscovery.ModDiscoverer/SCAN]: Found mod file "fabric-key-binding-api-v1-1.0.47+62cc7ce119.jar" [parent: forgified-fabric-api-0.116.7+2.2.4+1.21.1.jar, locator: jarinjar, reader: mod manifest]
[24May2026 22:27:48.378] [main/INFO] [net.neoforged.fml.loading.moddiscovery.ModDiscoverer/SCAN]: Found mod file "fabric-client-tags-api-v1-1.1.15+e053909619.jar" [parent: forgified-fabric-api-0.116.7+2.2.4+1.21.1.jar, locator: jarinjar, reader: mod manifest]
[24May2026 22:27:48.385] [main/INFO] [net.neoforged.fml.loading.moddiscovery.ModDiscoverer/]: 
     Mod List:
		Name Version (Mod Id)

		Accessories 1.1.0-beta.53+1.21.1 (accessories)
		Aether Villages 1.0.8 (aether_villages)
		AmbientSounds 6.3.8 (ambientsounds)
		Apotheosis 8.5.2 (apotheosis)
		Apothic Attributes 2.9.1 (apothic_attributes)
		Apothic Enchanting 1.5.2 (apothic_enchanting)
		Apothic Spawners 1.3.4 (apothic_spawners)
		Aquaculture 2 2.7.21 (aquaculture)
		Architectury 13.0.8 (architectury)
		Balm 21.0.56 (balm)
		Basic Login 1.0.0.21.1 (basiclogin)
		Better Combat 2.3.2+1.21.1 (bettercombat)
		better create 1.0.0 (better_create)
		Biolith 3.0.10 (biolith)
		Biomes O' Plenty 21.1.0.13 (biomesoplenty)
		Bountiful 8.0.0-beta.2 (bountiful)
		Carry On 2.2.4 (carryon)
		Cataclysm & BetterCombat - Compatibility 1.0.2 (cataclysm_compat)
		cataclysmspells_compat 1.21.1 (cataclysmspells_compat)
		Cloth Config v15 API 15.0.140 (cloth_config)
		Collective 8.22 (collective)
		Comforts 9.0.5+1.21.1 (comforts)
		CorgiLib 5.0.0.9 (corgilib)
		CoroUtil 1.21.0-1.3.9 (coroutil)
		Corpse 1.21.1-1.1.13 (corpse)
		Create 6.0.10 (create)
		Create Aeronautics 1.2.1 (aeronautics_bundled)
		Create Aeronautics 1.2.1 (aeronautics)
		Create Aeronautics: Automated Logistics 0.2.0 (create_aeronautics_automated_logistics)
		Create Big Cannons 5.11.3 (createbigcannons)
		Create O' Plenty 3.0 (createoplenty)
		Create Offroad 1.2.1 (offroad)
		Create Oh The Biomes We ve Gone Compat 0.0NONE (create_sophback_compat)
		Create Simulated 1.2.1 (simulated)
		Create: Copycats+ 3.0.4+mc.1.21.1-neoforge (copycats)
		Create: Creator's Sword 0.2.7a (creatorsword)
		Create: Gunsmithing 1.4.5 (cgs)
		Create: Steam 'n' Rails 1.21.1 0.1.0+neoforge-mc1.21.1 (railways)
		CreateBetterFps 1.1.4 (createbetterfps)
		CreativeCore 2.13.38 (creativecore)
		Cumulus 2.0.7 (cumulus_menus)
		Curios API 9.5.1+1.21.1 (curios)
		Custom NPCs 1.21.1.20251230 (customnpcs)
		DarkDoppelganger 3.3.0-1.21.1 (darkdoppelganger)
		Data Anchor 2.0.0.14 (dataanchor)
		Double Doors 7.2 (doubledoors)
		Enhanced Celestials 6.0.2.5 (enhancedcelestials)
		Explore Ruins Aether 1.0.0 (explore_ruins_aether)
		Explosive Enhancement 1.1.2 (explosiveenhancement)
		Farmer's Delight 1.3.1 (farmersdelight)
		FDLib 1.0.9 (fdlib)
		Flywheel 1.0.6 (flywheel)
		Forgified Fabric API 0.116.7+2.2.4+1.21.1 (fabric_api)
		Forgified Fabric API Base 0.4.42+d1308dedd1 (fabric_api_base)
		Forgified Fabric API Lookup API (v1) 1.6.71+c290471319 (fabric_api_lookup_api_v1)
		Forgified Fabric Biome API (v1) 13.0.31+1e62d33c19 (fabric_biome_api_v1)
		Forgified Fabric Block API (v1) 1.1.0+b0c22bb819 (fabric_block_api_v1)
		Forgified Fabric BlockRenderLayer Registration (v1) 1.1.52+c290471319 (fabric_blockrenderlayer_v1)
		Forgified Fabric BlockView API (v2) 1.0.11+e9036fd419 (fabric_block_view_api_v2)
		Forgified Fabric Client Tags 1.1.15+e053909619 (fabric_client_tags_api_v1)
		Forgified Fabric Command API (v2) 2.2.28+36d727be19 (fabric_command_api_v2)
		Forgified Fabric Content Registries (v0) 8.0.19+5e0d320019 (fabric_content_registries_v0)
		Forgified Fabric Convention Tags 2.1.5+7f945d5b19 (fabric_convention_tags_v1)
		Forgified Fabric Convention Tags (v2) 2.11.1+87e5848019 (fabric_convention_tags_v2)
		Forgified Fabric Data Attachment API (v1) 1.4.5+26d408aa19 (fabric_data_attachment_api_v1)
		Forgified Fabric Data Generation API (v1) 20.2.34+a4c3605619 (fabric_data_generation_api_v1)
		Forgified Fabric Entity Events (v1) 1.8.0+5ede667619 (fabric_entity_events_v1)
		Forgified Fabric Events Interaction (v0) 0.7.13+86e0887119 (fabric_events_interaction_v0)
		Forgified Fabric Game Rule API (v1) 1.0.53+36d727be19 (fabric_game_rule_api_v1)
		Forgified Fabric Game Test API (v1) 2.0.5+29f188ce19 (fabric_gametest_api_v1)
		Forgified Fabric Item API (v1) 11.2.0+0c57911319 (fabric_item_api_v1)
		Forgified Fabric Item Group API (v1) 4.1.7+e324903319 (fabric_item_group_api_v1)
		Forgified Fabric Key Binding API (v1) 1.0.47+62cc7ce119 (fabric_key_binding_api_v1)
		Forgified Fabric Lifecycle Events (v1) 2.6.0+e40d8add19 (fabric_lifecycle_events_v1)
		Forgified Fabric Loot API (v2) 3.0.15+a3ee712d19 (fabric_loot_api_v2)
		Forgified Fabric Loot API (v3) 1.0.3+333dfad919 (fabric_loot_api_v3)
		Forgified Fabric Message API (v1) 6.0.14+6a754fce19 (fabric_message_api_v1)
		Forgified Fabric Model Loading API (v1) 2.1.0+6e8f52c719 (fabric_model_loading_api_v1)
		Forgified Fabric Networking API (v1) 4.3.0+30a980d919 (fabric_networking_api_v1)
		Forgified Fabric Object Builder API (v1) 15.2.1+cc242efd19 (fabric_object_builder_api_v1)
		Forgified Fabric Particles (v1) 4.0.2+824f924c19 (fabric_particles_v1)
		Forgified Fabric Recipe API (v1) 5.0.15+59440bcc19 (fabric_recipe_api_v1)
		Forgified Fabric Registry Sync (v0) 5.3.1+f9aace1619 (fabric_registry_sync_v0)
		Forgified Fabric Renderer - Indigo 1.7.1+9125b6dc19 (fabric_renderer_indigo)
		Forgified Fabric Renderer API (v1) 3.4.1+9125b6dc19 (fabric_renderer_api_v1)
		Forgified Fabric Rendering (v1) 5.1.0+1a09bd5a19 (fabric_rendering_v1)
		Forgified Fabric Rendering Data Attachment (v1) 0.3.49+73761d2e19 (fabric_rendering_data_attachment_v1)
		Forgified Fabric Rendering Fluids (v1) 3.1.6+a51883b219 (fabric_rendering_fluids_v1)
		Forgified Fabric Resource Conditions API (v1) 4.3.0+5bdd099819 (fabric_resource_conditions_api_v1)
		Forgified Fabric Resource Loader (v0) 1.3.1+4ea8954419 (fabric_resource_loader_v0)
		Forgified Fabric Screen API (v1) 2.0.25+0ae1214819 (fabric_screen_api_v1)
		Forgified Fabric Screen Handler API (v1) 1.3.90+8dbc56dd19 (fabric_screen_handler_api_v1)
		Forgified Fabric Sound API (v1) 1.0.23+10b84f8419 (fabric_sound_api_v1)
		Forgified Fabric Transfer API (v1) 5.4.3+a25cb45619 (fabric_transfer_api_v1)
		Forgified Fabric Transitive Access Wideners (v1) 6.2.0+6c854b6f19 (fabric_transitive_access_wideners_v1)
		GameTechBC's Spellbooks 3.0.0-1.21.1 (gametechbcs_spellbooks)
		GeckoLib 4 4.8.4 (geckolib)
		GlitchCore 2.1.0.0 (glitchcore)
		GTBC's SpellLib 1.5.0-1.21.1 (gtbcs_spell_lib)
		HT's TreeChop 0.19.3 (treechop)
		InControl 1.21-10.2.6 (incontrol)
		Iron's Lib 1.21.1-1.0.2 (irons_lib)
		Iron's Spells 'n Spellbooks 1.21.1-3.15.6 (irons_spellbooks)
		JamLib 1.3.6+1.21.1 (jamlib)
		Just Enough Items 19.27.0.336 (jei)
		Kambrik 8.0.0-beta.2 (kambrik)
		Kotlin For Forge 5.11.0 (kotlinforforge)
		KumaAPI 21.0.7 (kuma_api)
		L2Core 3.0.8+16 (l2core)
		L_Ender's Cataclysm 1.21.1 3.27 (cataclysm)
		lionfishapi 2.7 (lionfishapi)
		Lithium 0.15.3+mc1.21.1 (lithium)
		Lootr 1.21.1-1.11.37.120 (lootr)
		LOTMCraft 1.0.0 (lotmcraft)
		MCA: Romantic Expansion 1.0.5 (mcaromanticexpansion)
		Mekanism 10.7.19 (mekanism)
		Mekanism: Generators 10.7.19 (mekanismgenerators)
		Mekanism: Tools 10.7.19 (mekanismtools)
		Minecraft 1.21.1 (minecraft)
		Minecraft Comes Alive 7.7.7+1.21.1 (mca)
		MmmMmmMmmMmm 1.21-2.0.12 (dummmmmmy)
		ModernFix 5.27.7+mc1.21.1 (modernfix)
		Modonomicon 1.120.1 (modonomicon)
		Moonlight Lib 1.21.1-3.0.7 (moonlight)
		Mouse Tweaks 2.26.1 (mousetweaks)
		Mowzie's Mobs 1.8.2 (mowziesmobs)
		Naturalist 1.0.2 (naturalist)
		Nature's Compass 1.21.1-3.4.0-neoforge (naturescompass)
		NeoForge 21.1.230 (neoforge)
		Nitrogen 1.1.25 (nitrogen_internals)
		NukaTeam's Gun Lib 3.1.3 (ntgl)
		Occultism 1.215.0 (occultism)
		Occultism Polymorph Compat 1.0.0 (occultism_polymorph)
		OctoLib 0.6.2 (octolib)
		oωo 0.12.15.5-beta.1+1.21 (owo)
		Patchouli 1.21.1-93-NEOFORGE (patchouli)
		Percale 1.0.0-beta.1 (percale)
		Placebo 9.9.1 (placebo)
		Player Animation Library 1.1.3+mc.1.21.1 (player_animation_library)
		Player Animator 2.0.4+1.21.1 (playeranimator)
		Polymorph 1.1.0+1.21.1 (polymorph)
		Ponder 1.0.82+mc1.21.1 (ponder)
		Pufferfish's Skills 0.17.3 (puffish_skills)
		Quark 4.1-479 (quark)
		Raids: Enhanced 1.0.2 (raidsenhanced)
		RangedWeaponAPI 2.3.3+1.21.1 (ranged_weapon_api)
		Rhino 2101.2.7-build.77 (rhino)
		Right Click Harvest 4.6.1+1.21.1 (rightclickharvest)
		Ritchie's Projectile Library 2.1.2 (ritchiesprojectilelib)
		Sable 1.2.2 (sable)
		Sable Companion 1.6.0 (sablecompanion)
		Searchables 1.0.2 (searchables)
		Serene Seasons 10.1.0.3 (sereneseasons)
		Simple Voice Chat 1.21.1-2.6.17 (voicechat)
		SkinRestorer 2.7.0+1.21-neoforge (skinrestorer)
		SmartBrainLib 1.16.11 (smartbrainlib)
		Sophisticated Backpacks 3.25.44 (sophisticatedbackpacks)
		Sophisticated Core 1.4.38 (sophisticatedcore)
		Sound Physics Remastered 1.21.1-1.5.1 (sound_physics_remastered)
		SpectreLib 0.17.2+1.21 (spectrelib)
		Spell Engine 1.9.9 (spell_engine)
		Spell Power Attribute 1.4.6+1.21.1 (spell_power)
		Supplementaries 1.21.1-3.6.4 (supplementaries)
		TerraBlender 4.1.0.8 (terrablender)
		Terralith 2.5.8 (terralith)
		The Aether 1.5.10 (aether)
		The Twilight Forest 4.8.3345 (twilightforest)
		Tiny Config 3.1.0 (tiny_config)
		TrashSlot 21.1.10 (trashslot)
		Twilight Flavors & Delight 3.2.1 (twilightdelight)
		Veil 4.0.0 (veil)
		Waystones 21.1.32 (waystones)
		What Are They Up To 1.21.0-1.2.7 (watut)
		When Dungeons Arise 2.1.68 (dungeons_arise)
		When Dungeons Arise: Seven Seas 1.0.4 (dungeons_arise_seven_seas)
		Xaero's Minimap 25.3.13 (xaerominimap)
		XaeroLib 1.1.15 (xaerolib)
		Ycurrenci 2.1.0 (ycurrenci)
		Zeta 1.1-40 (zeta)
[24May2026 22:27:49.111] [main/INFO] [net.neoforged.fml.loading.FMLServiceProvider/CORE]: Loading coremod script-engine for [apothic_enchanting, xaerominimap]
[24May2026 22:27:52.322] [main/INFO] [mixin/]: Compatibility level set to JAVA_17
[24May2026 22:27:52.328] [main/INFO] [mixin/]: Compatibility level set to JAVA_21
[24May2026 22:27:52.768] [main/INFO] [net.fabricmc.loader.impl.bootstrap.FabricLoaderBootstrap/]: Propagating FML mod list to Fabric Loader
[24May2026 22:27:52.798] [main/INFO] [cpw.mods.modlauncher.LaunchServiceHandler/MODLAUNCHER]: Launching target 'forgeserver' with arguments [nogui]
[24May2026 22:27:52.823] [main/WARN] [mixin/]: Reference map 'treechop.mixins.refmap.json' for treechop.mixins.json could not be read. If this is a development environment you can ignore this message
[24May2026 22:27:52.824] [main/WARN] [mixin/]: Reference map 'kuma_api.refmap.json' for kuma_api.mixins.json could not be read. If this is a development environment you can ignore this message
[24May2026 22:27:52.830] [main/WARN] [mixin/]: Reference map 'aether.refmap.json' for aether.mixins.json could not be read. If this is a development environment you can ignore this message
[24May2026 22:27:52.831] [main/WARN] [mixin/]: Reference map 'naturalist.refmap.json' for naturalist.mixins.json could not be read. If this is a development environment you can ignore this message
[24May2026 22:27:52.833] [main/WARN] [mixin/]: Reference map 'placebo.refmap.json' for placebo.mixins.json could not be read. If this is a development environment you can ignore this message
[24May2026 22:27:52.886] [main/INFO] [ModernFix/]: Loaded configuration file for ModernFix 5.27.7+mc1.21.1: 88 options available, 0 override(s) found
[24May2026 22:27:52.887] [main/INFO] [ModernFix/]: Applying Nashorn fix
[24May2026 22:27:52.890] [main/WARN] [mixin/]: Reference map 'modernfix.refmap.json' for modernfix-modernfix.mixins.json could not be read. If this is a development environment you can ignore this message
[24May2026 22:27:52.902] [main/WARN] [mixin/]: Reference map 'veil.refmap.json' for veil.command.mixins.json could not be read. If this is a development environment you can ignore this message
[24May2026 22:27:52.903] [main/WARN] [mixin/]: Reference map 'veil.refmap.json' for veil.debug.mixins.json could not be read. If this is a development environment you can ignore this message
[24May2026 22:27:52.904] [main/WARN] [mixin/]: Reference map 'veil.refmap.json' for veil.dynamicbuffer.mixins.json could not be read. If this is a development environment you can ignore this message
[24May2026 22:27:52.904] [main/WARN] [mixin/]: Reference map 'veil.refmap.json' for veil.fix.mixins.json could not be read. If this is a development environment you can ignore this message
[24May2026 22:27:52.904] [main/WARN] [mixin/]: Reference map 'veil.refmap.json' for veil.framebuffer.mixins.json could not be read. If this is a development environment you can ignore this message
[24May2026 22:27:52.905] [main/WARN] [mixin/]: Reference map 'veil.refmap.json' for veil.necromancer.mixins.json could not be read. If this is a development environment you can ignore this message
[24May2026 22:27:52.905] [main/WARN] [mixin/]: Reference map 'veil.refmap.json' for veil.network.mixins.json could not be read. If this is a development environment you can ignore this message
[24May2026 22:27:52.906] [main/WARN] [mixin/]: Reference map 'veil.refmap.json' for veil.performance.mixins.json could not be read. If this is a development environment you can ignore this message
[24May2026 22:27:52.906] [main/WARN] [mixin/]: Reference map 'veil.refmap.json' for veil.perspective.mixins.json could not be read. If this is a development environment you can ignore this message
[24May2026 22:27:52.907] [main/WARN] [mixin/]: Reference map 'veil.refmap.json' for veil.pipeline.mixins.json could not be read. If this is a development environment you can ignore this message
[24May2026 22:27:52.907] [main/WARN] [mixin/]: Reference map 'veil.refmap.json' for veil.quasar.mixins.json could not be read. If this is a development environment you can ignore this message
[24May2026 22:27:52.907] [main/WARN] [mixin/]: Reference map 'veil.refmap.json' for veil.registry.mixins.json could not be read. If this is a development environment you can ignore this message
[24May2026 22:27:52.908] [main/WARN] [mixin/]: Reference map 'veil.refmap.json' for veil.rendertype.mixins.json could not be read. If this is a development environment you can ignore this message
[24May2026 22:27:52.908] [main/WARN] [mixin/]: Reference map 'veil.refmap.json' for veil.resource.mixins.json could not be read. If this is a development environment you can ignore this message
[24May2026 22:27:52.909] [main/WARN] [mixin/]: Reference map 'veil.refmap.json' for veil.scheduler.mixins.json could not be read. If this is a development environment you can ignore this message
[24May2026 22:27:52.909] [main/WARN] [mixin/]: Reference map 'veil.refmap.json' for veil.shader.mixins.json could not be read. If this is a development environment you can ignore this message
[24May2026 22:27:52.910] [main/WARN] [mixin/]: Reference map 'veil.refmap.json' for veil.neoforge.mixins.json could not be read. If this is a development environment you can ignore this message
[24May2026 22:27:52.911] [main/WARN] [mixin/]: Reference map 'kambrik.refmap.json' for kambrik.mixins.json could not be read. If this is a development environment you can ignore this message
[24May2026 22:27:52.912] [main/WARN] [mixin/]: Reference map 'simulated.refmap.json' for simulated.mixins.json could not be read. If this is a development environment you can ignore this message
[24May2026 22:27:52.914] [main/WARN] [mixin/]: Reference map 'balm.refmap.json' for balm.mixins.json could not be read. If this is a development environment you can ignore this message
[24May2026 22:27:52.977] [main/WARN] [mixin/]: Reference map 'carryon.refmap.json' for carryon.mixins.json could not be read. If this is a development environment you can ignore this message
[24May2026 22:27:52.979] [main/WARN] [mixin/]: Reference map 'createbetterfps.refmap.json' for createbetterfps.mixins.json could not be read. If this is a development environment you can ignore this message
[24May2026 22:27:52.980] [main/WARN] [mixin/]: Reference map 'raidsenhanced.refmap.json' for raidsenhanced.mixins.json could not be read. If this is a development environment you can ignore this message
[24May2026 22:27:52.984] [main/WARN] [mixin/]: Reference map 'ambientsounds.mixins.refmap.json' for ambientsounds.mixins.json could not be read. If this is a development environment you can ignore this message
[24May2026 22:27:52.985] [main/WARN] [mixin/]: Reference map 'apothic_attributes.refmap.json' for apothic_attributes.mixins.json could not be read. If this is a development environment you can ignore this message
[24May2026 22:27:52.986] [main/WARN] [mixin/]: Reference map 'lionfishapi.refmap.json' for lionfishapi.mixins.json could not be read. If this is a development environment you can ignore this message
[24May2026 22:27:52.986] [main/WARN] [mixin/]: Reference map 'bountiful.refmap.json' for bountiful.mixins.json could not be read. If this is a development environment you can ignore this message
[24May2026 22:27:52.987] [main/WARN] [mixin/]: Reference map 'cataclysm.refmap.json' for cataclysm.mixins.json could not be read. If this is a development environment you can ignore this message
[24May2026 22:27:52.988] [main/WARN] [mixin/]: Reference map 'curios.refmap.json' for curios.neoforge.mixins.json could not be read. If this is a development environment you can ignore this message
[24May2026 22:27:52.989] [main/WARN] [mixin/]: Reference map 'curios.refmap.json' for curios.mixins.json could not be read. If this is a development environment you can ignore this message
[24May2026 22:27:52.989] [main/WARN] [mixin/]: Reference map 'patchouli.refmap.json' for patchouli_xplat.mixins.json could not be read. If this is a development environment you can ignore this message
[24May2026 22:27:52.991] [main/WARN] [mixin/]: Reference map 'searchables.refmap.json' for searchables.mixins.json could not be read. If this is a development environment you can ignore this message
[24May2026 22:27:52.991] [main/WARN] [mixin/]: Reference map 'searchables.refmap.json' for searchables.neoforge.mixins.json could not be read. If this is a development environment you can ignore this message
[24May2026 22:27:52.994] [main/WARN] [mixin/]: Reference map '' for accessories-common.mixins.json could not be read. If this is a development environment you can ignore this message
[24May2026 22:27:52.998] [main/WARN] [mixin/]: Reference map '' for accessories-forge.mixins.json could not be read. If this is a development environment you can ignore this message
[24May2026 22:27:52.998] [main/WARN] [mixin/]: Reference map 'cumulus_menus.refmap.json' for cumulus_menus.mixins.json could not be read. If this is a development environment you can ignore this message
[24May2026 22:27:52.998] [main/WARN] [mixin/]: Reference map 'cumulus_menus.refmap.json' for cumulus_menus.neoforge.mixins.json could not be read. If this is a development environment you can ignore this message
[24May2026 22:27:53.002] [main/WARN] [mixin/]: Reference map 'nitrogen_internals.refmap.json' for nitrogen_internals.mixins.json could not be read. If this is a development environment you can ignore this message
[24May2026 22:27:53.005] [main/WARN] [mixin/]: Reference map 'mowziesmobs.refmap.json' for mowziesmobs.mixins.json could not be read. If this is a development environment you can ignore this message
[24May2026 22:27:53.006] [main/WARN] [mixin/]: Reference map 'geckolib.refmap.json' for geckolib.mixins.json could not be read. If this is a development environment you can ignore this message
[24May2026 22:27:53.006] [main/WARN] [mixin/]: Reference map 'ntgl.mixin-refmap.json' for ntgl.mixin.json could not be read. If this is a development environment you can ignore this message
[24May2026 22:27:53.007] [main/WARN] [mixin/]: Reference map 'trashslot.refmap.json' for trashslot.mixins.json could not be read. If this is a development environment you can ignore this message
[24May2026 22:27:53.009] [main/WARN] [mixin/]: Reference map 'mca.refmap.json' for mca.mixins.json could not be read. If this is a development environment you can ignore this message
[24May2026 22:27:53.012] [main/WARN] [mixin/]: Reference map 'irons_lib.refmap.json' for irons_lib.mixins.json could not be read. If this is a development environment you can ignore this message
[24May2026 22:27:53.013] [main/WARN] [mixin/]: Reference map 'xaerolib.refmap.json' for xaerolib.mixins.json could not be read. If this is a development environment you can ignore this message
[24May2026 22:27:53.032] [main/INFO] [LithiumConfig/]: Option 'mixin.experimental.entity.block_caching.suffocation' requires 'mixin.util.block_tracking=true' but found 'false'. Setting 'mixin.experimental.entity.block_caching.suffocation=false'.
[24May2026 22:27:53.032] [main/INFO] [LithiumConfig/]: Option 'mixin.experimental.entity.block_caching.block_support' requires 'mixin.util.block_tracking=true' but found 'false'. Setting 'mixin.experimental.entity.block_caching.block_support=false'.
[24May2026 22:27:53.032] [main/INFO] [LithiumConfig/]: Option 'mixin.experimental.entity.block_caching.block_touching' requires 'mixin.util.block_tracking=true' but found 'false'. Setting 'mixin.experimental.entity.block_caching.block_touching=false'.
[24May2026 22:27:53.032] [main/INFO] [LithiumConfig/]: Option 'mixin.experimental.entity.block_caching' requires 'mixin.util.block_tracking=true' but found 'false'. Setting 'mixin.experimental.entity.block_caching=false'.
[24May2026 22:27:53.033] [main/INFO] [Lithium/]: Loaded configuration file for Lithium: 148 options available, 4 override(s) found
[24May2026 22:27:53.036] [main/WARN] [mixin/]: Reference map 'aeronautics.refmap.json' for aeronautics.mixins.json could not be read. If this is a development environment you can ignore this message
[24May2026 22:27:53.038] [main/WARN] [mixin/]: Reference map 'waystones.refmap.json' for waystones.mixins.json could not be read. If this is a development environment you can ignore this message
[24May2026 22:27:53.039] [main/WARN] [mixin/]: Reference map 'comforts.refmap.json' for comforts.mixins.json could not be read. If this is a development environment you can ignore this message
[24May2026 22:27:53.039] [main/WARN] [mixin/]: Reference map 'glitchcore.refmap.json' for glitchcore.mixins.json could not be read. If this is a development environment you can ignore this message
[24May2026 22:27:53.040] [main/WARN] [mixin/]: Reference map 'glitchcore.refmap.json' for glitchcore.neoforge.mixins.json could not be read. If this is a development environment you can ignore this message
[24May2026 22:27:53.040] [main/WARN] [mixin/]: Reference map 'sereneseasons.refmap.json' for sereneseasons.mixins.json could not be read. If this is a development environment you can ignore this message
[24May2026 22:27:53.041] [main/WARN] [mixin/]: Reference map 'sereneseasons.refmap.json' for sereneseasons.neoforge.mixins.json could not be read. If this is a development environment you can ignore this message
[24May2026 22:27:53.042] [main/WARN] [mixin/]: Reference map 'offroad.refmap.json' for offroad.mixins.json could not be read. If this is a development environment you can ignore this message
[24May2026 22:27:53.044] [main/WARN] [mixin/]: Reference map 'Steam_Rails-neoforge-refmap.json' for railways.mixins.json could not be read. If this is a development environment you can ignore this message
[24May2026 22:27:53.045] [main/WARN] [mixin/]: Reference map 'apothic_spawners.refmap.json' for apothic_spawners.mixins.json could not be read. If this is a development environment you can ignore this message
[24May2026 22:27:53.045] [main/WARN] [mixin/]: Reference map 'apotheosis.refmap.json' for apotheosis.mixins.json could not be read. If this is a development environment you can ignore this message
[24May2026 22:27:53.046] [main/WARN] [mixin/]: Reference map 'terrablender.refmap.json' for terrablender.mixins.json could not be read. If this is a development environment you can ignore this message
[24May2026 22:27:53.046] [main/WARN] [mixin/]: Reference map 'terrablender.refmap.json' for terrablender_neoforge.mixins.json could not be read. If this is a development environment you can ignore this message
[24May2026 22:27:53.046] [main/WARN] [mixin/]: Reference map 'biomesoplenty.refmap.json' for biomesoplenty.mixins.json could not be read. If this is a development environment you can ignore this message
[24May2026 22:27:53.047] [main/WARN] [mixin/]: Reference map 'biomesoplenty.refmap.json' for biomesoplenty.neoforge.mixins.json could not be read. If this is a development environment you can ignore this message
[24May2026 22:27:53.049] [main/WARN] [mixin/]: Reference map 'fdlib.refmap.json' for fdlib.mixins.json could not be read. If this is a development environment you can ignore this message
[24May2026 22:27:53.049] [main/WARN] [mixin/]: Reference map 'creativecore.mixins.refmap.json' for creativecore.mixins.json could not be read. If this is a development environment you can ignore this message
[24May2026 22:27:53.050] [main/WARN] [mixin/]: Reference map 'creativecore.mixins.refmap.json' for creativecore.forge.mixins.json could not be read. If this is a development environment you can ignore this message
[24May2026 22:27:53.058] [main/WARN] [mixin/]: Reference map 'ponder.refmap.json' for ponder-common.mixins.json could not be read. If this is a development environment you can ignore this message
[24May2026 22:27:53.060] [main/WARN] [mixin/]: Reference map 'cgs.mixin-refmap.json' for cgs.mixin.json could not be read. If this is a development environment you can ignore this message
[24May2026 22:27:53.063] [main/INFO] [dev.ryanhcode.sable.mixin.AbstractSableMixinPlugin/]: Using Vanilla renderer mixins
[24May2026 22:27:53.063] [main/INFO] [dev.ryanhcode.sable.mixin.AbstractSableMixinPlugin/]: Using Vanilla renderer mixins
[24May2026 22:27:53.065] [main/WARN] [mixin/]: Reference map 'xaerominimap.refmap.json' for xaerohud.mixins.json could not be read. If this is a development environment you can ignore this message
[24May2026 22:27:53.066] [main/WARN] [mixin/]: Reference map 'xaerominimap.refmap.json' for xaerominimap.mixins.json could not be read. If this is a development environment you can ignore this message
[24May2026 22:27:53.067] [main/WARN] [mixin/]: Reference map 'polymorph.refmap.json' for polymorph.mixins.json could not be read. If this is a development environment you can ignore this message
[24May2026 22:27:53.068] [main/WARN] [mixin/]: Reference map 'polymorph.refmap.json' for polymorph-compatibility.mixins.json could not be read. If this is a development environment you can ignore this message
[24May2026 22:27:53.070] [main/WARN] [mixin/]: Reference map 'irons_spellbooks.refmap.json' for irons_spellbooks.mixins.json could not be read. If this is a development environment you can ignore this message
[24May2026 22:27:53.070] [main/WARN] [mixin/]: Reference map 'zeta.mixins.refmap.json' for zeta.mixins.json could not be read. If this is a development environment you can ignore this message
[24May2026 22:27:53.073] [main/WARN] [mixin/]: Reference map 'zeta.mixins.refmap.json' for zeta_forge.mixins.json could not be read. If this is a development environment you can ignore this message
[24May2026 22:27:53.075] [main/WARN] [mixin/]: Reference map 'watut.refmap.json' for watut.mixins.json could not be read. If this is a development environment you can ignore this message
[24May2026 22:27:53.076] [main/WARN] [mixin/]: Reference map 'quark.mixins.refmap.json' for quark.mixins.json could not be read. If this is a development environment you can ignore this message
[24May2026 22:27:53.080] [main/WARN] [mixin/]: Reference map 'explosiveenhancement.refmap.json' for explosiveenhancement.mixins.json could not be read. If this is a development environment you can ignore this message
[24May2026 22:27:53.081] [main/WARN] [mixin/]: Reference map 'skinrestorer.refmap.json' for skinrestorer.mixins.json could not be read. If this is a development environment you can ignore this message
[24May2026 22:27:53.084] [main/WARN] [mixin/]: Reference map 'customnpcs.refmap.json' for customnpcs.mixins.json could not be read. If this is a development environment you can ignore this message
[24May2026 22:27:53.085] [main/WARN] [mixin/]: Reference map 'sound_physics_remastered.refmap.json' for sound_physics_remastered.mixins.json could not be read. If this is a development environment you can ignore this message
[24May2026 22:27:53.085] [main/WARN] [mixin/]: Reference map 'quark.mixins.refmap.json' for quark_integrations.mixins.json could not be read. If this is a development environment you can ignore this message
[24May2026 22:27:53.452] [main/INFO] [net.neoforged.coremod.CoreMod.apothic_enchanting/COREMODLOG]: Replaced 2 calls to Enchantment#getMaxLevel() in net/minecraft/world/inventory/AnvilMenu
[24May2026 22:27:53.477] [main/INFO] [net.neoforged.coremod.CoreMod.apothic_enchanting/COREMODLOG]: Replaced 2 calls to Enchantment#getMaxLevel() in net/minecraft/server/commands/EnchantCommand
[24May2026 22:27:53.574] [main/INFO] [net.neoforged.coremod.CoreMod.apothic_enchanting/COREMODLOG]: Replaced 1 calls to Enchantment#getMaxLevel() in net/minecraft/world/item/enchantment/EnchantmentHelper
[24May2026 22:27:53.587] [main/INFO] [net.neoforged.coremod.CoreMod.apothic_enchanting/COREMODLOG]: Replaced 1 calls to Enchantment#getMaxLevel() in net/minecraft/world/level/storage/loot/functions/EnchantRandomlyFunction
[24May2026 22:27:54.260] [main/INFO] [net.neoforged.coremod.CoreMod.apothic_enchanting/COREMODLOG]: Replaced 1 calls to Enchantment#getMaxLevel() in net/minecraft/world/item/enchantment/Enchantment
[24May2026 22:27:54.482] [main/WARN] [mixin/]: Error loading class: com/hollingsworth/arsnouveau/common/items/SpellCrossbow (java.lang.ClassNotFoundException: com.hollingsworth.arsnouveau.common.items.SpellCrossbow)
[24May2026 22:27:54.566] [main/WARN] [mixin/]: Error loading class: xfacthd/framedblocks/common/blockentity/doubled/slab/FramedAdjustableDoubleBlockEntity (java.lang.ClassNotFoundException: xfacthd.framedblocks.common.blockentity.doubled.slab.FramedAdjustableDoubleBlockEntity)
[24May2026 22:27:54.566] [main/WARN] [mixin/]: @Mixin target xfacthd.framedblocks.common.blockentity.doubled.slab.FramedAdjustableDoubleBlockEntity was not found createbigcannons.mixins.json:compat.framedblocks.FramedAdjustableDoubleBlockEntityAccessor from mod createbigcannons
[24May2026 22:27:54.610] [main/WARN] [mixin/]: Error loading class: me/jellysquid/mods/lithium/common/ai/pathing/PathNodeDefaults (java.lang.ClassNotFoundException: me.jellysquid.mods.lithium.common.ai.pathing.PathNodeDefaults)
[24May2026 22:27:54.679] [main/INFO] [net.neoforged.coremod.CoreMod.apothic_enchanting/COREMODLOG]: Replaced 2 calls to Enchantment#getMaxLevel() in net/minecraft/world/item/CreativeModeTabs
[24May2026 22:27:54.724] [main/INFO] [Lithium/]: Force-disabling mixin 'entity.collisions.unpushable_cramming.EntityMixin' as rule 'mixin.entity.collisions.unpushable_cramming' (added by mods [sable]) disables it and children
[24May2026 22:27:54.725] [main/INFO] [Lithium/]: Force-disabling mixin 'entity.collisions.unpushable_cramming.EntitySectionMixin' as rule 'mixin.entity.collisions.unpushable_cramming' (added by mods [sable]) disables it and children
[24May2026 22:27:54.725] [main/INFO] [Lithium/]: Force-disabling mixin 'entity.collisions.unpushable_cramming.EntitySelectorMixin' as rule 'mixin.entity.collisions.unpushable_cramming' (added by mods [sable]) disables it and children
[24May2026 22:27:54.726] [main/INFO] [Lithium/]: Force-disabling mixin 'entity.collisions.unpushable_cramming.LivingEntityMixin' as rule 'mixin.entity.collisions.unpushable_cramming' (added by mods [sable]) disables it and children
[24May2026 22:27:54.743] [main/INFO] [Lithium/]: Force-disabling mixin 'world.chunk_access.ChunkHolderMixin' as rule 'mixin.world.chunk_access' (added by mods [sable]) disables it and children
[24May2026 22:27:54.744] [main/INFO] [Lithium/]: Force-disabling mixin 'world.chunk_access.GenerationChunkHolderAccessor' as rule 'mixin.world.chunk_access' (added by mods [sable]) disables it and children
[24May2026 22:27:54.744] [main/INFO] [Lithium/]: Force-disabling mixin 'world.chunk_access.LevelMixin' as rule 'mixin.world.chunk_access' (added by mods [sable]) disables it and children
[24May2026 22:27:54.745] [main/INFO] [Lithium/]: Force-disabling mixin 'world.chunk_access.ServerChunkCacheMixin' as rule 'mixin.world.chunk_access' (added by mods [sable]) disables it and children
[24May2026 22:27:54.745] [main/INFO] [Lithium/]: Force-disabling mixin 'world.chunk_ticking.spread_ice.BiomeMixin' as rule 'mixin.world.chunk_ticking' (added by mods [sable]) disables it and children
[24May2026 22:27:54.747] [main/INFO] [Lithium/]: Force-disabling mixin 'world.tick_scheduler.LevelChunkTicksMixin' as rule 'mixin.world.tick_scheduler' (added by mods [sable]) disables it and children
[24May2026 22:27:54.982] [main/WARN] [mixin/]: Error loading class: net/minecraft/client/player/KeyboardInput (java.lang.ClassNotFoundException: net.minecraft.client.player.KeyboardInput)
[24May2026 22:27:54.982] [main/WARN] [mixin/]: @Mixin target net.minecraft.client.player.KeyboardInput was not found fdlib.mixins.json:KeyboardInputMixin from mod fdlib
[24May2026 22:27:55.057] [main/ERROR] [net.neoforged.fml.common.asm.RuntimeDistCleaner/DISTXFORM]: Attempted to load class net/minecraft/client/multiplayer/ClientLevel for invalid dist DEDICATED_SERVER
[24May2026 22:27:55.059] [main/WARN] [mixin/]: Error loading class: net/minecraft/client/multiplayer/ClientLevel (java.lang.RuntimeException: Attempted to load class net/minecraft/client/multiplayer/ClientLevel for invalid dist DEDICATED_SERVER)
[24May2026 22:27:55.075] [main/ERROR] [net.neoforged.fml.common.asm.RuntimeDistCleaner/DISTXFORM]: Attempted to load class net/minecraft/client/multiplayer/ClientLevel for invalid dist DEDICATED_SERVER
[24May2026 22:27:55.076] [main/WARN] [mixin/]: Error loading class: net/minecraft/client/multiplayer/ClientLevel (java.lang.RuntimeException: Attempted to load class net/minecraft/client/multiplayer/ClientLevel for invalid dist DEDICATED_SERVER)
[24May2026 22:27:55.085] [main/ERROR] [net.neoforged.fml.common.asm.RuntimeDistCleaner/DISTXFORM]: Attempted to load class net/minecraft/client/multiplayer/ClientLevel for invalid dist DEDICATED_SERVER
[24May2026 22:27:55.086] [main/WARN] [mixin/]: Error loading class: net/minecraft/client/multiplayer/ClientLevel (java.lang.RuntimeException: Attempted to load class net/minecraft/client/multiplayer/ClientLevel for invalid dist DEDICATED_SERVER)
[24May2026 22:27:55.587] [main/WARN] [mixin/]: Error loading class: org/jetbrains/annotations/ApiStatus$ScheduledForRemoval (java.lang.ClassNotFoundException: org.jetbrains.annotations.ApiStatus$ScheduledForRemoval)
[24May2026 22:27:55.597] [main/ERROR] [net.neoforged.fml.common.asm.RuntimeDistCleaner/DISTXFORM]: Attempted to load class net/minecraft/client/multiplayer/ClientLevel for invalid dist DEDICATED_SERVER
[24May2026 22:27:55.598] [main/WARN] [mixin/]: Error loading class: net/minecraft/client/multiplayer/ClientLevel (java.lang.RuntimeException: Attempted to load class net/minecraft/client/multiplayer/ClientLevel for invalid dist DEDICATED_SERVER)
[24May2026 22:27:55.599] [main/ERROR] [net.neoforged.fml.common.asm.RuntimeDistCleaner/DISTXFORM]: Attempted to load class net/minecraft/client/multiplayer/ClientLevel for invalid dist DEDICATED_SERVER
[24May2026 22:27:55.600] [main/WARN] [mixin/]: Error loading class: net/minecraft/client/multiplayer/ClientLevel (java.lang.RuntimeException: Attempted to load class net/minecraft/client/multiplayer/ClientLevel for invalid dist DEDICATED_SERVER)
[24May2026 22:27:55.608] [main/ERROR] [net.neoforged.fml.common.asm.RuntimeDistCleaner/DISTXFORM]: Attempted to load class net/minecraft/client/multiplayer/ClientLevel for invalid dist DEDICATED_SERVER
[24May2026 22:27:55.608] [main/WARN] [mixin/]: Error loading class: net/minecraft/client/multiplayer/ClientLevel (java.lang.RuntimeException: Attempted to load class net/minecraft/client/multiplayer/ClientLevel for invalid dist DEDICATED_SERVER)
[24May2026 22:27:55.610] [main/ERROR] [net.neoforged.fml.common.asm.RuntimeDistCleaner/DISTXFORM]: Attempted to load class net/minecraft/client/multiplayer/ClientLevel for invalid dist DEDICATED_SERVER
[24May2026 22:27:55.610] [main/WARN] [mixin/]: Error loading class: net/minecraft/client/multiplayer/ClientLevel (java.lang.RuntimeException: Attempted to load class net/minecraft/client/multiplayer/ClientLevel for invalid dist DEDICATED_SERVER)
[24May2026 22:27:55.616] [main/ERROR] [net.neoforged.fml.common.asm.RuntimeDistCleaner/DISTXFORM]: Attempted to load class net/minecraft/client/multiplayer/ClientLevel for invalid dist DEDICATED_SERVER
[24May2026 22:27:55.617] [main/WARN] [mixin/]: Error loading class: net/minecraft/client/multiplayer/ClientLevel (java.lang.RuntimeException: Attempted to load class net/minecraft/client/multiplayer/ClientLevel for invalid dist DEDICATED_SERVER)
[24May2026 22:27:55.618] [main/ERROR] [net.neoforged.fml.common.asm.RuntimeDistCleaner/DISTXFORM]: Attempted to load class net/minecraft/client/multiplayer/ClientLevel for invalid dist DEDICATED_SERVER
[24May2026 22:27:55.619] [main/WARN] [mixin/]: Error loading class: net/minecraft/client/multiplayer/ClientLevel (java.lang.RuntimeException: Attempted to load class net/minecraft/client/multiplayer/ClientLevel for invalid dist DEDICATED_SERVER)
[24May2026 22:27:55.850] [main/INFO] [MixinExtras|Service/]: Initializing MixinExtras via com.llamalad7.mixinextras.service.MixinExtrasServiceImpl(version=0.5.3).
[24May2026 22:27:56.626] [main/INFO] [net.minecraft.server.Bootstrap/]: ModernFix reached bootstrap stage (12.05 s after launch)
[24May2026 22:27:56.938] [main/INFO] [net.neoforged.coremod.CoreMod.apothic_enchanting/COREMODLOG]: Replaced 2 calls to Enchantment#getMaxLevel() in net/minecraft/world/item/CreativeModeTabs
[24May2026 22:27:58.136] [main/WARN] [mixin/]: Discarding @Unique public method getPersistentData in customnpcs.mixins.json:EntityPersistentData from mod (unknown) because it already exists in net.minecraft.world.entity.Entity
[24May2026 22:27:58.560] [main/ERROR] [net.neoforged.fml.common.asm.RuntimeDistCleaner/DISTXFORM]: Attempted to load class net/minecraft/client/multiplayer/ClientLevel for invalid dist DEDICATED_SERVER
[24May2026 22:27:58.560] [main/WARN] [mixin/]: Error loading class: net/minecraft/client/multiplayer/ClientLevel (java.lang.RuntimeException: Attempted to load class net/minecraft/client/multiplayer/ClientLevel for invalid dist DEDICATED_SERVER)
[24May2026 22:27:58.566] [main/ERROR] [net.neoforged.fml.common.asm.RuntimeDistCleaner/DISTXFORM]: Attempted to load class net/minecraft/client/multiplayer/ClientLevel for invalid dist DEDICATED_SERVER
[24May2026 22:27:58.567] [main/WARN] [mixin/]: Error loading class: net/minecraft/client/multiplayer/ClientLevel (java.lang.RuntimeException: Attempted to load class net/minecraft/client/multiplayer/ClientLevel for invalid dist DEDICATED_SERVER)
[24May2026 22:27:58.576] [main/ERROR] [net.neoforged.fml.common.asm.RuntimeDistCleaner/DISTXFORM]: Attempted to load class net/minecraft/client/multiplayer/ClientLevel for invalid dist DEDICATED_SERVER
[24May2026 22:27:58.576] [main/WARN] [mixin/]: Error loading class: net/minecraft/client/multiplayer/ClientLevel (java.lang.RuntimeException: Attempted to load class net/minecraft/client/multiplayer/ClientLevel for invalid dist DEDICATED_SERVER)
[24May2026 22:27:59.975] [main/INFO] [net.neoforged.coremod.CoreMod.apothic_enchanting/COREMODLOG]: Replaced 7 calls to Enchantment#getMaxLevel() in org/violetmoon/quark/content/tools/module/AncientTomesModule
[24May2026 22:28:00.419] [main/WARN] [mixin/]: Static binding violation: PRIVATE @Overwrite method getTemperature in modernfix-modernfix.mixins.json:perf.remove_biome_temperature_cache.BiomeMixin from mod modernfix cannot reduce visibiliy of PUBLIC target method, visibility will be upgraded.
[24May2026 22:28:00.424] [main/WARN] [mixin/]: Method overwrite conflict for getTemperature in lithium.mixins.json:world.temperature_cache.BiomeMixin from mod lithium, previously written by org.embeddedt.modernfix.common.mixin.perf.remove_biome_temperature_cache.BiomeMixin. Skipping method.
[24May2026 22:28:00.539] [main/INFO] [net.neoforged.coremod.CoreMod.apothic_enchanting/COREMODLOG]: Replaced 2 calls to Enchantment#getMaxLevel() in net/minecraft/world/inventory/AnvilMenu
[24May2026 22:28:01.569] [main/INFO] [net.neoforged.coremod.CoreMod.apothic_enchanting/COREMODLOG]: Replaced 1 calls to Enchantment#getMaxLevel() in net/minecraft/world/item/enchantment/Enchantment
[24May2026 22:28:03.366] [main/INFO] [net.neoforged.coremod.CoreMod.apothic_enchanting/COREMODLOG]: Patching FishingHook#catchingFish
[24May2026 22:28:04.072] [main/INFO] [net.neoforged.coremod.CoreMod.apothic_enchanting/COREMODLOG]: Replaced 1 calls to Enchantment#getMaxLevel() in net/minecraft/world/level/storage/loot/functions/EnchantRandomlyFunction
[24May2026 22:28:04.904] [main/INFO] [net.neoforged.coremod.CoreMod.apothic_enchanting/COREMODLOG]: Patching FishingHook#catchingFish
[24May2026 22:28:04.989] [main/INFO] [net.neoforged.coremod.CoreMod.apothic_enchanting/COREMODLOG]: Replaced 1 calls to Enchantment#getMaxLevel() in net/minecraft/world/item/enchantment/providers/SingleEnchantment
[24May2026 22:28:05.060] [main/INFO] [net.minecraft.server.Bootstrap/]: Vanilla bootstrap took 8430 milliseconds
[24May2026 22:28:05.557] [modloading-worker-0/INFO] [net.neoforged.neoforge.common.NeoForgeMod/NEOFORGE-MOD]: NeoForge mod loading, version 21.1.230, for MC 1.21.1
[24May2026 22:28:06.055] [modloading-worker-0/INFO] [Veil/]: Veil is initializing.
[24May2026 22:28:06.299] [modloading-worker-0/INFO] [zeta/]: Doing super early config setup for zeta
[24May2026 22:28:06.642] [modloading-worker-0/INFO] [biolith/]: Biolith for NeoForge is initializing...
[24May2026 22:28:06.644] [modloading-worker-0/INFO] [biolith/]: Enabling Biolith's TerraBlender compatibility layer.
[24May2026 22:28:06.686] [modloading-worker-0/INFO] [Kambrik/]: Creating Kambrik Shared API...
[24May2026 22:28:06.690] [modloading-worker-0/INFO] [Kambrik/]: Eh?
[24May2026 22:28:06.948] [modloading-worker-0/INFO] [Railways/]: Steam 'n' Rails v1.6.13-alpha initializing! Commit hash: dev on Create version: 6.0.10 on platform: Neoforge
[24May2026 22:28:07.066] [modloading-worker-0/INFO] [twilightforest.beanification.BeanContext/]: Starting Bean Context
[24May2026 22:28:07.200] [modloading-worker-0/INFO] [Moonlight/]: Sending changed configs to client
[24May2026 22:28:07.733] [modloading-worker-0/INFO] [twilightforest.beanification.BeanContext/]: Bean Context loaded in 667 ms
[24May2026 22:28:08.188] [modloading-worker-0/INFO] [bountiful/]: Registering Network Messages..
[24May2026 22:28:08.407] [modloading-worker-0/INFO] [Collective/]: Loading Collective version 8.22.
[24May2026 22:28:08.612] [modloading-worker-0/WARN] [mixin/]: Discarding @Unique public method useItemOn in copycats-common.mixins.json:copycat.step.CopycatStepBlockMixin from mod copycats because it already exists in com.simibubi.create.content.decoration.copycat.CopycatStepBlock
[24May2026 22:28:08.631] [modloading-worker-0/WARN] [mixin/]: Discarding @Unique public method onLoad in copycats-common.mixins.json:foundation.copycat.CopycatBlockEntityMixin from mod copycats because it already exists in com.simibubi.create.content.decoration.copycat.CopycatBlockEntity
[24May2026 22:28:08.637] [modloading-worker-0/WARN] [mixin/]: Discarding @Unique public method useItemOn in copycats-common.mixins.json:copycat.panel.CopycatPanelBlockMixin from mod copycats because it already exists in com.simibubi.create.content.decoration.copycat.CopycatPanelBlock
[24May2026 22:28:08.637] [modloading-worker-0/WARN] [mixin/]: Discarding @Unique public method mirror in copycats-common.mixins.json:copycat.panel.CopycatPanelBlockMixin from mod copycats because it already exists in com.simibubi.create.content.decoration.copycat.CopycatPanelBlock
[24May2026 22:28:08.637] [modloading-worker-0/WARN] [mixin/]: Discarding @Unique public method rotate in copycats-common.mixins.json:copycat.panel.CopycatPanelBlockMixin from mod copycats because it already exists in com.simibubi.create.content.decoration.copycat.CopycatPanelBlock
[24May2026 22:28:08.900] [modloading-worker-0/INFO] [JamLib/]: Initializing JamLib on NeoForge
[24May2026 22:28:08.927] [modloading-worker-0/INFO] [JamLib/]: Updated config file at /workspaces/oldestonev1/servidor_minecraft/config/rightclickharvest.json5
[24May2026 22:28:08.927] [modloading-worker-0/INFO] [Right Click Harvest/]: Initializing Right Click Harvest on NEOFORGE
[24May2026 22:28:09.172] [modloading-worker-0/INFO] [Railways/]: Registered bogey styles from railways
[24May2026 22:28:09.534] [modloading-worker-0/INFO] [Railways/]: Registering data fixers
[24May2026 22:28:09.544] [modloading-worker-0/INFO] [owo/]: I bet DeetHunter will never see this one!
[24May2026 22:28:09.565] [modloading-worker-0/WARN] [mixin/]: Discarding @Unique public method rotate in copycats-neoforge.mixins.json:foundation.copycat.CopycatBlockMixin from mod copycats because it already exists in com.copycatsplus.copycats.content.copycat.door.CopycatDoorBlock
[24May2026 22:28:09.566] [modloading-worker-0/WARN] [mixin/]: Discarding @Unique public method mirror in copycats-neoforge.mixins.json:foundation.copycat.CopycatBlockMixin from mod copycats because it already exists in com.copycatsplus.copycats.content.copycat.door.CopycatDoorBlock
[24May2026 22:28:09.566] [modloading-worker-0/WARN] [mixin/]: Discarding @Unique public method useItemOn in copycats-neoforge.mixins.json:foundation.copycat.CopycatBlockMixin from mod copycats because it already exists in com.copycatsplus.copycats.content.copycat.door.CopycatDoorBlock
[24May2026 22:28:09.566] [modloading-worker-0/WARN] [mixin/]: Discarding @Unique public method useWithoutItem in copycats-neoforge.mixins.json:foundation.copycat.CopycatBlockMixin from mod copycats because it already exists in com.copycatsplus.copycats.content.copycat.door.CopycatDoorBlock
[24May2026 22:28:09.573] [modloading-worker-0/WARN] [mixin/]: Discarding @Unique public method rotate in copycats-neoforge.mixins.json:foundation.copycat.CopycatBlockMixin from mod copycats because it already exists in com.copycatsplus.copycats.content.copycat.fluid_pipe.CopycatGlassFluidPipeBlock
[24May2026 22:28:09.574] [modloading-worker-0/WARN] [mixin/]: Discarding @Unique public method mirror in copycats-neoforge.mixins.json:foundation.copycat.CopycatBlockMixin from mod copycats because it already exists in com.copycatsplus.copycats.content.copycat.fluid_pipe.CopycatGlassFluidPipeBlock
[24May2026 22:28:09.574] [modloading-worker-0/WARN] [mixin/]: Discarding @Unique public method useItemOn in copycats-neoforge.mixins.json:foundation.copycat.CopycatBlockMixin from mod copycats because it already exists in com.copycatsplus.copycats.content.copycat.fluid_pipe.CopycatGlassFluidPipeBlock
[24May2026 22:28:09.574] [modloading-worker-0/WARN] [mixin/]: Discarding @Unique public method useWithoutItem in copycats-neoforge.mixins.json:foundation.copycat.CopycatBlockMixin from mod copycats because it already exists in com.copycatsplus.copycats.content.copycat.fluid_pipe.CopycatGlassFluidPipeBlock
[24May2026 22:28:09.594] [modloading-worker-0/INFO] [Railways/]: Registering tracks for Hex Casting
[24May2026 22:28:09.598] [modloading-worker-0/INFO] [Railways/]: Registering tracks for Oh The Biomes You'll Go
[24May2026 22:28:09.598] [modloading-worker-0/INFO] [Railways/]: Registering tracks for Blue Skies
[24May2026 22:28:09.600] [modloading-worker-0/WARN] [mixin/]: Discarding @Unique public method rotate in copycats-neoforge.mixins.json:foundation.copycat.multistate.MultiStateCopycatBlockMixin from mod copycats because it already exists in com.copycatsplus.copycats.foundation.copycat.multistate.MultiStateCopycatBlock
[24May2026 22:28:09.600] [modloading-worker-0/WARN] [mixin/]: Discarding @Unique public method mirror in copycats-neoforge.mixins.json:foundation.copycat.multistate.MultiStateCopycatBlockMixin from mod copycats because it already exists in com.copycatsplus.copycats.foundation.copycat.multistate.MultiStateCopycatBlock
[24May2026 22:28:09.603] [modloading-worker-0/WARN] [mixin/]: Discarding @Unique public method useItemOn in copycats-neoforge.mixins.json:foundation.copycat.multistate.MultiStateCopycatBlockMixin from mod copycats because it already exists in com.copycatsplus.copycats.foundation.copycat.multistate.MultiStateCopycatBlock
[24May2026 22:28:09.603] [modloading-worker-0/WARN] [mixin/]: Discarding @Unique public method useWithoutItem in copycats-neoforge.mixins.json:foundation.copycat.multistate.MultiStateCopycatBlockMixin from mod copycats because it already exists in com.copycatsplus.copycats.foundation.copycat.multistate.MultiStateCopycatBlock
[24May2026 22:28:09.620] [modloading-worker-0/INFO] [Railways/]: Registering tracks for Twilight Forest
[24May2026 22:28:09.626] [modloading-worker-0/WARN] [mixin/]: Discarding @Unique public method rotate in copycats-neoforge.mixins.json:foundation.copycat.CopycatBlockMixin from mod copycats because it already exists in com.copycatsplus.copycats.content.copycat.sliding_door.CopycatSlidingDoorBlock
[24May2026 22:28:09.626] [modloading-worker-0/WARN] [mixin/]: Discarding @Unique public method mirror in copycats-neoforge.mixins.json:foundation.copycat.CopycatBlockMixin from mod copycats because it already exists in com.copycatsplus.copycats.content.copycat.sliding_door.CopycatSlidingDoorBlock
[24May2026 22:28:09.626] [modloading-worker-0/WARN] [mixin/]: Discarding @Unique public method useItemOn in copycats-neoforge.mixins.json:foundation.copycat.CopycatBlockMixin from mod copycats because it already exists in com.copycatsplus.copycats.content.copycat.sliding_door.CopycatSlidingDoorBlock
[24May2026 22:28:09.626] [modloading-worker-0/WARN] [mixin/]: Discarding @Unique public method useWithoutItem in copycats-neoforge.mixins.json:foundation.copycat.CopycatBlockMixin from mod copycats because it already exists in com.copycatsplus.copycats.content.copycat.sliding_door.CopycatSlidingDoorBlock
[24May2026 22:28:09.638] [modloading-worker-0/WARN] [mixin/]: Discarding @Unique public method rotate in copycats-neoforge.mixins.json:foundation.copycat.CopycatBlockMixin from mod copycats because it already exists in com.copycatsplus.copycats.foundation.copycat.CCCopycatBlock
[24May2026 22:28:09.638] [modloading-worker-0/INFO] [net.blay09.mods.balm.neoforge.config.NeoForgeBalmConfig/]: Registering config for trashslot:common (COMMON) with 5 properties.
[24May2026 22:28:09.638] [modloading-worker-0/WARN] [mixin/]: Discarding @Unique public method mirror in copycats-neoforge.mixins.json:foundation.copycat.CopycatBlockMixin from mod copycats because it already exists in com.copycatsplus.copycats.foundation.copycat.CCCopycatBlock
[24May2026 22:28:09.639] [modloading-worker-0/WARN] [mixin/]: Discarding @Unique public method useItemOn in copycats-neoforge.mixins.json:foundation.copycat.CopycatBlockMixin from mod copycats because it already exists in com.copycatsplus.copycats.foundation.copycat.CCCopycatBlock
[24May2026 22:28:09.639] [modloading-worker-0/WARN] [mixin/]: Discarding @Unique public method useWithoutItem in copycats-neoforge.mixins.json:foundation.copycat.CopycatBlockMixin from mod copycats because it already exists in com.copycatsplus.copycats.foundation.copycat.CCCopycatBlock
[24May2026 22:28:09.658] [modloading-worker-0/INFO] [Railways/]: Registering tracks for Biomes O' Plenty
[24May2026 22:28:09.661] [modloading-worker-0/INFO] [Railways/]: Registering tracks for Nature's Spirit
[24May2026 22:28:09.662] [modloading-worker-0/INFO] [Railways/]: Registering tracks for Dreams and Desires
[24May2026 22:28:09.663] [modloading-worker-0/INFO] [Railways/]: Registering tracks for Quark
[24May2026 22:28:09.667] [modloading-worker-0/INFO] [Railways/]: Registering tracks for TerraFirmaCraft
[24May2026 22:28:09.682] [modloading-worker-0/WARN] [mixin/]: Discarding @Unique public method rotate in copycats-neoforge.mixins.json:foundation.copycat.CopycatBlockMixin from mod copycats because it already exists in com.copycatsplus.copycats.content.copycat.button.CopycatButtonBlock
[24May2026 22:28:09.683] [modloading-worker-0/WARN] [mixin/]: Discarding @Unique public method mirror in copycats-neoforge.mixins.json:foundation.copycat.CopycatBlockMixin from mod copycats because it already exists in com.copycatsplus.copycats.content.copycat.button.CopycatButtonBlock
[24May2026 22:28:09.683] [modloading-worker-0/WARN] [mixin/]: Discarding @Unique public method useItemOn in copycats-neoforge.mixins.json:foundation.copycat.CopycatBlockMixin from mod copycats because it already exists in com.copycatsplus.copycats.content.copycat.button.CopycatButtonBlock
[24May2026 22:28:09.683] [modloading-worker-0/WARN] [mixin/]: Discarding @Unique public method useWithoutItem in copycats-neoforge.mixins.json:foundation.copycat.CopycatBlockMixin from mod copycats because it already exists in com.copycatsplus.copycats.content.copycat.button.CopycatButtonBlock
[24May2026 22:28:09.699] [modloading-worker-0/WARN] [mixin/]: Discarding @Unique public method rotate in copycats-neoforge.mixins.json:foundation.copycat.CopycatBlockMixin from mod copycats because it already exists in com.copycatsplus.copycats.content.copycat.fence.CopycatFenceBlock
[24May2026 22:28:09.699] [modloading-worker-0/WARN] [mixin/]: Discarding @Unique public method mirror in copycats-neoforge.mixins.json:foundation.copycat.CopycatBlockMixin from mod copycats because it already exists in com.copycatsplus.copycats.content.copycat.fence.CopycatFenceBlock
[24May2026 22:28:09.699] [modloading-worker-0/WARN] [mixin/]: Discarding @Unique public method useItemOn in copycats-neoforge.mixins.json:foundation.copycat.CopycatBlockMixin from mod copycats because it already exists in com.copycatsplus.copycats.content.copycat.fence.CopycatFenceBlock
[24May2026 22:28:09.700] [modloading-worker-0/WARN] [mixin/]: Discarding @Unique public method useWithoutItem in copycats-neoforge.mixins.json:foundation.copycat.CopycatBlockMixin from mod copycats because it already exists in com.copycatsplus.copycats.content.copycat.fence.CopycatFenceBlock
[24May2026 22:28:09.710] [modloading-worker-0/WARN] [mixin/]: Discarding @Unique public method rotate in copycats-neoforge.mixins.json:foundation.copycat.CopycatBlockMixin from mod copycats because it already exists in com.copycatsplus.copycats.content.copycat.fence_gate.CopycatFenceGateBlock
[24May2026 22:28:09.710] [modloading-worker-0/WARN] [mixin/]: Discarding @Unique public method mirror in copycats-neoforge.mixins.json:foundation.copycat.CopycatBlockMixin from mod copycats because it already exists in com.copycatsplus.copycats.content.copycat.fence_gate.CopycatFenceGateBlock
[24May2026 22:28:09.710] [modloading-worker-0/WARN] [mixin/]: Discarding @Unique public method useItemOn in copycats-neoforge.mixins.json:foundation.copycat.CopycatBlockMixin from mod copycats because it already exists in com.copycatsplus.copycats.content.copycat.fence_gate.CopycatFenceGateBlock
[24May2026 22:28:09.710] [modloading-worker-0/WARN] [mixin/]: Discarding @Unique public method useWithoutItem in copycats-neoforge.mixins.json:foundation.copycat.CopycatBlockMixin from mod copycats because it already exists in com.copycatsplus.copycats.content.copycat.fence_gate.CopycatFenceGateBlock
[24May2026 22:28:09.733] [modloading-worker-0/WARN] [mixin/]: Discarding @Unique public method rotate in copycats-neoforge.mixins.json:foundation.copycat.CopycatBlockMixin from mod copycats because it already exists in com.copycatsplus.copycats.content.copycat.ladder.CopycatLadderBlock
[24May2026 22:28:09.733] [modloading-worker-0/WARN] [mixin/]: Discarding @Unique public method mirror in copycats-neoforge.mixins.json:foundation.copycat.CopycatBlockMixin from mod copycats because it already exists in com.copycatsplus.copycats.content.copycat.ladder.CopycatLadderBlock
[24May2026 22:28:09.733] [modloading-worker-0/WARN] [mixin/]: Discarding @Unique public method useItemOn in copycats-neoforge.mixins.json:foundation.copycat.CopycatBlockMixin from mod copycats because it already exists in com.copycatsplus.copycats.content.copycat.ladder.CopycatLadderBlock
[24May2026 22:28:09.734] [modloading-worker-0/WARN] [mixin/]: Discarding @Unique public method useWithoutItem in copycats-neoforge.mixins.json:foundation.copycat.CopycatBlockMixin from mod copycats because it already exists in com.copycatsplus.copycats.content.copycat.ladder.CopycatLadderBlock
[24May2026 22:28:09.747] [modloading-worker-0/WARN] [mixin/]: Discarding @Unique public method rotate in copycats-neoforge.mixins.json:foundation.copycat.CopycatBlockMixin from mod copycats because it already exists in com.copycatsplus.copycats.content.copycat.pressure_plate.CopycatPressurePlateBlock
[24May2026 22:28:09.747] [modloading-worker-0/WARN] [mixin/]: Discarding @Unique public method mirror in copycats-neoforge.mixins.json:foundation.copycat.CopycatBlockMixin from mod copycats because it already exists in com.copycatsplus.copycats.content.copycat.pressure_plate.CopycatPressurePlateBlock
[24May2026 22:28:09.747] [modloading-worker-0/WARN] [mixin/]: Discarding @Unique public method useItemOn in copycats-neoforge.mixins.json:foundation.copycat.CopycatBlockMixin from mod copycats because it already exists in com.copycatsplus.copycats.content.copycat.pressure_plate.CopycatPressurePlateBlock
[24May2026 22:28:09.747] [modloading-worker-0/WARN] [mixin/]: Discarding @Unique public method useWithoutItem in copycats-neoforge.mixins.json:foundation.copycat.CopycatBlockMixin from mod copycats because it already exists in com.copycatsplus.copycats.content.copycat.pressure_plate.CopycatPressurePlateBlock
[24May2026 22:28:09.754] [modloading-worker-0/WARN] [mixin/]: Discarding @Unique public method rotate in copycats-neoforge.mixins.json:foundation.copycat.CopycatBlockMixin from mod copycats because it already exists in com.copycatsplus.copycats.content.copycat.pressure_plate.CopycatWeightedPressurePlate
[24May2026 22:28:09.754] [modloading-worker-0/WARN] [mixin/]: Discarding @Unique public method mirror in copycats-neoforge.mixins.json:foundation.copycat.CopycatBlockMixin from mod copycats because it already exists in com.copycatsplus.copycats.content.copycat.pressure_plate.CopycatWeightedPressurePlate
[24May2026 22:28:09.754] [modloading-worker-0/WARN] [mixin/]: Discarding @Unique public method useItemOn in copycats-neoforge.mixins.json:foundation.copycat.CopycatBlockMixin from mod copycats because it already exists in com.copycatsplus.copycats.content.copycat.pressure_plate.CopycatWeightedPressurePlate
[24May2026 22:28:09.754] [modloading-worker-0/WARN] [mixin/]: Discarding @Unique public method useWithoutItem in copycats-neoforge.mixins.json:foundation.copycat.CopycatBlockMixin from mod copycats because it already exists in com.copycatsplus.copycats.content.copycat.pressure_plate.CopycatWeightedPressurePlate
[24May2026 22:28:09.772] [modloading-worker-0/WARN] [mixin/]: Discarding @Unique public method rotate in copycats-neoforge.mixins.json:foundation.copycat.CopycatBlockMixin from mod copycats because it already exists in com.copycatsplus.copycats.content.copycat.stairs.CopycatStairsBlock
[24May2026 22:28:09.772] [modloading-worker-0/WARN] [mixin/]: Discarding @Unique public method mirror in copycats-neoforge.mixins.json:foundation.copycat.CopycatBlockMixin from mod copycats because it already exists in com.copycatsplus.copycats.content.copycat.stairs.CopycatStairsBlock
[24May2026 22:28:09.772] [modloading-worker-0/WARN] [mixin/]: Discarding @Unique public method useItemOn in copycats-neoforge.mixins.json:foundation.copycat.CopycatBlockMixin from mod copycats because it already exists in com.copycatsplus.copycats.content.copycat.stairs.CopycatStairsBlock
[24May2026 22:28:09.772] [modloading-worker-0/WARN] [mixin/]: Discarding @Unique public method useWithoutItem in copycats-neoforge.mixins.json:foundation.copycat.CopycatBlockMixin from mod copycats because it already exists in com.copycatsplus.copycats.content.copycat.stairs.CopycatStairsBlock
[24May2026 22:28:09.785] [modloading-worker-0/WARN] [mixin/]: Discarding @Unique public method rotate in copycats-neoforge.mixins.json:foundation.copycat.CopycatBlockMixin from mod copycats because it already exists in com.copycatsplus.copycats.content.copycat.trapdoor.CopycatTrapdoorBlock
[24May2026 22:28:09.785] [modloading-worker-0/WARN] [mixin/]: Discarding @Unique public method mirror in copycats-neoforge.mixins.json:foundation.copycat.CopycatBlockMixin from mod copycats because it already exists in com.copycatsplus.copycats.content.copycat.trapdoor.CopycatTrapdoorBlock
[24May2026 22:28:09.785] [modloading-worker-0/WARN] [mixin/]: Discarding @Unique public method useItemOn in copycats-neoforge.mixins.json:foundation.copycat.CopycatBlockMixin from mod copycats because it already exists in com.copycatsplus.copycats.content.copycat.trapdoor.CopycatTrapdoorBlock
[24May2026 22:28:09.785] [modloading-worker-0/WARN] [mixin/]: Discarding @Unique public method useWithoutItem in copycats-neoforge.mixins.json:foundation.copycat.CopycatBlockMixin from mod copycats because it already exists in com.copycatsplus.copycats.content.copycat.trapdoor.CopycatTrapdoorBlock
[24May2026 22:28:09.802] [modloading-worker-0/WARN] [mixin/]: Discarding @Unique public method rotate in copycats-neoforge.mixins.json:foundation.copycat.CopycatBlockMixin from mod copycats because it already exists in com.copycatsplus.copycats.content.copycat.wall.CopycatWallBlock
[24May2026 22:28:09.802] [modloading-worker-0/WARN] [mixin/]: Discarding @Unique public method mirror in copycats-neoforge.mixins.json:foundation.copycat.CopycatBlockMixin from mod copycats because it already exists in com.copycatsplus.copycats.content.copycat.wall.CopycatWallBlock
[24May2026 22:28:09.802] [modloading-worker-0/WARN] [mixin/]: Discarding @Unique public method useItemOn in copycats-neoforge.mixins.json:foundation.copycat.CopycatBlockMixin from mod copycats because it already exists in com.copycatsplus.copycats.content.copycat.wall.CopycatWallBlock
[24May2026 22:28:09.802] [modloading-worker-0/WARN] [mixin/]: Discarding @Unique public method useWithoutItem in copycats-neoforge.mixins.json:foundation.copycat.CopycatBlockMixin from mod copycats because it already exists in com.copycatsplus.copycats.content.copycat.wall.CopycatWallBlock
[24May2026 22:28:09.819] [modloading-worker-0/WARN] [mixin/]: Discarding @Unique public method rotate in copycats-neoforge.mixins.json:foundation.copycat.CopycatBlockMixin from mod copycats because it already exists in com.copycatsplus.copycats.content.copycat.shaft.CopycatShaftBlock
[24May2026 22:28:09.819] [modloading-worker-0/WARN] [mixin/]: Discarding @Unique public method mirror in copycats-neoforge.mixins.json:foundation.copycat.CopycatBlockMixin from mod copycats because it already exists in com.copycatsplus.copycats.content.copycat.shaft.CopycatShaftBlock
[24May2026 22:28:09.819] [modloading-worker-0/WARN] [mixin/]: Discarding @Unique public method useItemOn in copycats-neoforge.mixins.json:foundation.copycat.CopycatBlockMixin from mod copycats because it already exists in com.copycatsplus.copycats.content.copycat.shaft.CopycatShaftBlock
[24May2026 22:28:09.819] [modloading-worker-0/WARN] [mixin/]: Discarding @Unique public method useWithoutItem in copycats-neoforge.mixins.json:foundation.copycat.CopycatBlockMixin from mod copycats because it already exists in com.copycatsplus.copycats.content.copycat.shaft.CopycatShaftBlock
[24May2026 22:28:09.825] [modloading-worker-0/WARN] [mixin/]: Discarding @Unique public method rotate in copycats-neoforge.mixins.json:foundation.copycat.multistate.MultiStateCopycatBlockMixin from mod copycats because it already exists in com.copycatsplus.copycats.content.copycat.cogwheel.CopycatCogWheelBlock
[24May2026 22:28:09.826] [modloading-worker-0/WARN] [mixin/]: Discarding @Unique public method mirror in copycats-neoforge.mixins.json:foundation.copycat.multistate.MultiStateCopycatBlockMixin from mod copycats because it already exists in com.copycatsplus.copycats.content.copycat.cogwheel.CopycatCogWheelBlock
[24May2026 22:28:09.826] [modloading-worker-0/WARN] [mixin/]: Discarding @Unique public method useItemOn in copycats-neoforge.mixins.json:foundation.copycat.multistate.MultiStateCopycatBlockMixin from mod copycats because it already exists in com.copycatsplus.copycats.content.copycat.cogwheel.CopycatCogWheelBlock
[24May2026 22:28:09.826] [modloading-worker-0/WARN] [mixin/]: Discarding @Unique public method useWithoutItem in copycats-neoforge.mixins.json:foundation.copycat.multistate.MultiStateCopycatBlockMixin from mod copycats because it already exists in com.copycatsplus.copycats.content.copycat.cogwheel.CopycatCogWheelBlock
[24May2026 22:28:09.841] [modloading-worker-0/WARN] [mixin/]: Discarding @Unique public method rotate in copycats-neoforge.mixins.json:foundation.copycat.CopycatBlockMixin from mod copycats because it already exists in com.copycatsplus.copycats.content.copycat.fluid_pipe.CopycatFluidPipeBlock
[24May2026 22:28:09.841] [modloading-worker-0/WARN] [mixin/]: Discarding @Unique public method mirror in copycats-neoforge.mixins.json:foundation.copycat.CopycatBlockMixin from mod copycats because it already exists in com.copycatsplus.copycats.content.copycat.fluid_pipe.CopycatFluidPipeBlock
[24May2026 22:28:09.841] [modloading-worker-0/WARN] [mixin/]: Discarding @Unique public method useItemOn in copycats-neoforge.mixins.json:foundation.copycat.CopycatBlockMixin from mod copycats because it already exists in com.copycatsplus.copycats.content.copycat.fluid_pipe.CopycatFluidPipeBlock
[24May2026 22:28:09.841] [modloading-worker-0/WARN] [mixin/]: Discarding @Unique public method useWithoutItem in copycats-neoforge.mixins.json:foundation.copycat.CopycatBlockMixin from mod copycats because it already exists in com.copycatsplus.copycats.content.copycat.fluid_pipe.CopycatFluidPipeBlock
[24May2026 22:28:09.850] [modloading-worker-0/WARN] [mixin/]: Discarding @Unique public method rotate in copycats-neoforge.mixins.json:foundation.copycat.CopycatBlockMixin from mod copycats because it already exists in com.copycatsplus.copycats.content.copycat.pane.CopycatPaneBlock
[24May2026 22:28:09.850] [modloading-worker-0/WARN] [mixin/]: Discarding @Unique public method mirror in copycats-neoforge.mixins.json:foundation.copycat.CopycatBlockMixin from mod copycats because it already exists in com.copycatsplus.copycats.content.copycat.pane.CopycatPaneBlock
[24May2026 22:28:09.850] [modloading-worker-0/WARN] [mixin/]: Discarding @Unique public method useItemOn in copycats-neoforge.mixins.json:foundation.copycat.CopycatBlockMixin from mod copycats because it already exists in com.copycatsplus.copycats.content.copycat.pane.CopycatPaneBlock
[24May2026 22:28:09.850] [modloading-worker-0/WARN] [mixin/]: Discarding @Unique public method useWithoutItem in copycats-neoforge.mixins.json:foundation.copycat.CopycatBlockMixin from mod copycats because it already exists in com.copycatsplus.copycats.content.copycat.pane.CopycatPaneBlock
[24May2026 22:28:09.871] [modloading-worker-0/INFO] [xaero.lib.XaeroLib/]: Registering common data for channel xaerolib:main!
[24May2026 22:28:09.879] [modloading-worker-0/WARN] [mixin/]: Discarding @Unique public method onLoad in copycats-neoforge.mixins.json:foundation.copycat.CopycatBlockEntityMixin from mod copycats because it already exists in com.copycatsplus.copycats.foundation.copycat.CCCopycatBlockEntity
[24May2026 22:28:09.882] [modloading-worker-0/WARN] [mixin/]: Discarding @Unique public method onLoad in copycats-neoforge.mixins.json:foundation.copycat.multistate.MultiStateCopycatBlockEntityMixin from mod copycats because it already exists in com.copycatsplus.copycats.foundation.copycat.multistate.MultiStateCopycatBlockEntity
[24May2026 22:28:09.892] [modloading-worker-0/WARN] [mixin/]: Discarding @Unique public method onLoad in copycats-neoforge.mixins.json:foundation.copycat.CopycatBlockEntityMixin from mod copycats because it already exists in com.copycatsplus.copycats.content.copycat.shaft.CopycatShaftBlockEntity
[24May2026 22:28:09.893] [modloading-worker-0/INFO] [xaero.lib.XaeroLib/]: Loading primary common config for channel xaerolib:main!
[24May2026 22:28:09.896] [modloading-worker-0/INFO] [xaero.lib.XaeroLib/]: Loading server config profiles for channel xaerolib:main!
[24May2026 22:28:09.898] [modloading-worker-0/WARN] [mixin/]: Discarding @Unique public method onLoad in copycats-neoforge.mixins.json:foundation.copycat.multistate.MultiStateCopycatBlockEntityMixin from mod copycats because it already exists in com.copycatsplus.copycats.content.copycat.cogwheel.CopycatCogWheelBlockEntity
[24May2026 22:28:09.901] [modloading-worker-0/WARN] [mixin/]: Discarding @Unique public method onLoad in copycats-neoforge.mixins.json:foundation.copycat.CopycatBlockEntityMixin from mod copycats because it already exists in com.copycatsplus.copycats.content.copycat.fluid_pipe.CopycatFluidPipeBlockEntity
[24May2026 22:28:09.911] [modloading-worker-0/WARN] [mixin/]: Discarding @Unique public method onLoad in copycats-neoforge.mixins.json:foundation.copycat.CopycatBlockEntityMixin from mod copycats because it already exists in com.copycatsplus.copycats.content.copycat.fluid_pipe.CopycatStraightPipeBlockEntity
[24May2026 22:28:09.918] [modloading-worker-0/WARN] [mixin/]: Discarding @Unique public method onLoad in copycats-neoforge.mixins.json:foundation.copycat.CopycatBlockEntityMixin from mod copycats because it already exists in com.copycatsplus.copycats.content.copycat.sliding_door.CopycatSlidingDoorBlockEntity
[24May2026 22:28:10.242] [modloading-worker-0/INFO] [net.blay09.mods.balm.neoforge.config.NeoForgeBalmConfig/]: Registering config for waystones:common (COMMON) with 34 properties.
[24May2026 22:28:10.526] [modloading-worker-0/INFO] [glitchcore/]: Registered synced config with path sereneseasons/fertility.toml
[24May2026 22:28:10.530] [modloading-worker-0/INFO] [glitchcore/]: Registered synced config with path sereneseasons/seasons.toml
[24May2026 22:28:10.562] [modloading-worker-0/INFO] [Moonlight/]: Sending changed configs to client
[24May2026 22:28:10.675] [modloading-worker-0/INFO] [STDOUT/]: [yalter.mousetweaks.Logger:Log:6]: [Mouse Tweaks] Disabled because not running on the client.
[24May2026 22:28:10.990] [modloading-worker-0/INFO] [thedarkcolour.kotlinforforge.neoforge.test.KotlinForForge/]: Kotlin For Forge Enabled!
[24May2026 22:28:11.005] [modloading-worker-0/INFO] [com.simibubi.create.Create/]: Create 6.0.10 initializing! Commit hash: ac0c444d9828da3453ae8cc65338e8de063286fb
[24May2026 22:28:11.073] [modloading-worker-0/INFO] [xaero.common.HudMod/]: Registering common data for channel xaerominimap:main!
[24May2026 22:28:11.157] [modloading-worker-0/INFO] [xaero.common.HudMod/]: Loading primary common config for channel xaerominimap:main!
[24May2026 22:28:11.158] [modloading-worker-0/INFO] [xaero.common.HudMod/]: Loading server config profiles for channel xaerominimap:main!
[24May2026 22:28:11.338] [modloading-worker-0/INFO] [coroutil/]: neo forge loader environment detected
[24May2026 22:28:11.939] [modloading-worker-0/INFO] [net.neoforged.coremod.CoreMod.apothic_enchanting/COREMODLOG]: Replaced 7 calls to Enchantment#getMaxLevel() in org/violetmoon/quark/content/tools/module/AncientTomesModule
[24May2026 22:28:11.970] [modloading-worker-0/INFO] [quark-zeta/]: Discovered 163 modules to load.
[24May2026 22:28:11.972] [modloading-worker-0/INFO] [quark-zeta/]: Constructing module Abacus...
[24May2026 22:28:11.981] [modloading-worker-0/INFO] [quark-zeta/]: Constructing module Adjustable Chat...
[24May2026 22:28:11.985] [modloading-worker-0/INFO] [quark-zeta/]: Constructing module Ambient Discs...
[24May2026 22:28:11.985] [modloading-worker-0/INFO] [quark-zeta/]: Constructing module Ancient Tomes...
[24May2026 22:28:11.996] [modloading-worker-0/INFO] [net.neoforged.coremod.CoreMod.apothic_enchanting/COREMODLOG]: Replaced 3 calls to Enchantment#getMaxLevel() in org/violetmoon/quark/content/tools/item/AncientTomeItem
[24May2026 22:28:12.006] [modloading-worker-0/INFO] [quark-zeta/]: Constructing module Ancient Wood...
[24May2026 22:28:12.010] [modloading-worker-0/INFO] [quark-zeta/]: Constructing module Armed Armor Stands...
[24May2026 22:28:12.011] [modloading-worker-0/INFO] [quark-zeta/]: Constructing module Auto Walk Keybind...
[24May2026 22:28:12.011] [modloading-worker-0/INFO] [quark-zeta/]: Constructing module Automatic Recipe Unlock...
[24May2026 22:28:12.012] [modloading-worker-0/INFO] [quark-zeta/]: Constructing module Automatic Tool Restock...
[24May2026 22:28:12.021] [modloading-worker-0/INFO] [quark-zeta/]: Constructing module Azalea Wood...
[24May2026 22:28:12.021] [modloading-worker-0/INFO] [quark-zeta/]: Constructing module Back Button Keybind...
[24May2026 22:28:12.023] [modloading-worker-0/INFO] [quark-zeta/]: Constructing module Backpack...
[24May2026 22:28:12.025] [modloading-worker-0/INFO] [quark-zeta/]: Constructing module Beacon Redirection...
[24May2026 22:28:12.029] [modloading-worker-0/INFO] [quark-zeta/]: Constructing module Better Elytra Rocket...
[24May2026 22:28:12.030] [modloading-worker-0/INFO] [quark-zeta/]: Constructing module Big Stone Clusters...
[24May2026 22:28:12.036] [modloading-worker-0/INFO] [quark-zeta/]: Constructing module Blossom Trees...
[24May2026 22:28:12.043] [modloading-worker-0/INFO] [quark-zeta/]: Constructing module Bottled Cloud...
[24May2026 22:28:12.049] [modloading-worker-0/INFO] [quark-zeta/]: Constructing module Buckets Show Inhabitants...
[24May2026 22:28:12.049] [modloading-worker-0/INFO] [quark-zeta/]: Constructing module Camera...
[24May2026 22:28:12.050] [modloading-worker-0/INFO] [quark-zeta/]: Constructing module Campfires Boost Elytra...
[24May2026 22:28:12.054] [modloading-worker-0/INFO] [quark-zeta/]: Constructing module Celebratory Lamps...
[24May2026 22:28:12.055] [modloading-worker-0/INFO] [quark-zeta/]: Constructing module Chains Connect Blocks...
[24May2026 22:28:12.055] [modloading-worker-0/INFO] [quark-zeta/]: Constructing module Cherry Grove Water Petals...
[24May2026 22:28:12.058] [modloading-worker-0/INFO] [quark-zeta/]: Constructing module Chest Searching...
[24May2026 22:28:12.058] [modloading-worker-0/INFO] [quark-zeta/]: Constructing module Chorus Vegetation...
[24May2026 22:28:12.067] [modloading-worker-0/INFO] [quark-zeta/]: Constructing module Chute...
[24May2026 22:28:12.068] [modloading-worker-0/INFO] [quark-zeta/]: Constructing module Climate Control Remover...
[24May2026 22:28:12.069] [modloading-worker-0/INFO] [quark-zeta/]: Constructing module Color Runes...
[24May2026 22:28:12.073] [modloading-worker-0/INFO] [quark-zeta/]: Constructing module Compasses Work Everywhere...
[24May2026 22:28:12.075] [modloading-worker-0/INFO] [quark-zeta/]: Constructing module Compressed Blocks...
[24May2026 22:28:12.076] [modloading-worker-0/INFO] [quark-zeta/]: Constructing module Coral On Cactus...
[24May2026 22:28:12.078] [modloading-worker-0/INFO] [quark-zeta/]: Constructing module Corundum...
[24May2026 22:28:12.090] [modloading-worker-0/INFO] [quark-zeta/]: Constructing module Crabs...
[24May2026 22:28:12.090] [modloading-worker-0/INFO] [quark-zeta/]: Constructing module Crate...
[24May2026 22:28:12.091] [modloading-worker-0/INFO] [quark-zeta/]: Constructing module Diamond Repair...
[24May2026 22:28:12.092] [modloading-worker-0/INFO] [quark-zeta/]: Constructing module Dispensers Place Blocks...
[24May2026 22:28:12.092] [modloading-worker-0/INFO] [quark-zeta/]: Constructing module Double Door Opening...
[24May2026 22:28:12.093] [modloading-worker-0/INFO] [quark-zeta/]: Constructing module Dragon Scales...
[24May2026 22:28:12.093] [modloading-worker-0/INFO] [quark-zeta/]: Constructing module Duskbound Blocks...
[24May2026 22:28:12.093] [modloading-worker-0/INFO] [quark-zeta/]: Constructing module Dyeable Item Frames...
[24May2026 22:28:12.095] [modloading-worker-0/INFO] [quark-zeta/]: Constructing module Easy Transferring...
[24May2026 22:28:12.095] [modloading-worker-0/INFO] [quark-zeta/]: Constructing module Elytra Indicator...
[24May2026 22:28:12.095] [modloading-worker-0/INFO] [quark-zeta/]: Constructing module Emotes...
[24May2026 22:28:12.096] [modloading-worker-0/INFO] [quark-zeta/]: Constructing module Ender Watcher...
[24May2026 22:28:12.123] [modloading-worker-0/INFO] [quark-zeta/]: Constructing module Endermosh Music Disc...
[24May2026 22:28:12.126] [modloading-worker-0/INFO] [quark-zeta/]: Constructing module Enhanced Ladders...
[24May2026 22:28:12.131] [modloading-worker-0/INFO] [quark-zeta/]: Constructing module Expanded Item Interactions...
[24May2026 22:28:12.132] [modloading-worker-0/INFO] [quark-zeta/]: Constructing module Fairy Rings...
[24May2026 22:28:12.136] [modloading-worker-0/INFO] [quark-zeta/]: Constructing module Fallen Logs...
[24May2026 22:28:12.137] [modloading-worker-0/INFO] [quark-zeta/]: Constructing module Feeding Trough...
[24May2026 22:28:12.142] [modloading-worker-0/INFO] [quark-zeta/]: Constructing module Forgotten...
[24May2026 22:28:12.168] [modloading-worker-0/INFO] [quark-zeta/]: Constructing module Foxhound...
[24May2026 22:28:12.169] [modloading-worker-0/INFO] [quark-zeta/]: Constructing module Framed Glass...
[24May2026 22:28:12.174] [modloading-worker-0/INFO] [quark-zeta/]: Constructing module Game Nerfs...
[24May2026 22:28:12.175] [modloading-worker-0/INFO] [quark-zeta/]: Constructing module Glass Item Frame...
[24May2026 22:28:12.190] [modloading-worker-0/INFO] [quark-zeta/]: Constructing module Glass Shard...
[24May2026 22:28:12.195] [modloading-worker-0/INFO] [quark-zeta/]: Constructing module Glimmering Weald...
[24May2026 22:28:12.202] [modloading-worker-0/INFO] [quark-zeta/]: Constructing module Gold Bars...
[24May2026 22:28:12.204] [modloading-worker-0/INFO] [quark-zeta/]: Constructing module Gold Tools Have Fortune...
[24May2026 22:28:12.211] [modloading-worker-0/INFO] [quark-zeta/]: Constructing module Grab Chickens...
[24May2026 22:28:12.211] [modloading-worker-0/INFO] [quark-zeta/]: Constructing module Grate...
[24May2026 22:28:12.214] [modloading-worker-0/INFO] [quark-zeta/]: Constructing module Gravisand...
[24May2026 22:28:12.215] [modloading-worker-0/INFO] [quark-zeta/]: Constructing module Greener Grass...
[24May2026 22:28:12.217] [modloading-worker-0/INFO] [quark-zeta/]: Constructing module Hedges...
[24May2026 22:28:12.218] [modloading-worker-0/INFO] [quark-zeta/]: Constructing module Hoe Harvesting...
[24May2026 22:28:12.218] [modloading-worker-0/INFO] [quark-zeta/]: Constructing module Hollow Logs...
[24May2026 22:28:12.219] [modloading-worker-0/INFO] [quark-zeta/]: Constructing module Horses Swim...
[24May2026 22:28:12.219] [modloading-worker-0/INFO] [quark-zeta/]: Constructing module Hotbar Changer...
[24May2026 22:28:12.219] [modloading-worker-0/INFO] [quark-zeta/]: Constructing module Improved Sponges...
[24May2026 22:28:12.219] [modloading-worker-0/INFO] [quark-zeta/]: Constructing module Improved Tooltips...
[24May2026 22:28:12.220] [modloading-worker-0/INFO] [quark-zeta/]: Constructing module Industrial Palette...
[24May2026 22:28:12.222] [modloading-worker-0/INFO] [quark-zeta/]: Constructing module Inventory Sorting...
[24May2026 22:28:12.227] [modloading-worker-0/INFO] [quark-zeta/]: Constructing module Iron Rod...
[24May2026 22:28:12.229] [modloading-worker-0/INFO] [quark-zeta/]: Constructing module Item Sharing...
[24May2026 22:28:12.230] [modloading-worker-0/INFO] [quark-zeta/]: Constructing module Japanese Palette...
[24May2026 22:28:12.233] [modloading-worker-0/INFO] [quark-zeta/]: Constructing module Leaf Carpet...
[24May2026 22:28:12.236] [modloading-worker-0/INFO] [quark-zeta/]: Constructing module Lock Rotation...
[24May2026 22:28:12.236] [modloading-worker-0/INFO] [quark-zeta/]: Constructing module Long Range Pick Block...
[24May2026 22:28:12.237] [modloading-worker-0/INFO] [quark-zeta/]: Constructing module Magma Keeps Concrete Powder...
[24May2026 22:28:12.237] [modloading-worker-0/INFO] [quark-zeta/]: Constructing module Magnets...
[24May2026 22:28:12.246] [modloading-worker-0/INFO] [quark-zeta/]: Constructing module Map Washing...
[24May2026 22:28:12.246] [modloading-worker-0/INFO] [quark-zeta/]: Constructing module Matrix Enchanting...
[24May2026 22:28:12.254] [modloading-worker-0/INFO] [quark-zeta/]: Constructing module Metal Buttons...
[24May2026 22:28:12.255] [modloading-worker-0/INFO] [quark-zeta/]: Constructing module Microcrafting Helper...
[24May2026 22:28:12.256] [modloading-worker-0/INFO] [quark-zeta/]: Constructing module Midori...
[24May2026 22:28:12.259] [modloading-worker-0/INFO] [quark-zeta/]: Constructing module Monster Box...
[24May2026 22:28:12.259] [modloading-worker-0/INFO] [quark-zeta/]: Constructing module More Banner Layers...
[24May2026 22:28:12.262] [modloading-worker-0/INFO] [quark-zeta/]: Constructing module More Brick Types...
[24May2026 22:28:12.262] [modloading-worker-0/INFO] [quark-zeta/]: Constructing module More Mud Blocks...
[24May2026 22:28:12.263] [modloading-worker-0/INFO] [quark-zeta/]: Constructing module More Note Block Sounds...
[24May2026 22:28:12.263] [modloading-worker-0/INFO] [quark-zeta/]: Constructing module More Potted Plants...
[24May2026 22:28:12.263] [modloading-worker-0/INFO] [quark-zeta/]: Constructing module More Villagers...
[24May2026 22:28:12.266] [modloading-worker-0/INFO] [quark-zeta/]: Constructing module Narrator Readout...
[24May2026 22:28:12.267] [modloading-worker-0/INFO] [quark-zeta/]: Constructing module Nether Brick Fence Gate...
[24May2026 22:28:12.267] [modloading-worker-0/INFO] [quark-zeta/]: Constructing module Nether Obsidian Spikes...
[24May2026 22:28:12.268] [modloading-worker-0/INFO] [quark-zeta/]: Constructing module New Stone Types...
[24May2026 22:28:12.278] [modloading-worker-0/INFO] [quark-zeta/]: Constructing module No Durability On Cosmetics...
[24May2026 22:28:12.278] [modloading-worker-0/INFO] [quark-zeta/]: Constructing module No More Lava Pockets...
[24May2026 22:28:12.278] [modloading-worker-0/INFO] [quark-zeta/]: Constructing module Obsidian Plate...
[24May2026 22:28:12.283] [modloading-worker-0/INFO] [quark-zeta/]: Constructing module Overlay Shader...
[24May2026 22:28:12.283] [modloading-worker-0/INFO] [quark-zeta/]: Constructing module Parrot Eggs...
[24May2026 22:28:12.288] [modloading-worker-0/INFO] [quark-zeta/]: Constructing module Pat The Dogs...
[24May2026 22:28:12.293] [modloading-worker-0/INFO] [quark-zeta/]: Constructing module Pathfinder Maps...
[24May2026 22:28:12.308] [modloading-worker-0/INFO] [quark-zeta/]: Constructing module Permafrost...
[24May2026 22:28:12.309] [modloading-worker-0/INFO] [quark-zeta/]: Constructing module Petals On Water...
[24May2026 22:28:12.313] [modloading-worker-0/INFO] [quark-zeta/]: Constructing module Pickarang...
[24May2026 22:28:12.318] [modloading-worker-0/INFO] [quark-zeta/]: Constructing module Pig Litters...
[24May2026 22:28:12.320] [modloading-worker-0/INFO] [quark-zeta/]: Constructing module Pipes...
[24May2026 22:28:12.329] [modloading-worker-0/INFO] [quark-zeta/]: Constructing module Pistons Move Tile Entities...
[24May2026 22:28:12.330] [modloading-worker-0/INFO] [quark-zeta/]: Constructing module Poison Potato Usage...
[24May2026 22:28:12.330] [modloading-worker-0/INFO] [quark-zeta/]: Constructing module Quick Armor Swapping...
[24May2026 22:28:12.330] [modloading-worker-0/INFO] [quark-zeta/]: Constructing module Rainbow Lamps...
[24May2026 22:28:12.331] [modloading-worker-0/INFO] [quark-zeta/]: Constructing module Raw Metal Bricks...
[24May2026 22:28:12.331] [modloading-worker-0/INFO] [quark-zeta/]: Constructing module Reacharound Placing...
[24May2026 22:28:12.332] [modloading-worker-0/INFO] [quark-zeta/]: Constructing module Redstone Randomizer...
[24May2026 22:28:12.343] [modloading-worker-0/INFO] [quark-zeta/]: Constructing module Renewable Spore Blossoms...
[24May2026 22:28:12.344] [modloading-worker-0/INFO] [quark-zeta/]: Constructing module Replace Scaffolding...
[24May2026 22:28:12.347] [modloading-worker-0/INFO] [quark-zeta/]: Constructing module Rope...
[24May2026 22:28:12.349] [modloading-worker-0/INFO] [quark-zeta/]: Constructing module Safer Creatures...
[24May2026 22:28:12.350] [modloading-worker-0/INFO] [quark-zeta/]: Constructing module Seed Pouch...
[24May2026 22:28:12.360] [modloading-worker-0/INFO] [quark-zeta/]: Constructing module Shear Vines...
[24May2026 22:28:12.364] [modloading-worker-0/INFO] [quark-zeta/]: Constructing module Shiba...
[24May2026 22:28:12.367] [modloading-worker-0/INFO] [quark-zeta/]: Constructing module Shingles...
[24May2026 22:28:12.369] [modloading-worker-0/INFO] [quark-zeta/]: Constructing module Shulker Packing...
[24May2026 22:28:12.370] [modloading-worker-0/INFO] [quark-zeta/]: Constructing module Simple Harvest...
[24May2026 22:28:12.375] [modloading-worker-0/INFO] [quark-zeta/]: Constructing module Skull Pikes...
[24May2026 22:28:12.381] [modloading-worker-0/INFO] [quark-zeta/]: Constructing module Slabs To Blocks...
[24May2026 22:28:12.391] [modloading-worker-0/INFO] [quark-zeta/]: Constructing module Slime In A Bucket...
[24May2026 22:28:12.396] [modloading-worker-0/INFO] [quark-zeta/]: Constructing module Slimes To Magma Cubes...
[24May2026 22:28:12.397] [modloading-worker-0/INFO] [quark-zeta/]: Constructing module Snow Golem Player Heads...
[24May2026 22:28:12.407] [modloading-worker-0/INFO] [quark-zeta/]: Constructing module Soul Candles...
[24May2026 22:28:12.407] [modloading-worker-0/INFO] [quark-zeta/]: Constructing module Soul Sandstone...
[24May2026 22:28:12.407] [modloading-worker-0/INFO] [quark-zeta/]: Constructing module Spawner Replacer...
[24May2026 22:28:12.408] [modloading-worker-0/INFO] [quark-zeta/]: Constructing module Spiral Spires...
[24May2026 22:28:12.418] [modloading-worker-0/INFO] [quark-zeta/]: Constructing module Stonelings...
[24May2026 22:28:12.421] [modloading-worker-0/INFO] [quark-zeta/]: Constructing module Stools...
[24May2026 22:28:12.426] [modloading-worker-0/INFO] [quark-zeta/]: Constructing module Sturdy Stone...
[24May2026 22:28:12.428] [modloading-worker-0/INFO] [quark-zeta/]: Constructing module Thatch...
[24May2026 22:28:12.440] [modloading-worker-0/INFO] [quark-zeta/]: Constructing module Tiny Potato...
[24May2026 22:28:12.442] [modloading-worker-0/INFO] [quark-zeta/]: Constructing module Torch Arrow...
[24May2026 22:28:12.452] [modloading-worker-0/INFO] [quark-zeta/]: Constructing module Toretoise...
[24May2026 22:28:12.452] [modloading-worker-0/INFO] [quark-zeta/]: Constructing module Totem Of Holding...
[24May2026 22:28:12.454] [modloading-worker-0/INFO] [quark-zeta/]: Constructing module Trowel...
[24May2026 22:28:12.462] [modloading-worker-0/INFO] [quark-zeta/]: Constructing module Usage Ticker...
[24May2026 22:28:12.464] [modloading-worker-0/INFO] [quark-zeta/]: Constructing module Uses For Curses...
[24May2026 22:28:12.465] [modloading-worker-0/INFO] [quark-zeta/]: Constructing module Utility Recipes...
[24May2026 22:28:12.466] [modloading-worker-0/INFO] [quark-zeta/]: Constructing module Vanilla Stone Clusters...
[24May2026 22:28:12.469] [modloading-worker-0/INFO] [quark-zeta/]: Constructing module Variant Animal Textures...
[24May2026 22:28:12.470] [modloading-worker-0/INFO] [quark-zeta/]: Constructing module Variant Bookshelves...
[24May2026 22:28:12.474] [modloading-worker-0/INFO] [quark-zeta/]: Constructing module Variant Chests...
[24May2026 22:28:12.475] [modloading-worker-0/INFO] [quark-zeta/]: Constructing module Variant Furnaces...
[24May2026 22:28:12.477] [modloading-worker-0/INFO] [quark-zeta/]: Constructing module Variant Ladders...
[24May2026 22:28:12.478] [modloading-worker-0/INFO] [quark-zeta/]: Constructing module Variant Selector...
[24May2026 22:28:12.480] [modloading-worker-0/INFO] [quark-zeta/]: Constructing module Vertical Planks...
[24May2026 22:28:12.480] [modloading-worker-0/INFO] [quark-zeta/]: Constructing module Vertical Slabs...
[24May2026 22:28:12.487] [modloading-worker-0/INFO] [quark-zeta/]: Constructing module Vexes Die With Their Masters...
[24May2026 22:28:12.491] [modloading-worker-0/INFO] [quark-zeta/]: Constructing module Villager Rerolling Rework...
[24May2026 22:28:12.493] [modloading-worker-0/INFO] [quark-zeta/]: Constructing module Villagers Follow Emeralds...
[24May2026 22:28:12.496] [modloading-worker-0/INFO] [quark-zeta/]: Constructing module Wooden Posts...
[24May2026 22:28:12.498] [modloading-worker-0/INFO] [quark-zeta/]: Constructing module Wool Shuts Up Minecarts...
[24May2026 22:28:12.499] [modloading-worker-0/INFO] [quark-zeta/]: Constructing module Wraith...
[24May2026 22:28:12.509] [modloading-worker-0/INFO] [quark-zeta/]: Constructing module Zombie Villagers On Normal...
[24May2026 22:28:12.512] [modloading-worker-0/INFO] [quark-zeta/]: Constructing module More Stone Variants...
[24May2026 22:28:12.513] [modloading-worker-0/INFO] [quark-zeta/]: Constructed 163 modules.
[24May2026 22:28:12.613] [modloading-worker-0/INFO] [quark-zeta/]: Doing super early config setup for quark
[24May2026 22:28:12.618] [modloading-worker-0/WARN] [dev.xylonity.explosiveenhancement.ExplosiveEnhancement/]: Explosive Enhancement: Reforged won't be loaded as it should be initialized on the client side.
[24May2026 22:28:12.694] [modloading-worker-0/INFO] [dev.ryanhcode.sable.Sable/]: Sable loaded!
[24May2026 22:28:12.731] [modloading-worker-0/INFO] [net.sprocketgames.create_aeronautics_automated_logistics.CreateAeronauticsAutomatedLogistics/]: Create Aeronautics dependency state: aeronautics=1.2.1, bundled=1.2.1, create=6.0.10, sable=1.2.2, simulated=1.2.1
[24May2026 22:28:18.351] [modloading-sync-worker/WARN] [net.minecraft.network.syncher.SynchedEntityData/]: defineId called for: class net.conczin.mca.entity.VillagerEntityMCA from class net.conczin.mca.util.network.datasync.CDataParameter
[24May2026 22:28:18.352] [modloading-sync-worker/WARN] [net.minecraft.network.syncher.SynchedEntityData/]: defineId called for: class net.conczin.mca.entity.VillagerEntityMCA from class net.conczin.mca.util.network.datasync.CDataParameter
[24May2026 22:28:18.352] [modloading-sync-worker/WARN] [net.minecraft.network.syncher.SynchedEntityData/]: defineId called for: class net.conczin.mca.entity.VillagerEntityMCA from class net.conczin.mca.util.network.datasync.CDataParameter
[24May2026 22:28:18.352] [modloading-sync-worker/WARN] [net.minecraft.network.syncher.SynchedEntityData/]: defineId called for: class net.conczin.mca.entity.VillagerEntityMCA from class net.conczin.mca.util.network.datasync.CDataParameter
[24May2026 22:28:18.352] [modloading-sync-worker/WARN] [net.minecraft.network.syncher.SynchedEntityData/]: defineId called for: class net.conczin.mca.entity.VillagerEntityMCA from class net.conczin.mca.util.network.datasync.CDataParameter
[24May2026 22:28:18.352] [modloading-sync-worker/WARN] [net.minecraft.network.syncher.SynchedEntityData/]: defineId called for: class net.conczin.mca.entity.VillagerEntityMCA from class net.conczin.mca.util.network.datasync.CEnumParameter
[24May2026 22:28:18.354] [modloading-sync-worker/WARN] [net.minecraft.network.syncher.SynchedEntityData/]: defineId called for: class net.conczin.mca.entity.VillagerEntityMCA from class net.conczin.mca.util.network.datasync.CDataParameter
[24May2026 22:28:18.354] [modloading-sync-worker/WARN] [net.minecraft.network.syncher.SynchedEntityData/]: defineId called for: class net.conczin.mca.entity.VillagerEntityMCA from class net.conczin.mca.util.network.datasync.CDataParameter
[24May2026 22:28:18.354] [modloading-sync-worker/WARN] [net.minecraft.network.syncher.SynchedEntityData/]: defineId called for: class net.conczin.mca.entity.VillagerEntityMCA from class net.conczin.mca.util.network.datasync.CDataParameter
[24May2026 22:28:18.354] [modloading-sync-worker/WARN] [net.minecraft.network.syncher.SynchedEntityData/]: defineId called for: class net.conczin.mca.entity.VillagerEntityMCA from class net.conczin.mca.util.network.datasync.CDataParameter
[24May2026 22:28:18.354] [modloading-sync-worker/WARN] [net.minecraft.network.syncher.SynchedEntityData/]: defineId called for: class net.conczin.mca.entity.VillagerEntityMCA from class net.conczin.mca.util.network.datasync.CDataParameter
[24May2026 22:28:18.354] [modloading-sync-worker/WARN] [net.minecraft.network.syncher.SynchedEntityData/]: defineId called for: class net.conczin.mca.entity.VillagerEntityMCA from class net.conczin.mca.util.network.datasync.CDataParameter
[24May2026 22:28:18.355] [modloading-sync-worker/WARN] [net.minecraft.network.syncher.SynchedEntityData/]: defineId called for: class net.conczin.mca.entity.VillagerEntityMCA from class net.conczin.mca.util.network.datasync.CDataParameter
[24May2026 22:28:18.355] [modloading-sync-worker/WARN] [net.minecraft.network.syncher.SynchedEntityData/]: defineId called for: class net.conczin.mca.entity.VillagerEntityMCA from class net.conczin.mca.util.network.datasync.CDataParameter
[24May2026 22:28:18.355] [modloading-sync-worker/WARN] [net.minecraft.network.syncher.SynchedEntityData/]: defineId called for: class net.conczin.mca.entity.VillagerEntityMCA from class net.conczin.mca.util.network.datasync.CDataParameter
[24May2026 22:28:18.355] [modloading-sync-worker/WARN] [net.minecraft.network.syncher.SynchedEntityData/]: defineId called for: class net.conczin.mca.entity.VillagerEntityMCA from class net.conczin.mca.util.network.datasync.CDataParameter
[24May2026 22:28:18.355] [modloading-sync-worker/WARN] [net.minecraft.network.syncher.SynchedEntityData/]: defineId called for: class net.conczin.mca.entity.VillagerEntityMCA from class net.conczin.mca.util.network.datasync.CDataParameter
[24May2026 22:28:18.355] [modloading-sync-worker/WARN] [net.minecraft.network.syncher.SynchedEntityData/]: defineId called for: class net.conczin.mca.entity.VillagerEntityMCA from class net.conczin.mca.util.network.datasync.CEnumParameter
[24May2026 22:28:18.355] [modloading-sync-worker/WARN] [net.minecraft.network.syncher.SynchedEntityData/]: defineId called for: class net.conczin.mca.entity.VillagerEntityMCA from class net.conczin.mca.util.network.datasync.CDataParameter
[24May2026 22:28:18.359] [modloading-sync-worker/WARN] [net.minecraft.network.syncher.SynchedEntityData/]: defineId called for: class net.conczin.mca.entity.VillagerEntityMCA from class net.conczin.mca.util.network.datasync.CDataParameter
[24May2026 22:28:18.359] [modloading-sync-worker/WARN] [net.minecraft.network.syncher.SynchedEntityData/]: defineId called for: class net.conczin.mca.entity.VillagerEntityMCA from class net.conczin.mca.util.network.datasync.CEnumParameter
[24May2026 22:28:18.359] [modloading-sync-worker/WARN] [net.minecraft.network.syncher.SynchedEntityData/]: defineId called for: class net.conczin.mca.entity.VillagerEntityMCA from class net.conczin.mca.util.network.datasync.CDataParameter
[24May2026 22:28:18.359] [modloading-sync-worker/WARN] [net.minecraft.network.syncher.SynchedEntityData/]: defineId called for: class net.conczin.mca.entity.VillagerEntityMCA from class net.conczin.mca.util.network.datasync.CEnumParameter
[24May2026 22:28:18.359] [modloading-sync-worker/WARN] [net.minecraft.network.syncher.SynchedEntityData/]: defineId called for: class net.conczin.mca.entity.VillagerEntityMCA from class net.conczin.mca.util.network.datasync.CEnumParameter
[24May2026 22:28:18.359] [modloading-sync-worker/WARN] [net.minecraft.network.syncher.SynchedEntityData/]: defineId called for: class net.conczin.mca.entity.VillagerEntityMCA from class net.conczin.mca.util.network.datasync.CDataParameter
[24May2026 22:28:18.359] [modloading-sync-worker/WARN] [net.minecraft.network.syncher.SynchedEntityData/]: defineId called for: class net.conczin.mca.entity.VillagerEntityMCA from class net.conczin.mca.util.network.datasync.CDataParameter
[24May2026 22:28:18.359] [modloading-sync-worker/WARN] [net.minecraft.network.syncher.SynchedEntityData/]: defineId called for: class net.conczin.mca.entity.VillagerEntityMCA from class net.conczin.mca.util.network.datasync.CDataParameter
[24May2026 22:28:18.360] [modloading-sync-worker/WARN] [net.minecraft.network.syncher.SynchedEntityData/]: defineId called for: class net.conczin.mca.entity.VillagerEntityMCA from class net.conczin.mca.util.network.datasync.CDataParameter
[24May2026 22:28:18.360] [modloading-sync-worker/WARN] [net.minecraft.network.syncher.SynchedEntityData/]: defineId called for: class net.conczin.mca.entity.VillagerEntityMCA from class net.conczin.mca.util.network.datasync.CDataParameter
[24May2026 22:28:18.361] [modloading-sync-worker/WARN] [net.minecraft.network.syncher.SynchedEntityData/]: defineId called for: class net.conczin.mca.entity.VillagerEntityMCA from class net.conczin.mca.util.network.datasync.CDataParameter
[24May2026 22:28:18.365] [modloading-sync-worker/WARN] [net.minecraft.network.syncher.SynchedEntityData/]: defineId called for: class net.conczin.mca.entity.VillagerEntityMCA from class net.conczin.mca.util.network.datasync.CDataParameter
[24May2026 22:28:18.365] [modloading-sync-worker/WARN] [net.minecraft.network.syncher.SynchedEntityData/]: defineId called for: class net.conczin.mca.entity.VillagerEntityMCA from class net.conczin.mca.util.network.datasync.CDataParameter
[24May2026 22:28:18.366] [modloading-sync-worker/WARN] [net.minecraft.network.syncher.SynchedEntityData/]: defineId called for: class net.conczin.mca.entity.VillagerEntityMCA from class net.conczin.mca.util.network.datasync.CDataParameter
[24May2026 22:28:18.366] [modloading-sync-worker/WARN] [net.minecraft.network.syncher.SynchedEntityData/]: defineId called for: class net.conczin.mca.entity.VillagerEntityMCA from class net.conczin.mca.util.network.datasync.CDataParameter
[24May2026 22:28:18.366] [modloading-sync-worker/WARN] [net.minecraft.network.syncher.SynchedEntityData/]: defineId called for: class net.conczin.mca.entity.VillagerEntityMCA from class net.conczin.mca.util.network.datasync.CDataParameter
[24May2026 22:28:18.375] [modloading-sync-worker/WARN] [net.minecraft.network.syncher.SynchedEntityData/]: defineId called for: class net.conczin.mca.entity.GrimReaperEntity from class net.conczin.mca.util.network.datasync.CEnumParameter
[24May2026 22:28:18.912] [modloading-sync-worker/INFO] [Moonlight/]: Initialized block sets in 27ms
[24May2026 22:28:20.035] [modloading-sync-worker/INFO] [Moonlight/]: Sending changed configs to client
[24May2026 22:28:20.064] [modloading-sync-worker/INFO] [Moonlight/]: Sending changed configs to client
[24May2026 22:28:20.099] [modloading-worker-0/INFO] [incontrol/]: Enabling support for Serene Seasons
[24May2026 22:28:20.099] [modloading-worker-0/INFO] [incontrol/]: Enabling support for CustomNPCs
[24May2026 22:28:20.107] [modloading-worker-0/INFO] [net.bandit.darkdoppelganger.DarkDoppelgangerMod/]: Common setup for Dark Doppelganger Mod
[24May2026 22:28:20.109] [modloading-worker-0/INFO] [voicechat/]: [voicechat] Compatibility version 20
[24May2026 22:28:20.112] [NeoForge Version Check/INFO] [net.neoforged.fml.VersionChecker/]: [aether] Starting version check at https://github.com/The-Aether-Team/The-Aether/raw/1.21.1-develop/update.json
[24May2026 22:28:20.128] [modloading-worker-0/INFO] [quark/]: added [block.quark.ancient_sapling] to CompostManager with chance 0.3
[24May2026 22:28:20.128] [modloading-worker-0/INFO] [quark/]: added [block.quark.ancient_leaves] to CompostManager with chance 0.3
[24May2026 22:28:20.128] [modloading-worker-0/INFO] [quark/]: added [item.quark.ancient_fruit] to CompostManager with chance 0.65
[24May2026 22:28:20.159] [modloading-worker-0/INFO] [quark/]: added [block.quark.blue_blossom_leaves] to CompostManager with chance 0.3
[24May2026 22:28:20.160] [modloading-worker-0/INFO] [quark/]: added [block.quark.blue_blossom_sapling] to CompostManager with chance 0.3
[24May2026 22:28:20.160] [modloading-worker-0/INFO] [quark/]: added [block.quark.lavender_blossom_leaves] to CompostManager with chance 0.3
[24May2026 22:28:20.160] [modloading-worker-0/INFO] [quark/]: added [block.quark.lavender_blossom_sapling] to CompostManager with chance 0.3
[24May2026 22:28:20.160] [modloading-worker-0/INFO] [quark/]: added [block.quark.orange_blossom_leaves] to CompostManager with chance 0.3
[24May2026 22:28:20.160] [modloading-worker-0/INFO] [quark/]: added [block.quark.orange_blossom_sapling] to CompostManager with chance 0.3
[24May2026 22:28:20.160] [modloading-worker-0/INFO] [quark/]: added [block.quark.yellow_blossom_leaves] to CompostManager with chance 0.3
[24May2026 22:28:20.160] [modloading-worker-0/INFO] [quark/]: added [block.quark.yellow_blossom_sapling] to CompostManager with chance 0.3
[24May2026 22:28:20.161] [modloading-worker-0/INFO] [quark/]: added [block.quark.red_blossom_leaves] to CompostManager with chance 0.3
[24May2026 22:28:20.161] [modloading-worker-0/INFO] [quark/]: added [block.quark.red_blossom_sapling] to CompostManager with chance 0.3
[24May2026 22:28:20.167] [modloading-worker-0/INFO] [quark/]: added [block.quark.apple_crate] to CompostManager with chance 1.0
[24May2026 22:28:20.168] [modloading-worker-0/INFO] [quark/]: added [block.quark.potato_crate] to CompostManager with chance 1.0
[24May2026 22:28:20.168] [modloading-worker-0/INFO] [quark/]: added [block.quark.carrot_crate] to CompostManager with chance 1.0
[24May2026 22:28:20.168] [modloading-worker-0/INFO] [quark/]: added [block.quark.beetroot_crate] to CompostManager with chance 1.0
[24May2026 22:28:20.168] [modloading-worker-0/INFO] [quark/]: added [block.quark.cocoa_beans_sack] to CompostManager with chance 1.0
[24May2026 22:28:20.168] [modloading-worker-0/INFO] [quark/]: added [block.quark.nether_wart_sack] to CompostManager with chance 1.0
[24May2026 22:28:20.168] [modloading-worker-0/INFO] [quark/]: added [block.quark.berry_sack] to CompostManager with chance 1.0
[24May2026 22:28:20.168] [modloading-worker-0/INFO] [quark/]: added [block.quark.glowberry_sack] to CompostManager with chance 1.0
[24May2026 22:28:20.178] [modloading-worker-0/INFO] [quark/]: added [block.quark.glow_shroom] to CompostManager with chance 0.65
[24May2026 22:28:20.178] [modloading-worker-0/INFO] [quark/]: added [block.quark.glow_shroom_block] to CompostManager with chance 0.65
[24May2026 22:28:20.178] [modloading-worker-0/INFO] [quark/]: added [block.quark.glow_shroom_stem] to CompostManager with chance 0.65
[24May2026 22:28:20.179] [modloading-worker-0/INFO] [quark/]: added [block.quark.glow_shroom_ring] to CompostManager with chance 0.65
[24May2026 22:28:20.179] [modloading-worker-0/INFO] [quark/]: added [block.quark.glow_lichen_growth] to CompostManager with chance 0.5
[24May2026 22:28:20.179] [modloading-worker-0/INFO] [quark/]: added [block.quark.oak_leaf_carpet] to CompostManager with chance 0.2
[24May2026 22:28:20.179] [modloading-worker-0/INFO] [quark/]: added [block.quark.spruce_leaf_carpet] to CompostManager with chance 0.2
[24May2026 22:28:20.179] [modloading-worker-0/INFO] [quark/]: added [block.quark.birch_leaf_carpet] to CompostManager with chance 0.2
[24May2026 22:28:20.179] [modloading-worker-0/INFO] [quark/]: added [block.quark.jungle_leaf_carpet] to CompostManager with chance 0.2
[24May2026 22:28:20.179] [modloading-worker-0/INFO] [quark/]: added [block.quark.acacia_leaf_carpet] to CompostManager with chance 0.2
[24May2026 22:28:20.180] [modloading-worker-0/INFO] [quark/]: added [block.quark.dark_oak_leaf_carpet] to CompostManager with chance 0.2
[24May2026 22:28:20.180] [modloading-worker-0/INFO] [quark/]: added [block.quark.mangrove_leaf_carpet] to CompostManager with chance 0.2
[24May2026 22:28:20.180] [modloading-worker-0/INFO] [quark/]: added [block.quark.cherry_leaf_carpet] to CompostManager with chance 0.2
[24May2026 22:28:20.180] [modloading-worker-0/INFO] [quark/]: added [block.quark.azalea_leaf_carpet] to CompostManager with chance 0.2
[24May2026 22:28:20.180] [modloading-worker-0/INFO] [quark/]: added [block.quark.flowering_azalea_leaf_carpet] to CompostManager with chance 0.2
[24May2026 22:28:20.180] [modloading-worker-0/INFO] [quark/]: added [block.quark.blue_blossom_leaf_carpet] to CompostManager with chance 0.2
[24May2026 22:28:20.180] [modloading-worker-0/INFO] [quark/]: added [block.quark.lavender_blossom_leaf_carpet] to CompostManager with chance 0.2
[24May2026 22:28:20.180] [modloading-worker-0/INFO] [quark/]: added [block.quark.orange_blossom_leaf_carpet] to CompostManager with chance 0.2
[24May2026 22:28:20.181] [modloading-worker-0/INFO] [quark/]: added [block.quark.yellow_blossom_leaf_carpet] to CompostManager with chance 0.2
[24May2026 22:28:20.181] [modloading-worker-0/INFO] [quark/]: added [block.quark.red_blossom_leaf_carpet] to CompostManager with chance 0.2
[24May2026 22:28:20.181] [modloading-worker-0/INFO] [quark/]: added [block.quark.ancient_leaf_carpet] to CompostManager with chance 0.2
[24May2026 22:28:20.193] [modloading-worker-0/INFO] [quark/]: added [block.quark.thatch] to CompostManager with chance 0.65
[24May2026 22:28:20.193] [modloading-worker-0/INFO] [quark/]: added [Poisonous Potato] to CompostManager with chance 0.85
[24May2026 22:28:20.193] [modloading-worker-0/INFO] [quark/]: added [Rotten Flesh] to CompostManager with chance 0.3
[24May2026 22:28:20.203] [modloading-worker-0/INFO] [voicechat/]: [voicechat] Loading plugins
[24May2026 22:28:20.229] [modloading-worker-0/INFO] [voicechat/]: [voicechat] Loaded 1 plugin(s)
[24May2026 22:28:20.229] [modloading-worker-0/INFO] [voicechat/]: [voicechat] Initializing plugins
[24May2026 22:28:20.246] [modloading-worker-0/INFO] [Sound Physics - General/]: Initializing Simple Voice Chat integration
[24May2026 22:28:20.246] [modloading-worker-0/INFO] [voicechat/]: [voicechat] Initialized 1 plugin(s)
[24May2026 22:28:20.249] [modloading-worker-0/INFO] [voicechat/]: [voicechat] Registering events for 'sound_physics_remastered'
[24May2026 22:28:20.260] [NeoForge Version Check/INFO] [net.neoforged.fml.VersionChecker/]: [aether] Found status: UP_TO_DATE Current: 1.5.10 Target: null
[24May2026 22:28:20.260] [NeoForge Version Check/INFO] [net.neoforged.fml.VersionChecker/]: [cataclysmspells_compat] Starting version check at https://modrinth.com/user/rymusov/updates.json?neoforge=only
[24May2026 22:28:20.263] [modloading-worker-0/INFO] [xaero.lib.XaeroLib/]: Loading XaeroLib common 1/2!
[24May2026 22:28:20.286] [modloading-worker-0/INFO] [mekanism.common.Mekanism/]: Version 10.7.19 initializing...
[24May2026 22:28:20.294] [modloading-worker-0/INFO] [mekanism.common.Mekanism/]: Initialized HolidayManager.
[24May2026 22:28:20.314] [modloading-worker-0/INFO] [mekanism.common.Mekanism/]: Fake player readout: UUID = 46e82cd0-d480-3d48-800a-77431ede078e, name = [Mekanism]
[24May2026 22:28:20.315] [modloading-worker-0/INFO] [mekanism.common.Mekanism/]: Mod loaded.
[24May2026 22:28:20.315] [modloading-worker-0/INFO] [mekanism.common.Mekanism/]: Loaded 'Mekanism: Generators' module.
[24May2026 22:28:20.316] [modloading-worker-0/INFO] [mekanism.common.Mekanism/]: Loaded 'Mekanism: Tools' module.
[24May2026 22:28:20.358] [modloading-worker-0/INFO] [com.klikli_dev.occultism.Occultism/]: Common setup complete.
[24May2026 22:28:20.398] [modloading-sync-worker/INFO] [zeta/]: Common setup: Performing initial refresh of zeta's config on thread 'modloading-sync-worker'
[24May2026 22:28:20.399] [modloading-sync-worker/INFO] [zeta/]: 'zeta' is enabling Zeta's piston structure resolver.
[24May2026 22:28:20.400] [modloading-sync-worker/INFO] [zeta/]: Waiting for server start before accepting filewatcher changes to zeta's config
[24May2026 22:28:20.415] [modloading-sync-worker/INFO] [Supplementaries/]: Finished mod setup in: [1, 0, 1, 0, 2, 0] ms
[24May2026 22:28:20.419] [modloading-sync-worker/INFO] [com.xiaoshi2022.mcaromanticexpansion.MCARomanticExpansion/]: Curios mod detected, enabling ring slot integration
[24May2026 22:28:20.485] [modloading-sync-worker/INFO] [Moonlight/]: Initialized color sets in 44ms
[24May2026 22:28:20.485] [modloading-sync-worker/ERROR] [Moonlight/]: Fabric API detected! This is not a Fabric mod, so please don't report related issues to MoonlightLib or its dependent(s). This can usually happen when using Connector, or when using a mod that does NOT have a native Neoforge implementation. This can easily lead to poor compatibility and other bizarre issues. Proceed at your own risk. 
 Mods that bundle Fabric API: [forgified-fabric-api-0.116.7+2.2.4+1.21.1.jar]
[24May2026 22:28:20.490] [modloading-sync-worker/INFO] [terrablender/]: Registered region minecraft:overworld to index 0 for type OVERWORLD
[24May2026 22:28:20.490] [modloading-sync-worker/INFO] [terrablender/]: Registered region minecraft:nether to index 0 for type NETHER
[24May2026 22:28:20.490] [modloading-sync-worker/INFO] [terrablender/]: Registered region biomesoplenty:overworld_primary to index 1 for type OVERWORLD
[24May2026 22:28:20.490] [modloading-sync-worker/INFO] [terrablender/]: Registered region biomesoplenty:overworld_secondary to index 2 for type OVERWORLD
[24May2026 22:28:20.491] [modloading-sync-worker/INFO] [terrablender/]: Registered region biomesoplenty:overworld_rare to index 3 for type OVERWORLD
[24May2026 22:28:20.491] [modloading-sync-worker/INFO] [terrablender/]: Registered region biomesoplenty:nether_common to index 1 for type NETHER
[24May2026 22:28:20.491] [modloading-sync-worker/INFO] [terrablender/]: Registered region biomesoplenty:nether_rare to index 2 for type NETHER
[24May2026 22:28:20.543] [modloading-sync-worker/INFO] [com.finderfeed.fdlib.FDLib/]: Loading FD animations...
[24May2026 22:28:20.543] [modloading-sync-worker/INFO] [com.finderfeed.fdlib.FDLib/]: Loading animation: raidsenhanced:raider_drill_burrow
[24May2026 22:28:20.552] [modloading-sync-worker/INFO] [com.finderfeed.fdlib.FDLib/]: Loading animation: raidsenhanced:raider_drill_idle
[24May2026 22:28:20.553] [modloading-sync-worker/INFO] [com.finderfeed.fdlib.FDLib/]: Loading animation: raidsenhanced:player_blimp_turn_left
[24May2026 22:28:20.553] [modloading-sync-worker/INFO] [com.finderfeed.fdlib.FDLib/]: Loading animation: raidsenhanced:electromancer_ray_cast
[24May2026 22:28:20.560] [modloading-sync-worker/INFO] [com.finderfeed.fdlib.FDLib/]: Loading animation: raidsenhanced:illager_golem_strike_2
[24May2026 22:28:20.564] [modloading-sync-worker/INFO] [com.finderfeed.fdlib.FDLib/]: Loading animation: raidsenhanced:raid_airship_death
[24May2026 22:28:20.565] [modloading-sync-worker/INFO] [com.finderfeed.fdlib.FDLib/]: Loading animation: raidsenhanced:electromancer_charge_stick
[24May2026 22:28:20.568] [modloading-sync-worker/INFO] [com.finderfeed.fdlib.FDLib/]: Loading animation: raidsenhanced:electromancer_attack_1
[24May2026 22:28:20.570] [modloading-sync-worker/INFO] [com.finderfeed.fdlib.FDLib/]: Loading animation: raidsenhanced:player_blimp_dangle_lights
[24May2026 22:28:20.570] [modloading-sync-worker/INFO] [com.finderfeed.fdlib.FDLib/]: Loading animation: raidsenhanced:electromancer_idle
[24May2026 22:28:20.572] [modloading-sync-worker/INFO] [com.finderfeed.fdlib.FDLib/]: Loading animation: raidsenhanced:player_blimp_turn_right
[24May2026 22:28:20.572] [modloading-sync-worker/INFO] [com.finderfeed.fdlib.FDLib/]: Loading animation: raidsenhanced:electromancer_walk_no_hands
[24May2026 22:28:20.573] [modloading-sync-worker/INFO] [com.finderfeed.fdlib.FDLib/]: Loading animation: raidsenhanced:illager_golem_walk
[24May2026 22:28:20.575] [modloading-sync-worker/INFO] [com.finderfeed.fdlib.FDLib/]: Loading animation: raidsenhanced:electromancer_ray_cast_stop
[24May2026 22:28:20.577] [modloading-sync-worker/INFO] [com.finderfeed.fdlib.FDLib/]: Loading animation: raidsenhanced:raid_airship_idle
[24May2026 22:28:20.578] [modloading-sync-worker/INFO] [com.finderfeed.fdlib.FDLib/]: Loading animation: raidsenhanced:illager_golem_walk_no_hands
[24May2026 22:28:20.579] [modloading-sync-worker/INFO] [com.finderfeed.fdlib.FDLib/]: Loading animation: raidsenhanced:player_blimp_perpeller
[24May2026 22:28:20.579] [modloading-sync-worker/INFO] [com.finderfeed.fdlib.FDLib/]: Loading animation: raidsenhanced:illager_golem_strike_1
[24May2026 22:28:20.581] [modloading-sync-worker/INFO] [com.finderfeed.fdlib.FDLib/]: Loading animation: raidsenhanced:player_blimp_air_idle
[24May2026 22:28:20.581] [modloading-sync-worker/INFO] [com.finderfeed.fdlib.FDLib/]: Loading animation: raidsenhanced:raider_drill_unburrow
[24May2026 22:28:20.581] [modloading-sync-worker/INFO] [com.finderfeed.fdlib.FDLib/]: Loading animation: raidsenhanced:illager_golem_idle
[24May2026 22:28:20.583] [modloading-sync-worker/INFO] [com.finderfeed.fdlib.FDLib/]: Loading animation: raidsenhanced:illager_golem_death
[24May2026 22:28:20.584] [modloading-sync-worker/INFO] [com.finderfeed.fdlib.FDLib/]: Loading animation: raidsenhanced:electromancer_walk
[24May2026 22:28:20.586] [modloading-sync-worker/INFO] [com.finderfeed.fdlib.FDLib/]: Loading animation: raidsenhanced:illager_golem_whirlwind
[24May2026 22:28:20.587] [modloading-sync-worker/INFO] [com.finderfeed.fdlib.FDLib/]: Loading animation: fdlib:testanim
[24May2026 22:28:20.588] [modloading-sync-worker/INFO] [com.finderfeed.fdlib.FDLib/]: Loading animation: raidsenhanced:electromancer_ray_charge
[24May2026 22:28:20.589] [modloading-sync-worker/INFO] [com.finderfeed.fdlib.FDLib/]: Loading animation: raidsenhanced:raid_airship_throw_bomb
[24May2026 22:28:20.591] [modloading-sync-worker/INFO] [com.finderfeed.fdlib.FDLib/]: Loading animation: raidsenhanced:electromancer_attack_2
[24May2026 22:28:20.592] [modloading-sync-worker/INFO] [com.finderfeed.fdlib.FDLib/]: Loading animation: raidsenhanced:raid_airship_fly
[24May2026 22:28:20.593] [modloading-sync-worker/INFO] [com.finderfeed.fdlib.FDLib/]: Loading animation: raidsenhanced:raid_airship_illager_observe
[24May2026 22:28:20.594] [modloading-sync-worker/INFO] [com.finderfeed.fdlib.FDLib/]: Loading animation: raidsenhanced:electromancer_lightnings_cast
[24May2026 22:28:20.596] [modloading-sync-worker/INFO] [com.finderfeed.fdlib.FDLib/]: Loading animation: raidsenhanced:illager_golem_bombs
[24May2026 22:28:20.598] [modloading-sync-worker/INFO] [com.finderfeed.fdlib.FDLib/]: Loading animation: raidsenhanced:illager_golem_heavy_strike
[24May2026 22:28:20.600] [modloading-sync-worker/INFO] [com.finderfeed.fdlib.FDLib/]: FD Animations loaded!
[24May2026 22:28:20.600] [modloading-sync-worker/INFO] [com.finderfeed.fdlib.FDLib/]: Loading FD models...
[24May2026 22:28:20.600] [modloading-sync-worker/INFO] [com.finderfeed.fdlib.FDLib/]: Loading model: fdlib:test
[24May2026 22:28:20.607] [modloading-sync-worker/INFO] [com.finderfeed.fdlib.FDLib/]: Loading model: raidsenhanced:electromancer
[24May2026 22:28:20.610] [modloading-sync-worker/INFO] [com.finderfeed.fdlib.FDLib/]: Loading model: raidsenhanced:raid_airship_part_1
[24May2026 22:28:20.610] [modloading-sync-worker/INFO] [com.finderfeed.fdlib.FDLib/]: Loading model: raidsenhanced:raid_blimp_cannon_projectile
[24May2026 22:28:20.610] [modloading-sync-worker/INFO] [com.finderfeed.fdlib.FDLib/]: Loading model: fdlib:test
[24May2026 22:28:20.611] [modloading-sync-worker/INFO] [com.finderfeed.fdlib.FDLib/]: Loading model: raidsenhanced:golem_of_last_resort
[24May2026 22:28:20.612] [modloading-sync-worker/INFO] [com.finderfeed.fdlib.FDLib/]: Loading model: raidsenhanced:raider_drill
[24May2026 22:28:20.613] [modloading-sync-worker/INFO] [com.finderfeed.fdlib.FDLib/]: Loading model: raidsenhanced:raid_airship_bomb
[24May2026 22:28:20.613] [modloading-sync-worker/INFO] [com.finderfeed.fdlib.FDLib/]: Loading model: raidsenhanced:raid_airship
[24May2026 22:28:20.620] [modloading-sync-worker/INFO] [com.finderfeed.fdlib.FDLib/]: Loading model: raidsenhanced:raid_airship_part_2
[24May2026 22:28:20.621] [modloading-sync-worker/INFO] [com.finderfeed.fdlib.FDLib/]: Loading model: raidsenhanced:player_blimp
[24May2026 22:28:20.623] [modloading-sync-worker/INFO] [com.finderfeed.fdlib.FDLib/]: FD Models loaded!
[24May2026 22:28:20.656] [modloading-sync-worker/INFO] [quark-zeta/]: Common setup: Performing initial refresh of quark's config on thread 'modloading-sync-worker'
[24May2026 22:28:20.668] [modloading-sync-worker/INFO] [quark-zeta/]: Waiting for server start before accepting filewatcher changes to quark's config
[24May2026 22:28:20.672] [modloading-worker-0/INFO] [com.klikli_dev.occultism.Occultism/]: Dedicated server setup complete.
[24May2026 22:28:20.671] [modloading-worker-0/INFO] [xaero.minimap.XaeroMinimap/]: Loading Xaero's Minimap - Stage 1/2 (Server)
[24May2026 22:28:20.671] [modloading-worker-0/INFO] [xaero.lib.XaeroLib/]: Loading XaeroLib server 1/2!
[24May2026 22:28:20.674] [modloading-sync-worker/INFO] [xaero.lib.XaeroLib/]: Loading XaeroLib common 2/2!
[24May2026 22:28:20.674] [modloading-sync-worker/INFO] [xaero.lib.XaeroLib/]: Loading XaeroLib server 2/2!
[24May2026 22:28:20.674] [modloading-sync-worker/INFO] [xaero.minimap.XaeroMinimap/]: Loading Xaero's Minimap - Stage 2/2 (Server)
[24May2026 22:28:20.947] [NeoForge Version Check/WARN] [net.neoforged.fml.VersionChecker/]: Failed to process update information
com.google.gson.JsonSyntaxException: java.lang.IllegalStateException: Expected BEGIN_OBJECT but was STRING at line 1 column 1 path $
	at MC-BOOTSTRAP/com.google.gson@2.10.1/com.google.gson.Gson.fromJson(Gson.java:1238) ~[gson-2.10.1.jar%2394!/:?]
	at MC-BOOTSTRAP/com.google.gson@2.10.1/com.google.gson.Gson.fromJson(Gson.java:1137) ~[gson-2.10.1.jar%2394!/:?]
	at MC-BOOTSTRAP/com.google.gson@2.10.1/com.google.gson.Gson.fromJson(Gson.java:1047) ~[gson-2.10.1.jar%2394!/:?]
	at MC-BOOTSTRAP/com.google.gson@2.10.1/com.google.gson.Gson.fromJson(Gson.java:982) ~[gson-2.10.1.jar%2394!/:?]
	at MC-BOOTSTRAP/fml_loader@4.0.42/net.neoforged.fml.VersionChecker$1.process(VersionChecker.java:167) ~[loader-4.0.42.jar%2359!/:4.0]
	at java.base/java.lang.Iterable.forEach(Iterable.java:75) [?:?]
	at MC-BOOTSTRAP/fml_loader@4.0.42/net.neoforged.fml.VersionChecker$1.run(VersionChecker.java:105) [loader-4.0.42.jar%2359!/:4.0]
Caused by: java.lang.IllegalStateException: Expected BEGIN_OBJECT but was STRING at line 1 column 1 path $
	at MC-BOOTSTRAP/com.google.gson@2.10.1/com.google.gson.stream.JsonReader.beginObject(JsonReader.java:393) ~[gson-2.10.1.jar%2394!/:?]
	at MC-BOOTSTRAP/com.google.gson@2.10.1/com.google.gson.internal.bind.MapTypeAdapterFactory$Adapter.read(MapTypeAdapterFactory.java:182) ~[gson-2.10.1.jar%2394!/:?]
	at MC-BOOTSTRAP/com.google.gson@2.10.1/com.google.gson.internal.bind.MapTypeAdapterFactory$Adapter.read(MapTypeAdapterFactory.java:144) ~[gson-2.10.1.jar%2394!/:?]
	at MC-BOOTSTRAP/com.google.gson@2.10.1/com.google.gson.Gson.fromJson(Gson.java:1227) ~[gson-2.10.1.jar%2394!/:?]
	... 6 more
[24May2026 22:28:20.949] [NeoForge Version Check/INFO] [net.neoforged.fml.VersionChecker/]: [twilightforest] Starting version check at https://gh.tamaized.com/TeamTwilight/twilightforest/update.json?m=1.21.1&l=NeoForge&v=21.1.230
[24May2026 22:28:21.076] [NeoForge Version Check/INFO] [net.neoforged.fml.VersionChecker/]: [twilightforest] Found status: BETA Current: 4.8.3345 Target: null
[24May2026 22:28:21.077] [NeoForge Version Check/INFO] [net.neoforged.fml.VersionChecker/]: [corpse] Starting version check at https://update.maxhenkel.de/neoforge/corpse
[24May2026 22:28:21.116] [modloading-worker-0/INFO] [io.redspace.ironsspellbooks.IronsSpellbooks/]: Got IMC []
[24May2026 22:28:21.126] [modloading-worker-0/INFO] [quark/]: added [item.quark.moss_paste] to CompostManager with chance 0.5
[24May2026 22:28:21.297] [modloading-sync-worker/INFO] [Kambrik/]: Registering network payloads..
[24May2026 22:28:21.297] [modloading-sync-worker/INFO] [Kambrik/]: Registering ServerMsg: bountiful:select_bounty
[24May2026 22:28:21.297] [modloading-sync-worker/INFO] [Kambrik/]: Registering ServerMsg: bountiful:server_player_status
[24May2026 22:28:21.298] [modloading-sync-worker/INFO] [Kambrik/]: Registering ClientMsg: kambrik:test_msg
[24May2026 22:28:21.298] [modloading-sync-worker/INFO] [Kambrik/]: Registering ClientMsg: bountiful:clipboard_copy
[24May2026 22:28:21.298] [modloading-sync-worker/INFO] [Kambrik/]: Registering ClientMsg: bountiful:bounty_complete
[24May2026 22:28:21.298] [modloading-sync-worker/INFO] [Kambrik/]: Registering ClientMsg: bountiful:update_bounty_criteria
[24May2026 22:28:21.298] [modloading-sync-worker/INFO] [Kambrik/]: Registering ClientMsg: bountiful:client_player_status
[24May2026 22:28:21.576] [modloading-sync-worker/ERROR] [net.neoforged.fml.common.asm.RuntimeDistCleaner/DISTXFORM]: Attempted to load class net/minecraft/client/gui/screens/Screen for invalid dist DEDICATED_SERVER
[24May2026 22:28:21.588] [NeoForge Version Check/INFO] [net.neoforged.fml.VersionChecker/]: [corpse] Found status: BETA Current: 1.21.1-1.1.13 Target: 1.21.1-1.1.13
[24May2026 22:28:21.592] [NeoForge Version Check/INFO] [net.neoforged.fml.VersionChecker/]: [cataclysm_compat] Starting version check at https://modrinth.com/user/rymusov/updates.json?neoforge=only
[24May2026 22:28:21.682] [modloading-sync-worker/INFO] [Railways/]: Registering Railways network payloads...
[24May2026 22:28:21.683] [modloading-sync-worker/INFO] [Railways/]: Railways network payloads registered successfully
[24May2026 22:28:21.714] [modloading-sync-worker/INFO] [CorgiLib/]: Initializing network...
[24May2026 22:28:21.718] [modloading-sync-worker/INFO] [CorgiLib/]: Initialized network!
[24May2026 22:28:21.805] [main/WARN] [net.neoforged.neoforge.server.loading.ServerModLoader/LOADING]: Mods loaded with 2 issues
[24May2026 22:28:21.805] [main/WARN] [net.neoforged.neoforge.server.loading.ServerModLoader/LOADING]: modernfix.no_ferritecore [[]]
[24May2026 22:28:21.805] [main/WARN] [net.neoforged.neoforge.server.loading.ServerModLoader/LOADING]: modernfix.perf_mod_warning [[]]
[24May2026 22:28:21.856] [main/INFO] [com.mojang.authlib.yggdrasil.YggdrasilAuthenticationService/]: Environment: Environment[sessionHost=https://sessionserver.mojang.com, servicesHost=https://api.minecraftservices.com, name=PROD]
[24May2026 22:28:22.006] [NeoForge Version Check/WARN] [net.neoforged.fml.VersionChecker/]: Failed to process update information
com.google.gson.JsonSyntaxException: java.lang.IllegalStateException: Expected BEGIN_OBJECT but was STRING at line 1 column 1 path $
	at MC-BOOTSTRAP/com.google.gson@2.10.1/com.google.gson.Gson.fromJson(Gson.java:1238) ~[gson-2.10.1.jar%2394!/:?]
	at MC-BOOTSTRAP/com.google.gson@2.10.1/com.google.gson.Gson.fromJson(Gson.java:1137) ~[gson-2.10.1.jar%2394!/:?]
	at MC-BOOTSTRAP/com.google.gson@2.10.1/com.google.gson.Gson.fromJson(Gson.java:1047) ~[gson-2.10.1.jar%2394!/:?]
	at MC-BOOTSTRAP/com.google.gson@2.10.1/com.google.gson.Gson.fromJson(Gson.java:982) ~[gson-2.10.1.jar%2394!/:?]
	at MC-BOOTSTRAP/fml_loader@4.0.42/net.neoforged.fml.VersionChecker$1.process(VersionChecker.java:167) ~[loader-4.0.42.jar%2359!/:4.0]
	at java.base/java.lang.Iterable.forEach(Iterable.java:75) [?:?]
	at MC-BOOTSTRAP/fml_loader@4.0.42/net.neoforged.fml.VersionChecker$1.run(VersionChecker.java:105) [loader-4.0.42.jar%2359!/:4.0]
Caused by: java.lang.IllegalStateException: Expected BEGIN_OBJECT but was STRING at line 1 column 1 path $
	at MC-BOOTSTRAP/com.google.gson@2.10.1/com.google.gson.stream.JsonReader.beginObject(JsonReader.java:393) ~[gson-2.10.1.jar%2394!/:?]
	at MC-BOOTSTRAP/com.google.gson@2.10.1/com.google.gson.internal.bind.MapTypeAdapterFactory$Adapter.read(MapTypeAdapterFactory.java:182) ~[gson-2.10.1.jar%2394!/:?]
	at MC-BOOTSTRAP/com.google.gson@2.10.1/com.google.gson.internal.bind.MapTypeAdapterFactory$Adapter.read(MapTypeAdapterFactory.java:144) ~[gson-2.10.1.jar%2394!/:?]
	at MC-BOOTSTRAP/com.google.gson@2.10.1/com.google.gson.Gson.fromJson(Gson.java:1227) ~[gson-2.10.1.jar%2394!/:?]
	... 6 more
[24May2026 22:28:22.007] [NeoForge Version Check/INFO] [net.neoforged.fml.VersionChecker/]: [searchables] Starting version check at https://updates.blamejared.com/get?n=searchables&gv=1.21.1&ml=neoforge
[24May2026 22:28:22.040] [main/WARN] [net.minecraft.server.packs.VanillaPackResourcesBuilder/]: Assets URL 'union:/workspaces/oldestonev1/servidor_minecraft/libraries/net/minecraft/server/1.21.1-20240808.144430/server-1.21.1-20240808.144430-srg.jar%23235!/assets/.mcassetsroot' uses unexpected schema
[24May2026 22:28:22.040] [main/WARN] [net.minecraft.server.packs.VanillaPackResourcesBuilder/]: Assets URL 'union:/workspaces/oldestonev1/servidor_minecraft/libraries/net/minecraft/server/1.21.1-20240808.144430/server-1.21.1-20240808.144430-srg.jar%23235!/data/.mcassetsroot' uses unexpected schema
[24May2026 22:28:22.418] [NeoForge Version Check/INFO] [net.neoforged.fml.VersionChecker/]: [searchables] Found status: BETA Current: 1.0.2 Target: 1.0.2
[24May2026 22:28:22.418] [NeoForge Version Check/INFO] [net.neoforged.fml.VersionChecker/]: [copycats] Starting version check at https://raw.githubusercontent.com/copycats-plus/copycats/multiloader/update.json
[24May2026 22:28:22.434] [NeoForge Version Check/INFO] [net.neoforged.fml.VersionChecker/]: [copycats] Found status: AHEAD Current: 3.0.4+mc.1.21.1-neoforge Target: null
[24May2026 22:28:22.435] [NeoForge Version Check/INFO] [net.neoforged.fml.VersionChecker/]: [voicechat] Starting version check at https://update.maxhenkel.de/neoforge/voicechat
[24May2026 22:28:22.443] [main/INFO] [com.simibubi.create.Create/]: Created 487 recipes which will be injected into the game
[24May2026 22:28:22.457] [main/INFO] [com.simibubi.create.Create/]: Created 5 tags which will be injected into the game
[24May2026 22:28:22.536] [NeoForge Version Check/INFO] [net.neoforged.fml.VersionChecker/]: [voicechat] Found status: BETA Current: 1.21.1-2.6.17 Target: 1.21.1-2.6.17
[24May2026 22:28:22.536] [NeoForge Version Check/INFO] [net.neoforged.fml.VersionChecker/]: [sound_physics_remastered] Starting version check at https://update.maxhenkel.de/neoforge/sound_physics_remastered
[24May2026 22:28:22.572] [main/INFO] [net.minecraft.server.MinecraftServer/]: Found new data pack builtin/aether_accessories, loading it automatically
[24May2026 22:28:22.614] [main/INFO] [Moonlight/]: Resource cache state for SERVER_DATA: needs regeneration
[24May2026 22:28:22.614] [main/INFO] [Moonlight/]: Deleting directory: /workspaces/oldestonev1/servidor_minecraft/dynamic-data-pack-cache/supplementaries-generated_pack
[24May2026 22:28:22.617] [main/INFO] [Moonlight/]: Cleared cache pack resources at /workspaces/oldestonev1/servidor_minecraft/dynamic-data-pack-cache/supplementaries-generated_pack in 3.109 ms
[24May2026 22:28:22.617] [main/INFO] [Moonlight/]: Starting runtime resource generation for pack type SERVER_DATA with generators [supplementaries:generated_pack]
[24May2026 22:28:22.629] [main/INFO] [Moonlight/]: Regenerating Dynamic SERVER_DATA Resources Provider [supplementaries:generated_pack], requested by strategy CACHED_FOLDER
[24May2026 22:28:22.639] [NeoForge Version Check/INFO] [net.neoforged.fml.VersionChecker/]: [sound_physics_remastered] Found status: BETA Current: 1.21.1-1.5.1 Target: 1.21.1-1.5.1
[24May2026 22:28:22.639] [NeoForge Version Check/INFO] [net.neoforged.fml.VersionChecker/]: [create] Starting version check at https://api.modrinth.com/updates/create/forge_updates.json?neoforge=only
[24May2026 22:28:22.659] [pool-5-thread-1/WARN] [Supplementaries/]: Could not find Sign for wood cataclysm:chorus. Does this block even exist? It should! Skipping way sign recipe generation
[24May2026 22:28:22.669] [pool-5-thread-1/INFO] [Supplementaries/]: Generated 35 sign post recipes
[24May2026 22:28:22.695] [main/INFO] [Moonlight/]: Generated runtime SERVER_DATA for pack supplementaries:generated_pack in 65.93 ms
[24May2026 22:28:22.701] [main/INFO] [Moonlight/]: Populated search tree for pack at /workspaces/oldestonev1/servidor_minecraft/dynamic-data-pack-cache/supplementaries-generated_pack in 2.697 ms
[24May2026 22:28:22.701] [main/INFO] [Moonlight/]: Finished runtime resources generation for 1 packs in a total of 83.16 ms 
[24May2026 22:28:22.811] [NeoForge Version Check/INFO] [net.neoforged.fml.VersionChecker/]: [create] Found status: OUTDATED Current: 6.0.10 Target: 6.0.10+mc1.21.1
[24May2026 22:28:24.708] [Worker-Main-2/ERROR] [net.minecraft.world.level.storage.loot.LootDataType/]: Couldn't parse element ResourceKey[minecraft:root / minecraft:loot_table]:railways:blocks/track_byg_embur - Unknown registry key in ResourceKey[minecraft:root / minecraft:item]: railways:track_byg_embur
[24May2026 22:28:24.709] [Worker-Main-2/ERROR] [net.minecraft.world.level.storage.loot.LootDataType/]: Couldn't parse element ResourceKey[minecraft:root / minecraft:loot_table]:railways:blocks/track_byg_nightshade_narrow - Unknown registry key in ResourceKey[minecraft:root / minecraft:item]: railways:track_byg_nightshade_narrow
[24May2026 22:28:24.718] [Worker-Main-2/ERROR] [net.minecraft.world.level.storage.loot.LootDataType/]: Couldn't parse element ResourceKey[minecraft:root / minecraft:loot_table]:railways:blocks/track_tfc_chestnut - Unknown registry key in ResourceKey[minecraft:root / minecraft:item]: railways:track_tfc_chestnut
[24May2026 22:28:24.722] [Worker-Main-2/ERROR] [net.minecraft.world.level.storage.loot.LootDataType/]: Couldn't parse element ResourceKey[minecraft:root / minecraft:loot_table]:railways:blocks/track_byg_jacaranda_wide - Unknown registry key in ResourceKey[minecraft:root / minecraft:item]: railways:track_byg_jacaranda_wide
[24May2026 22:28:24.731] [Worker-Main-2/ERROR] [net.minecraft.world.level.storage.loot.LootDataType/]: Couldn't parse element ResourceKey[minecraft:root / minecraft:loot_table]:railways:blocks/track_natures_spirit_joshua_narrow - Unknown registry key in ResourceKey[minecraft:root / minecraft:item]: railways:track_natures_spirit_joshua_narrow
[24May2026 22:28:24.736] [Worker-Main-2/ERROR] [net.minecraft.world.level.storage.loot.LootDataType/]: Couldn't parse element ResourceKey[minecraft:root / minecraft:loot_table]:railways:blocks/track_byg_rainbow_eucalyptus_narrow - Unknown registry key in ResourceKey[minecraft:root / minecraft:item]: railways:track_byg_rainbow_eucalyptus_narrow
[24May2026 22:28:24.741] [Worker-Main-2/ERROR] [net.minecraft.world.level.storage.loot.LootDataType/]: Couldn't parse element ResourceKey[minecraft:root / minecraft:loot_table]:railways:blocks/track_blue_skies_maple - Unknown registry key in ResourceKey[minecraft:root / minecraft:item]: railways:track_blue_skies_maple
[24May2026 22:28:24.743] [Worker-Main-2/ERROR] [net.minecraft.world.level.storage.loot.LootDataType/]: Couldn't parse element ResourceKey[minecraft:root / minecraft:loot_table]:railways:blocks/track_tfc_oak - Unknown registry key in ResourceKey[minecraft:root / minecraft:item]: railways:track_tfc_oak
[24May2026 22:28:24.744] [Worker-Main-2/ERROR] [net.minecraft.world.level.storage.loot.LootDataType/]: Couldn't parse element ResourceKey[minecraft:root / minecraft:loot_table]:railways:blocks/track_create_dd_smoked - Unknown registry key in ResourceKey[minecraft:root / minecraft:item]: railways:track_create_dd_smoked
[24May2026 22:28:24.745] [Worker-Main-2/ERROR] [net.minecraft.world.level.storage.loot.LootDataType/]: Couldn't parse element ResourceKey[minecraft:root / minecraft:loot_table]:railways:blocks/track_hexcasting_edified_narrow - Unknown registry key in ResourceKey[minecraft:root / minecraft:item]: railways:track_hexcasting_edified_narrow
[24May2026 22:28:24.753] [Worker-Main-2/ERROR] [net.minecraft.world.level.storage.loot.LootDataType/]: Couldn't parse element ResourceKey[minecraft:root / minecraft:loot_table]:railways:blocks/track_tfc_white_cedar - Unknown registry key in ResourceKey[minecraft:root / minecraft:item]: railways:track_tfc_white_cedar
[24May2026 22:28:24.753] [Worker-Main-2/ERROR] [net.minecraft.world.level.storage.loot.LootDataType/]: Couldn't parse element ResourceKey[minecraft:root / minecraft:loot_table]:railways:blocks/track_tfc_sycamore - Unknown registry key in ResourceKey[minecraft:root / minecraft:item]: railways:track_tfc_sycamore
[24May2026 22:28:24.758] [Worker-Main-2/ERROR] [net.minecraft.world.level.storage.loot.LootDataType/]: Couldn't parse element ResourceKey[minecraft:root / minecraft:loot_table]:railways:blocks/track_natures_spirit_cypress_wide - Unknown registry key in ResourceKey[minecraft:root / minecraft:item]: railways:track_natures_spirit_cypress_wide
[24May2026 22:28:24.760] [Worker-Main-2/ERROR] [net.minecraft.world.level.storage.loot.LootDataType/]: Couldn't parse element ResourceKey[minecraft:root / minecraft:loot_table]:railways:blocks/track_tfc_birch_wide - Unknown registry key in ResourceKey[minecraft:root / minecraft:item]: railways:track_tfc_birch_wide
[24May2026 22:28:24.776] [Worker-Main-2/ERROR] [net.minecraft.world.level.storage.loot.LootDataType/]: Couldn't parse element ResourceKey[minecraft:root / minecraft:loot_table]:railways:blocks/track_blue_skies_maple_narrow - Unknown registry key in ResourceKey[minecraft:root / minecraft:item]: railways:track_blue_skies_maple_narrow
[24May2026 22:28:24.791] [Worker-Main-2/ERROR] [net.minecraft.world.level.storage.loot.LootDataType/]: Couldn't parse element ResourceKey[minecraft:root / minecraft:loot_table]:railways:blocks/track_byg_pine - Unknown registry key in ResourceKey[minecraft:root / minecraft:item]: railways:track_byg_pine
[24May2026 22:28:24.796] [Worker-Main-2/ERROR] [net.minecraft.world.level.storage.loot.LootDataType/]: Couldn't parse element ResourceKey[minecraft:root / minecraft:loot_table]:railways:blocks/track_natures_spirit_olive_narrow - Unknown registry key in ResourceKey[minecraft:root / minecraft:item]: railways:track_natures_spirit_olive_narrow
[24May2026 22:28:24.800] [Worker-Main-2/ERROR] [net.minecraft.world.level.storage.loot.LootDataType/]: Couldn't parse element ResourceKey[minecraft:root / minecraft:loot_table]:railways:blocks/track_tfc_birch_narrow - Unknown registry key in ResourceKey[minecraft:root / minecraft:item]: railways:track_tfc_birch_narrow
[24May2026 22:28:24.804] [Worker-Main-2/ERROR] [net.minecraft.world.level.storage.loot.LootDataType/]: Couldn't parse element ResourceKey[minecraft:root / minecraft:loot_table]:railways:blocks/track_tfc_mangrove_narrow - Unknown registry key in ResourceKey[minecraft:root / minecraft:item]: railways:track_tfc_mangrove_narrow
[24May2026 22:28:24.805] [Worker-Main-2/ERROR] [net.minecraft.world.level.storage.loot.LootDataType/]: Couldn't parse element ResourceKey[minecraft:root / minecraft:loot_table]:railways:blocks/track_natures_spirit_willow - Unknown registry key in ResourceKey[minecraft:root / minecraft:item]: railways:track_natures_spirit_willow
[24May2026 22:28:24.806] [Worker-Main-2/ERROR] [net.minecraft.world.level.storage.loot.LootDataType/]: Couldn't parse element ResourceKey[minecraft:root / minecraft:loot_table]:railways:blocks/track_byg_sythian_wide - Unknown registry key in ResourceKey[minecraft:root / minecraft:item]: railways:track_byg_sythian_wide
[24May2026 22:28:24.812] [Worker-Main-2/ERROR] [net.minecraft.world.level.storage.loot.LootDataType/]: Couldn't parse element ResourceKey[minecraft:root / minecraft:loot_table]:railways:blocks/track_byg_palm_narrow - Unknown registry key in ResourceKey[minecraft:root / minecraft:item]: railways:track_byg_palm_narrow
[24May2026 22:28:24.824] [Worker-Main-2/ERROR] [net.minecraft.world.level.storage.loot.LootDataType/]: Couldn't parse element ResourceKey[minecraft:root / minecraft:loot_table]:railways:blocks/track_tfc_acacia_wide - Unknown registry key in ResourceKey[minecraft:root / minecraft:item]: railways:track_tfc_acacia_wide
[24May2026 22:28:24.825] [Worker-Main-2/ERROR] [net.minecraft.world.level.storage.loot.LootDataType/]: Couldn't parse element ResourceKey[minecraft:root / minecraft:loot_table]:railways:blocks/track_byg_ether_narrow - Unknown registry key in ResourceKey[minecraft:root / minecraft:item]: railways:track_byg_ether_narrow
[24May2026 22:28:24.826] [Worker-Main-2/ERROR] [net.minecraft.world.level.storage.loot.LootDataType/]: Couldn't parse element ResourceKey[minecraft:root / minecraft:loot_table]:railways:blocks/track_natures_spirit_wisteria - Unknown registry key in ResourceKey[minecraft:root / minecraft:item]: railways:track_natures_spirit_wisteria
[24May2026 22:28:24.833] [Worker-Main-2/ERROR] [net.minecraft.world.level.storage.loot.LootDataType/]: Couldn't parse element ResourceKey[minecraft:root / minecraft:loot_table]:railways:blocks/track_tfc_hickory - Unknown registry key in ResourceKey[minecraft:root / minecraft:item]: railways:track_tfc_hickory
[24May2026 22:28:24.836] [Worker-Main-2/ERROR] [net.minecraft.world.level.storage.loot.LootDataType/]: Couldn't parse element ResourceKey[minecraft:root / minecraft:loot_table]:railways:blocks/track_byg_fir_wide - Unknown registry key in ResourceKey[minecraft:root / minecraft:item]: railways:track_byg_fir_wide
[24May2026 22:28:24.840] [Worker-Main-2/ERROR] [net.minecraft.world.level.storage.loot.LootDataType/]: Couldn't parse element ResourceKey[minecraft:root / minecraft:loot_table]:railways:blocks/track_byg_zelkova - Unknown registry key in ResourceKey[minecraft:root / minecraft:item]: railways:track_byg_zelkova
[24May2026 22:28:24.840] [Worker-Main-2/ERROR] [net.minecraft.world.level.storage.loot.LootDataType/]: Couldn't parse element ResourceKey[minecraft:root / minecraft:loot_table]:railways:blocks/track_blue_skies_bluebright_wide - Unknown registry key in ResourceKey[minecraft:root / minecraft:item]: railways:track_blue_skies_bluebright_wide
[24May2026 22:28:24.841] [Worker-Main-2/ERROR] [net.minecraft.world.level.storage.loot.LootDataType/]: Couldn't parse element ResourceKey[minecraft:root / minecraft:loot_table]:railways:blocks/track_tfc_hickory_wide - Unknown registry key in ResourceKey[minecraft:root / minecraft:item]: railways:track_tfc_hickory_wide
[24May2026 22:28:24.849] [Worker-Main-2/ERROR] [net.minecraft.world.level.storage.loot.LootDataType/]: Couldn't parse element ResourceKey[minecraft:root / minecraft:loot_table]:railways:blocks/track_hexcasting_edified - Unknown registry key in ResourceKey[minecraft:root / minecraft:item]: railways:track_hexcasting_edified
[24May2026 22:28:24.854] [Worker-Main-2/ERROR] [net.minecraft.world.level.storage.loot.LootDataType/]: Couldn't parse element ResourceKey[minecraft:root / minecraft:loot_table]:railways:blocks/track_natures_spirit_olive - Unknown registry key in ResourceKey[minecraft:root / minecraft:item]: railways:track_natures_spirit_olive
[24May2026 22:28:24.868] [Worker-Main-2/ERROR] [net.minecraft.world.level.storage.loot.LootDataType/]: Couldn't parse element ResourceKey[minecraft:root / minecraft:loot_table]:railways:blocks/track_byg_cypress_wide - Unknown registry key in ResourceKey[minecraft:root / minecraft:item]: railways:track_byg_cypress_wide
[24May2026 22:28:24.872] [Worker-Main-2/ERROR] [net.minecraft.world.level.storage.loot.LootDataType/]: Couldn't parse element ResourceKey[minecraft:root / minecraft:loot_table]:railways:blocks/track_byg_mahogany_wide - Unknown registry key in ResourceKey[minecraft:root / minecraft:item]: railways:track_byg_mahogany_wide
[24May2026 22:28:24.878] [Worker-Main-2/ERROR] [net.minecraft.world.level.storage.loot.LootDataType/]: Couldn't parse element ResourceKey[minecraft:root / minecraft:loot_table]:railways:blocks/track_tfc_maple_narrow - Unknown registry key in ResourceKey[minecraft:root / minecraft:item]: railways:track_tfc_maple_narrow
[24May2026 22:28:24.883] [Worker-Main-2/ERROR] [net.minecraft.world.level.storage.loot.LootDataType/]: Couldn't parse element ResourceKey[minecraft:root / minecraft:loot_table]:railways:blocks/track_blue_skies_dusk_wide - Unknown registry key in ResourceKey[minecraft:root / minecraft:item]: railways:track_blue_skies_dusk_wide
[24May2026 22:28:24.884] [Worker-Main-2/ERROR] [net.minecraft.world.level.storage.loot.LootDataType/]: Couldn't parse element ResourceKey[minecraft:root / minecraft:loot_table]:railways:blocks/track_blue_skies_frostbright_wide - Unknown registry key in ResourceKey[minecraft:root / minecraft:item]: railways:track_blue_skies_frostbright_wide
[24May2026 22:28:24.895] [Worker-Main-2/ERROR] [net.minecraft.world.level.storage.loot.LootDataType/]: Couldn't parse element ResourceKey[minecraft:root / minecraft:loot_table]:railways:blocks/track_byg_fir - Unknown registry key in ResourceKey[minecraft:root / minecraft:item]: railways:track_byg_fir
[24May2026 22:28:24.895] [Worker-Main-2/ERROR] [net.minecraft.world.level.storage.loot.LootDataType/]: Couldn't parse element ResourceKey[minecraft:root / minecraft:loot_table]:railways:blocks/track_natures_spirit_aspen_narrow - Unknown registry key in ResourceKey[minecraft:root / minecraft:item]: railways:track_natures_spirit_aspen_narrow
[24May2026 22:28:24.899] [Worker-Main-2/ERROR] [net.minecraft.world.level.storage.loot.LootDataType/]: Couldn't parse element ResourceKey[minecraft:root / minecraft:loot_table]:railways:blocks/track_tfc_ash - Unknown registry key in ResourceKey[minecraft:root / minecraft:item]: railways:track_tfc_ash
[24May2026 22:28:24.904] [Worker-Main-2/ERROR] [net.minecraft.world.level.storage.loot.LootDataType/]: Couldn't parse element ResourceKey[minecraft:root / minecraft:loot_table]:railways:blocks/track_tfc_sequoia - Unknown registry key in ResourceKey[minecraft:root / minecraft:item]: railways:track_tfc_sequoia
[24May2026 22:28:24.905] [Worker-Main-2/ERROR] [net.minecraft.world.level.storage.loot.LootDataType/]: Couldn't parse element ResourceKey[minecraft:root / minecraft:loot_table]:railways:blocks/track_tfc_maple_wide - Unknown registry key in ResourceKey[minecraft:root / minecraft:item]: railways:track_tfc_maple_wide
[24May2026 22:28:24.905] [Worker-Main-2/ERROR] [net.minecraft.world.level.storage.loot.LootDataType/]: Couldn't parse element ResourceKey[minecraft:root / minecraft:loot_table]:railways:blocks/track_blue_skies_lunar - Unknown registry key in ResourceKey[minecraft:root / minecraft:item]: railways:track_blue_skies_lunar
[24May2026 22:28:24.908] [Worker-Main-2/ERROR] [net.minecraft.world.level.storage.loot.LootDataType/]: Couldn't parse element ResourceKey[minecraft:root / minecraft:loot_table]:railways:blocks/track_byg_lament - Unknown registry key in ResourceKey[minecraft:root / minecraft:item]: railways:track_byg_lament
[24May2026 22:28:24.910] [Worker-Main-2/ERROR] [net.minecraft.world.level.storage.loot.LootDataType/]: Couldn't parse element ResourceKey[minecraft:root / minecraft:loot_table]:railways:blocks/track_create_dd_smoked_wide - Unknown registry key in ResourceKey[minecraft:root / minecraft:item]: railways:track_create_dd_smoked_wide
[24May2026 22:28:24.913] [Worker-Main-2/ERROR] [net.minecraft.world.level.storage.loot.LootDataType/]: Couldn't parse element ResourceKey[minecraft:root / minecraft:loot_table]:railways:blocks/track_natures_spirit_ghaf_narrow - Unknown registry key in ResourceKey[minecraft:root / minecraft:item]: railways:track_natures_spirit_ghaf_narrow
[24May2026 22:28:24.915] [Worker-Main-2/ERROR] [net.minecraft.world.level.storage.loot.LootDataType/]: Couldn't parse element ResourceKey[minecraft:root / minecraft:loot_table]:railways:blocks/track_byg_witch_hazel - Unknown registry key in ResourceKey[minecraft:root / minecraft:item]: railways:track_byg_witch_hazel
[24May2026 22:28:24.927] [Worker-Main-2/ERROR] [net.minecraft.world.level.storage.loot.LootDataType/]: Couldn't parse element ResourceKey[minecraft:root / minecraft:loot_table]:railways:blocks/track_tfc_birch - Unknown registry key in ResourceKey[minecraft:root / minecraft:item]: railways:track_tfc_birch
[24May2026 22:28:24.936] [Worker-Main-2/ERROR] [net.minecraft.world.level.storage.loot.LootDataType/]: Couldn't parse element ResourceKey[minecraft:root / minecraft:loot_table]:railways:blocks/track_byg_witch_hazel_narrow - Unknown registry key in ResourceKey[minecraft:root / minecraft:item]: railways:track_byg_witch_hazel_narrow
[24May2026 22:28:24.941] [Worker-Main-2/ERROR] [net.minecraft.world.level.storage.loot.LootDataType/]: Couldn't parse element ResourceKey[minecraft:root / minecraft:loot_table]:railways:blocks/track_natures_spirit_joshua_wide - Unknown registry key in ResourceKey[minecraft:root / minecraft:item]: railways:track_natures_spirit_joshua_wide
[24May2026 22:28:24.948] [Worker-Main-2/ERROR] [net.minecraft.world.level.storage.loot.LootDataType/]: Couldn't parse element ResourceKey[minecraft:root / minecraft:loot_table]:railways:blocks/track_byg_green_enchanted_wide - Unknown registry key in ResourceKey[minecraft:root / minecraft:item]: railways:track_byg_green_enchanted_wide
[24May2026 22:28:24.950] [Worker-Main-2/ERROR] [net.minecraft.world.level.storage.loot.LootDataType/]: Couldn't parse element ResourceKey[minecraft:root / minecraft:loot_table]:railways:blocks/track_create_dd_rose_wide - Unknown registry key in ResourceKey[minecraft:root / minecraft:item]: railways:track_create_dd_rose_wide
[24May2026 22:28:24.954] [Worker-Main-2/ERROR] [net.minecraft.world.level.storage.loot.LootDataType/]: Couldn't parse element ResourceKey[minecraft:root / minecraft:loot_table]:railways:blocks/track_byg_ether_wide - Unknown registry key in ResourceKey[minecraft:root / minecraft:item]: railways:track_byg_ether_wide
[24May2026 22:28:24.955] [Worker-Main-2/ERROR] [net.minecraft.world.level.storage.loot.LootDataType/]: Couldn't parse element ResourceKey[minecraft:root / minecraft:loot_table]:railways:blocks/track_byg_mahogany_narrow - Unknown registry key in ResourceKey[minecraft:root / minecraft:item]: railways:track_byg_mahogany_narrow
[24May2026 22:28:24.956] [Worker-Main-2/ERROR] [net.minecraft.world.level.storage.loot.LootDataType/]: Couldn't parse element ResourceKey[minecraft:root / minecraft:loot_table]:railways:blocks/track_byg_ebony - Unknown registry key in ResourceKey[minecraft:root / minecraft:item]: railways:track_byg_ebony
[24May2026 22:28:24.958] [Worker-Main-2/ERROR] [net.minecraft.world.level.storage.loot.LootDataType/]: Couldn't parse element ResourceKey[minecraft:root / minecraft:loot_table]:railways:blocks/track_tfc_rosewood - Unknown registry key in ResourceKey[minecraft:root / minecraft:item]: railways:track_tfc_rosewood
[24May2026 22:28:24.960] [Worker-Main-2/ERROR] [net.minecraft.world.level.storage.loot.LootDataType/]: Couldn't parse element ResourceKey[minecraft:root / minecraft:loot_table]:railways:blocks/track_create_dd_rubber_narrow - Unknown registry key in ResourceKey[minecraft:root / minecraft:item]: railways:track_create_dd_rubber_narrow
[24May2026 22:28:24.962] [Worker-Main-2/ERROR] [net.minecraft.world.level.storage.loot.LootDataType/]: Couldn't parse element ResourceKey[minecraft:root / minecraft:loot_table]:railways:blocks/track_byg_nightshade - Unknown registry key in ResourceKey[minecraft:root / minecraft:item]: railways:track_byg_nightshade
[24May2026 22:28:24.964] [Worker-Main-2/ERROR] [net.minecraft.world.level.storage.loot.LootDataType/]: Couldn't parse element ResourceKey[minecraft:root / minecraft:loot_table]:railways:blocks/track_byg_cika_narrow - Unknown registry key in ResourceKey[minecraft:root / minecraft:item]: railways:track_byg_cika_narrow
[24May2026 22:28:24.968] [Worker-Main-2/ERROR] [net.minecraft.world.level.storage.loot.LootDataType/]: Couldn't parse element ResourceKey[minecraft:root / minecraft:loot_table]:railways:blocks/track_byg_nightshade_wide - Unknown registry key in ResourceKey[minecraft:root / minecraft:item]: railways:track_byg_nightshade_wide
[24May2026 22:28:24.969] [Worker-Main-2/ERROR] [net.minecraft.world.level.storage.loot.LootDataType/]: Couldn't parse element ResourceKey[minecraft:root / minecraft:loot_table]:railways:blocks/track_byg_lament_narrow - Unknown registry key in ResourceKey[minecraft:root / minecraft:item]: railways:track_byg_lament_narrow
[24May2026 22:28:24.991] [Worker-Main-2/ERROR] [net.minecraft.world.level.storage.loot.LootDataType/]: Couldn't parse element ResourceKey[minecraft:root / minecraft:loot_table]:railways:blocks/track_byg_redwood_narrow - Unknown registry key in ResourceKey[minecraft:root / minecraft:item]: railways:track_byg_redwood_narrow
[24May2026 22:28:24.993] [Worker-Main-2/ERROR] [net.minecraft.world.level.storage.loot.LootDataType/]: Couldn't parse element ResourceKey[minecraft:root / minecraft:loot_table]:railways:blocks/track_tfc_willow_narrow - Unknown registry key in ResourceKey[minecraft:root / minecraft:item]: railways:track_tfc_willow_narrow
[24May2026 22:28:24.994] [Worker-Main-2/ERROR] [net.minecraft.world.level.storage.loot.LootDataType/]: Couldn't parse element ResourceKey[minecraft:root / minecraft:loot_table]:railways:blocks/track_tfc_douglas_fir - Unknown registry key in ResourceKey[minecraft:root / minecraft:item]: railways:track_tfc_douglas_fir
[24May2026 22:28:24.995] [Worker-Main-2/ERROR] [net.minecraft.world.level.storage.loot.LootDataType/]: Couldn't parse element ResourceKey[minecraft:root / minecraft:loot_table]:railways:blocks/track_byg_ebony_wide - Unknown registry key in ResourceKey[minecraft:root / minecraft:item]: railways:track_byg_ebony_wide
[24May2026 22:28:24.999] [Worker-Main-2/ERROR] [net.minecraft.world.level.storage.loot.LootDataType/]: Couldn't parse element ResourceKey[minecraft:root / minecraft:loot_table]:railways:blocks/track_natures_spirit_fir_wide - Unknown registry key in ResourceKey[minecraft:root / minecraft:item]: railways:track_natures_spirit_fir_wide
[24May2026 22:28:25.006] [Worker-Main-2/ERROR] [net.minecraft.world.level.storage.loot.LootDataType/]: Couldn't parse element ResourceKey[minecraft:root / minecraft:loot_table]:railways:blocks/track_byg_jacaranda_narrow - Unknown registry key in ResourceKey[minecraft:root / minecraft:item]: railways:track_byg_jacaranda_narrow
[24May2026 22:28:25.010] [Worker-Main-2/ERROR] [net.minecraft.world.level.storage.loot.LootDataType/]: Couldn't parse element ResourceKey[minecraft:root / minecraft:loot_table]:railways:blocks/track_byg_green_enchanted - Unknown registry key in ResourceKey[minecraft:root / minecraft:item]: railways:track_byg_green_enchanted
[24May2026 22:28:25.010] [Worker-Main-2/ERROR] [net.minecraft.world.level.storage.loot.LootDataType/]: Couldn't parse element ResourceKey[minecraft:root / minecraft:loot_table]:railways:blocks/track_byg_white_mangrove - Unknown registry key in ResourceKey[minecraft:root / minecraft:item]: railways:track_byg_white_mangrove
[24May2026 22:28:25.011] [Worker-Main-2/ERROR] [net.minecraft.world.level.storage.loot.LootDataType/]: Couldn't parse element ResourceKey[minecraft:root / minecraft:loot_table]:railways:blocks/track_natures_spirit_aspen - Unknown registry key in ResourceKey[minecraft:root / minecraft:item]: railways:track_natures_spirit_aspen
[24May2026 22:28:25.012] [Worker-Main-2/ERROR] [net.minecraft.world.level.storage.loot.LootDataType/]: Couldn't parse element ResourceKey[minecraft:root / minecraft:loot_table]:railways:blocks/track_tfc_oak_wide - Unknown registry key in ResourceKey[minecraft:root / minecraft:item]: railways:track_tfc_oak_wide
[24May2026 22:28:25.021] [Worker-Main-2/ERROR] [net.minecraft.world.level.storage.loot.LootDataType/]: Couldn't parse element ResourceKey[minecraft:root / minecraft:loot_table]:railways:blocks/track_natures_spirit_cypress_narrow - Unknown registry key in ResourceKey[minecraft:root / minecraft:item]: railways:track_natures_spirit_cypress_narrow
[24May2026 22:28:25.030] [Worker-Main-2/ERROR] [net.minecraft.world.level.storage.loot.LootDataType/]: Couldn't parse element ResourceKey[minecraft:root / minecraft:loot_table]:railways:blocks/track_tfc_chestnut_wide - Unknown registry key in ResourceKey[minecraft:root / minecraft:item]: railways:track_tfc_chestnut_wide
[24May2026 22:28:25.033] [Worker-Main-2/ERROR] [net.minecraft.world.level.storage.loot.LootDataType/]: Couldn't parse element ResourceKey[minecraft:root / minecraft:loot_table]:railways:blocks/track_natures_spirit_willow_narrow - Unknown registry key in ResourceKey[minecraft:root / minecraft:item]: railways:track_natures_spirit_willow_narrow
[24May2026 22:28:25.033] [Worker-Main-2/ERROR] [net.minecraft.world.level.storage.loot.LootDataType/]: Couldn't parse element ResourceKey[minecraft:root / minecraft:loot_table]:railways:blocks/track_blue_skies_bluebright - Unknown registry key in ResourceKey[minecraft:root / minecraft:item]: railways:track_blue_skies_bluebright
[24May2026 22:28:25.046] [Worker-Main-2/ERROR] [net.minecraft.world.level.storage.loot.LootDataType/]: Couldn't parse element ResourceKey[minecraft:root / minecraft:loot_table]:railways:blocks/track_natures_spirit_redwood - Unknown registry key in ResourceKey[minecraft:root / minecraft:item]: railways:track_natures_spirit_redwood
[24May2026 22:28:25.047] [Worker-Main-2/ERROR] [net.minecraft.world.level.storage.loot.LootDataType/]: Couldn't parse element ResourceKey[minecraft:root / minecraft:loot_table]:railways:blocks/track_tfc_palm_wide - Unknown registry key in ResourceKey[minecraft:root / minecraft:item]: railways:track_tfc_palm_wide
[24May2026 22:28:25.049] [Worker-Main-2/ERROR] [net.minecraft.world.level.storage.loot.LootDataType/]: Couldn't parse element ResourceKey[minecraft:root / minecraft:loot_table]:railways:blocks/track_byg_baobab_narrow - Unknown registry key in ResourceKey[minecraft:root / minecraft:item]: railways:track_byg_baobab_narrow
[24May2026 22:28:25.056] [Worker-Main-2/ERROR] [net.minecraft.world.level.storage.loot.LootDataType/]: Couldn't parse element ResourceKey[minecraft:root / minecraft:loot_table]:railways:blocks/track_byg_blue_enchanted_wide - Unknown registry key in ResourceKey[minecraft:root / minecraft:item]: railways:track_byg_blue_enchanted_wide
[24May2026 22:28:25.060] [Worker-Main-2/ERROR] [net.minecraft.world.level.storage.loot.LootDataType/]: Couldn't parse element ResourceKey[minecraft:root / minecraft:loot_table]:railways:blocks/track_tfc_kapok_narrow - Unknown registry key in ResourceKey[minecraft:root / minecraft:item]: railways:track_tfc_kapok_narrow
[24May2026 22:28:25.068] [Worker-Main-2/ERROR] [net.minecraft.world.level.storage.loot.LootDataType/]: Couldn't parse element ResourceKey[minecraft:root / minecraft:loot_table]:railways:blocks/track_tfc_spruce_wide - Unknown registry key in ResourceKey[minecraft:root / minecraft:item]: railways:track_tfc_spruce_wide
[24May2026 22:28:25.072] [Worker-Main-2/ERROR] [net.minecraft.world.level.storage.loot.LootDataType/]: Couldn't parse element ResourceKey[minecraft:root / minecraft:loot_table]:railways:blocks/track_tfc_spruce_narrow - Unknown registry key in ResourceKey[minecraft:root / minecraft:item]: railways:track_tfc_spruce_narrow
[24May2026 22:28:25.073] [Worker-Main-2/ERROR] [net.minecraft.world.level.storage.loot.LootDataType/]: Couldn't parse element ResourceKey[minecraft:root / minecraft:loot_table]:railways:blocks/track_tfc_douglas_fir_wide - Unknown registry key in ResourceKey[minecraft:root / minecraft:item]: railways:track_tfc_douglas_fir_wide
[24May2026 22:28:25.076] [Worker-Main-2/ERROR] [net.minecraft.world.level.storage.loot.LootDataType/]: Couldn't parse element ResourceKey[minecraft:root / minecraft:loot_table]:railways:blocks/track_byg_witch_hazel_wide - Unknown registry key in ResourceKey[minecraft:root / minecraft:item]: railways:track_byg_witch_hazel_wide
[24May2026 22:28:25.076] [Worker-Main-2/ERROR] [net.minecraft.world.level.storage.loot.LootDataType/]: Couldn't parse element ResourceKey[minecraft:root / minecraft:loot_table]:railways:blocks/track_byg_willow_narrow - Unknown registry key in ResourceKey[minecraft:root / minecraft:item]: railways:track_byg_willow_narrow
[24May2026 22:28:25.078] [Worker-Main-2/ERROR] [net.minecraft.world.level.storage.loot.LootDataType/]: Couldn't parse element ResourceKey[minecraft:root / minecraft:loot_table]:railways:blocks/track_byg_palm_wide - Unknown registry key in ResourceKey[minecraft:root / minecraft:item]: railways:track_byg_palm_wide
[24May2026 22:28:25.080] [Worker-Main-2/ERROR] [net.minecraft.world.level.storage.loot.LootDataType/]: Couldn't parse element ResourceKey[minecraft:root / minecraft:loot_table]:railways:blocks/track_byg_pine_wide - Unknown registry key in ResourceKey[minecraft:root / minecraft:item]: railways:track_byg_pine_wide
[24May2026 22:28:25.081] [Worker-Main-2/ERROR] [net.minecraft.world.level.storage.loot.LootDataType/]: Couldn't parse element ResourceKey[minecraft:root / minecraft:loot_table]:railways:blocks/track_byg_maple_wide - Unknown registry key in ResourceKey[minecraft:root / minecraft:item]: railways:track_byg_maple_wide
[24May2026 22:28:25.085] [Worker-Main-2/ERROR] [net.minecraft.world.level.storage.loot.LootDataType/]: Couldn't parse element ResourceKey[minecraft:root / minecraft:loot_table]:railways:blocks/track_natures_spirit_ghaf - Unknown registry key in ResourceKey[minecraft:root / minecraft:item]: railways:track_natures_spirit_ghaf
[24May2026 22:28:25.086] [Worker-Main-2/ERROR] [net.minecraft.world.level.storage.loot.LootDataType/]: Couldn't parse element ResourceKey[minecraft:root / minecraft:loot_table]:railways:blocks/track_tfc_palm - Unknown registry key in ResourceKey[minecraft:root / minecraft:item]: railways:track_tfc_palm
[24May2026 22:28:25.089] [Worker-Main-2/ERROR] [net.minecraft.world.level.storage.loot.LootDataType/]: Couldn't parse element ResourceKey[minecraft:root / minecraft:loot_table]:railways:blocks/track_tfc_white_cedar_wide - Unknown registry key in ResourceKey[minecraft:root / minecraft:item]: railways:track_tfc_white_cedar_wide
[24May2026 22:28:25.097] [Worker-Main-2/ERROR] [net.minecraft.world.level.storage.loot.LootDataType/]: Couldn't parse element ResourceKey[minecraft:root / minecraft:loot_table]:railways:blocks/track_byg_pine_narrow - Unknown registry key in ResourceKey[minecraft:root / minecraft:item]: railways:track_byg_pine_narrow
[24May2026 22:28:25.099] [Worker-Main-2/ERROR] [net.minecraft.world.level.storage.loot.LootDataType/]: Couldn't parse element ResourceKey[minecraft:root / minecraft:loot_table]:railways:blocks/track_tfc_spruce - Unknown registry key in ResourceKey[minecraft:root / minecraft:item]: railways:track_tfc_spruce
[24May2026 22:28:25.103] [Worker-Main-2/ERROR] [net.minecraft.world.level.storage.loot.LootDataType/]: Couldn't parse element ResourceKey[minecraft:root / minecraft:loot_table]:railways:blocks/track_tfc_pine_wide - Unknown registry key in ResourceKey[minecraft:root / minecraft:item]: railways:track_tfc_pine_wide
[24May2026 22:28:25.108] [Worker-Main-2/ERROR] [net.minecraft.world.level.storage.loot.LootDataType/]: Couldn't parse element ResourceKey[minecraft:root / minecraft:loot_table]:railways:blocks/track_byg_redwood - Unknown registry key in ResourceKey[minecraft:root / minecraft:item]: railways:track_byg_redwood
[24May2026 22:28:25.109] [Worker-Main-2/ERROR] [net.minecraft.world.level.storage.loot.LootDataType/]: Couldn't parse element ResourceKey[minecraft:root / minecraft:loot_table]:railways:blocks/track_create_dd_rubber_wide - Unknown registry key in ResourceKey[minecraft:root / minecraft:item]: railways:track_create_dd_rubber_wide
[24May2026 22:28:25.109] [Worker-Main-2/ERROR] [net.minecraft.world.level.storage.loot.LootDataType/]: Couldn't parse element ResourceKey[minecraft:root / minecraft:loot_table]:railways:blocks/track_natures_spirit_ghaf_wide - Unknown registry key in ResourceKey[minecraft:root / minecraft:item]: railways:track_natures_spirit_ghaf_wide
[24May2026 22:28:25.113] [Worker-Main-2/ERROR] [net.minecraft.world.level.storage.loot.LootDataType/]: Couldn't parse element ResourceKey[minecraft:root / minecraft:loot_table]:railways:blocks/track_natures_spirit_palo_verde - Unknown registry key in ResourceKey[minecraft:root / minecraft:item]: railways:track_natures_spirit_palo_verde
[24May2026 22:28:25.114] [Worker-Main-2/ERROR] [net.minecraft.world.level.storage.loot.LootDataType/]: Couldn't parse element ResourceKey[minecraft:root / minecraft:loot_table]:railways:blocks/track_blue_skies_lunar_narrow - Unknown registry key in ResourceKey[minecraft:root / minecraft:item]: railways:track_blue_skies_lunar_narrow
[24May2026 22:28:25.118] [Worker-Main-2/ERROR] [net.minecraft.world.level.storage.loot.LootDataType/]: Couldn't parse element ResourceKey[minecraft:root / minecraft:loot_table]:railways:blocks/track_blue_skies_starlit_wide - Unknown registry key in ResourceKey[minecraft:root / minecraft:item]: railways:track_blue_skies_starlit_wide
[24May2026 22:28:25.119] [Worker-Main-2/ERROR] [net.minecraft.world.level.storage.loot.LootDataType/]: Couldn't parse element ResourceKey[minecraft:root / minecraft:loot_table]:railways:blocks/track_byg_cika - Unknown registry key in ResourceKey[minecraft:root / minecraft:item]: railways:track_byg_cika
[24May2026 22:28:25.125] [Worker-Main-2/ERROR] [net.minecraft.world.level.storage.loot.LootDataType/]: Couldn't parse element ResourceKey[minecraft:root / minecraft:loot_table]:railways:blocks/track_natures_spirit_joshua - Unknown registry key in ResourceKey[minecraft:root / minecraft:item]: railways:track_natures_spirit_joshua
[24May2026 22:28:25.127] [Worker-Main-2/ERROR] [net.minecraft.world.level.storage.loot.LootDataType/]: Couldn't parse element ResourceKey[minecraft:root / minecraft:loot_table]:railways:blocks/track_natures_spirit_maple_narrow - Unknown registry key in ResourceKey[minecraft:root / minecraft:item]: railways:track_natures_spirit_maple_narrow
[24May2026 22:28:25.133] [Worker-Main-2/ERROR] [net.minecraft.world.level.storage.loot.LootDataType/]: Couldn't parse element ResourceKey[minecraft:root / minecraft:loot_table]:railways:blocks/track_tfc_pine_narrow - Unknown registry key in ResourceKey[minecraft:root / minecraft:item]: railways:track_tfc_pine_narrow
[24May2026 22:28:25.134] [Worker-Main-2/ERROR] [net.minecraft.world.level.storage.loot.LootDataType/]: Couldn't parse element ResourceKey[minecraft:root / minecraft:loot_table]:railways:blocks/track_tfc_acacia - Unknown registry key in ResourceKey[minecraft:root / minecraft:item]: railways:track_tfc_acacia
[24May2026 22:28:25.137] [Worker-Main-2/ERROR] [net.minecraft.world.level.storage.loot.LootDataType/]: Couldn't parse element ResourceKey[minecraft:root / minecraft:loot_table]:railways:blocks/track_byg_rainbow_eucalyptus_wide - Unknown registry key in ResourceKey[minecraft:root / minecraft:item]: railways:track_byg_rainbow_eucalyptus_wide
[24May2026 22:28:25.138] [Worker-Main-2/ERROR] [net.minecraft.world.level.storage.loot.LootDataType/]: Couldn't parse element ResourceKey[minecraft:root / minecraft:loot_table]:railways:blocks/track_blue_skies_starlit - Unknown registry key in ResourceKey[minecraft:root / minecraft:item]: railways:track_blue_skies_starlit
[24May2026 22:28:25.139] [Worker-Main-2/ERROR] [net.minecraft.world.level.storage.loot.LootDataType/]: Couldn't parse element ResourceKey[minecraft:root / minecraft:loot_table]:railways:blocks/track_byg_white_mangrove_narrow - Unknown registry key in ResourceKey[minecraft:root / minecraft:item]: railways:track_byg_white_mangrove_narrow
[24May2026 22:28:25.140] [Worker-Main-2/ERROR] [net.minecraft.world.level.storage.loot.LootDataType/]: Couldn't parse element ResourceKey[minecraft:root / minecraft:loot_table]:railways:blocks/track_byg_green_enchanted_narrow - Unknown registry key in ResourceKey[minecraft:root / minecraft:item]: railways:track_byg_green_enchanted_narrow
[24May2026 22:28:25.141] [Worker-Main-2/ERROR] [net.minecraft.world.level.storage.loot.LootDataType/]: Couldn't parse element ResourceKey[minecraft:root / minecraft:loot_table]:railways:blocks/track_blue_skies_frostbright - Unknown registry key in ResourceKey[minecraft:root / minecraft:item]: railways:track_blue_skies_frostbright
[24May2026 22:28:25.143] [Worker-Main-2/ERROR] [net.minecraft.world.level.storage.loot.LootDataType/]: Couldn't parse element ResourceKey[minecraft:root / minecraft:loot_table]:railways:blocks/track_natures_spirit_palo_verde_narrow - Unknown registry key in ResourceKey[minecraft:root / minecraft:item]: railways:track_natures_spirit_palo_verde_narrow
[24May2026 22:28:25.144] [Worker-Main-2/ERROR] [net.minecraft.world.level.storage.loot.LootDataType/]: Couldn't parse element ResourceKey[minecraft:root / minecraft:loot_table]:railways:blocks/track_tfc_sycamore_wide - Unknown registry key in ResourceKey[minecraft:root / minecraft:item]: railways:track_tfc_sycamore_wide
[24May2026 22:28:25.146] [Worker-Main-2/ERROR] [net.minecraft.world.level.storage.loot.LootDataType/]: Couldn't parse element ResourceKey[minecraft:root / minecraft:loot_table]:railways:blocks/track_tfc_hickory_narrow - Unknown registry key in ResourceKey[minecraft:root / minecraft:item]: railways:track_tfc_hickory_narrow
[24May2026 22:28:25.147] [Worker-Main-2/ERROR] [net.minecraft.world.level.storage.loot.LootDataType/]: Couldn't parse element ResourceKey[minecraft:root / minecraft:loot_table]:railways:blocks/track_byg_white_mangrove_wide - Unknown registry key in ResourceKey[minecraft:root / minecraft:item]: railways:track_byg_white_mangrove_wide
[24May2026 22:28:25.148] [Worker-Main-2/ERROR] [net.minecraft.world.level.storage.loot.LootDataType/]: Couldn't parse element ResourceKey[minecraft:root / minecraft:loot_table]:railways:blocks/track_blue_skies_lunar_wide - Unknown registry key in ResourceKey[minecraft:root / minecraft:item]: railways:track_blue_skies_lunar_wide
[24May2026 22:28:25.151] [Worker-Main-2/ERROR] [net.minecraft.world.level.storage.loot.LootDataType/]: Couldn't parse element ResourceKey[minecraft:root / minecraft:loot_table]:railways:blocks/track_tfc_blackwood_wide - Unknown registry key in ResourceKey[minecraft:root / minecraft:item]: railways:track_tfc_blackwood_wide
[24May2026 22:28:25.153] [Worker-Main-2/ERROR] [net.minecraft.world.level.storage.loot.LootDataType/]: Couldn't parse element ResourceKey[minecraft:root / minecraft:loot_table]:railways:blocks/track_byg_maple_narrow - Unknown registry key in ResourceKey[minecraft:root / minecraft:item]: railways:track_byg_maple_narrow
[24May2026 22:28:25.155] [Worker-Main-2/ERROR] [net.minecraft.world.level.storage.loot.LootDataType/]: Couldn't parse element ResourceKey[minecraft:root / minecraft:loot_table]:railways:blocks/track_byg_embur_wide - Unknown registry key in ResourceKey[minecraft:root / minecraft:item]: railways:track_byg_embur_wide
[24May2026 22:28:25.161] [Worker-Main-2/ERROR] [net.minecraft.world.level.storage.loot.LootDataType/]: Couldn't parse element ResourceKey[minecraft:root / minecraft:loot_table]:railways:blocks/track_blue_skies_dusk_narrow - Unknown registry key in ResourceKey[minecraft:root / minecraft:item]: railways:track_blue_skies_dusk_narrow
[24May2026 22:28:25.162] [Worker-Main-2/ERROR] [net.minecraft.world.level.storage.loot.LootDataType/]: Couldn't parse element ResourceKey[minecraft:root / minecraft:loot_table]:railways:blocks/track_byg_sythian_narrow - Unknown registry key in ResourceKey[minecraft:root / minecraft:item]: railways:track_byg_sythian_narrow
[24May2026 22:28:25.163] [Worker-Main-2/ERROR] [net.minecraft.world.level.storage.loot.LootDataType/]: Couldn't parse element ResourceKey[minecraft:root / minecraft:loot_table]:railways:blocks/track_byg_redwood_wide - Unknown registry key in ResourceKey[minecraft:root / minecraft:item]: railways:track_byg_redwood_wide
[24May2026 22:28:25.169] [Worker-Main-2/ERROR] [net.minecraft.world.level.storage.loot.LootDataType/]: Couldn't parse element ResourceKey[minecraft:root / minecraft:loot_table]:railways:blocks/track_byg_fir_narrow - Unknown registry key in ResourceKey[minecraft:root / minecraft:item]: railways:track_byg_fir_narrow
[24May2026 22:28:25.170] [Worker-Main-2/ERROR] [net.minecraft.world.level.storage.loot.LootDataType/]: Couldn't parse element ResourceKey[minecraft:root / minecraft:loot_table]:railways:blocks/track_tfc_aspen_wide - Unknown registry key in ResourceKey[minecraft:root / minecraft:item]: railways:track_tfc_aspen_wide
[24May2026 22:28:25.171] [Worker-Main-2/ERROR] [net.minecraft.world.level.storage.loot.LootDataType/]: Couldn't parse element ResourceKey[minecraft:root / minecraft:loot_table]:railways:blocks/track_natures_spirit_sugi - Unknown registry key in ResourceKey[minecraft:root / minecraft:item]: railways:track_natures_spirit_sugi
[24May2026 22:28:25.172] [Worker-Main-2/ERROR] [net.minecraft.world.level.storage.loot.LootDataType/]: Couldn't parse element ResourceKey[minecraft:root / minecraft:loot_table]:railways:blocks/track_byg_willow_wide - Unknown registry key in ResourceKey[minecraft:root / minecraft:item]: railways:track_byg_willow_wide
[24May2026 22:28:25.173] [Worker-Main-2/ERROR] [net.minecraft.world.level.storage.loot.LootDataType/]: Couldn't parse element ResourceKey[minecraft:root / minecraft:loot_table]:railways:blocks/track_tfc_oak_narrow - Unknown registry key in ResourceKey[minecraft:root / minecraft:item]: railways:track_tfc_oak_narrow
[24May2026 22:28:25.176] [Worker-Main-2/ERROR] [net.minecraft.world.level.storage.loot.LootDataType/]: Couldn't parse element ResourceKey[minecraft:root / minecraft:loot_table]:railways:blocks/track_create_dd_spirit - Unknown registry key in ResourceKey[minecraft:root / minecraft:item]: railways:track_create_dd_spirit
[24May2026 22:28:25.177] [Worker-Main-2/ERROR] [net.minecraft.world.level.storage.loot.LootDataType/]: Couldn't parse element ResourceKey[minecraft:root / minecraft:loot_table]:railways:blocks/track_tfc_maple - Unknown registry key in ResourceKey[minecraft:root / minecraft:item]: railways:track_tfc_maple
[24May2026 22:28:25.178] [Worker-Main-2/ERROR] [net.minecraft.world.level.storage.loot.LootDataType/]: Couldn't parse element ResourceKey[minecraft:root / minecraft:loot_table]:railways:blocks/track_byg_zelkova_narrow - Unknown registry key in ResourceKey[minecraft:root / minecraft:item]: railways:track_byg_zelkova_narrow
[24May2026 22:28:25.179] [Worker-Main-2/ERROR] [net.minecraft.world.level.storage.loot.LootDataType/]: Couldn't parse element ResourceKey[minecraft:root / minecraft:loot_table]:railways:blocks/track_byg_cika_wide - Unknown registry key in ResourceKey[minecraft:root / minecraft:item]: railways:track_byg_cika_wide
[24May2026 22:28:25.181] [Worker-Main-2/ERROR] [net.minecraft.world.level.storage.loot.LootDataType/]: Couldn't parse element ResourceKey[minecraft:root / minecraft:loot_table]:railways:blocks/track_byg_holly_narrow - Unknown registry key in ResourceKey[minecraft:root / minecraft:item]: railways:track_byg_holly_narrow
[24May2026 22:28:25.182] [Worker-Main-2/ERROR] [net.minecraft.world.level.storage.loot.LootDataType/]: Couldn't parse element ResourceKey[minecraft:root / minecraft:loot_table]:railways:blocks/track_tfc_ash_narrow - Unknown registry key in ResourceKey[minecraft:root / minecraft:item]: railways:track_tfc_ash_narrow
[24May2026 22:28:25.182] [Worker-Main-2/ERROR] [net.minecraft.world.level.storage.loot.LootDataType/]: Couldn't parse element ResourceKey[minecraft:root / minecraft:loot_table]:railways:blocks/track_byg_skyris - Unknown registry key in ResourceKey[minecraft:root / minecraft:item]: railways:track_byg_skyris
[24May2026 22:28:25.190] [Worker-Main-2/ERROR] [net.minecraft.world.level.storage.loot.LootDataType/]: Couldn't parse element ResourceKey[minecraft:root / minecraft:loot_table]:railways:blocks/track_natures_spirit_maple - Unknown registry key in ResourceKey[minecraft:root / minecraft:item]: railways:track_natures_spirit_maple
[24May2026 22:28:25.191] [Worker-Main-2/ERROR] [net.minecraft.world.level.storage.loot.LootDataType/]: Couldn't parse element ResourceKey[minecraft:root / minecraft:loot_table]:railways:blocks/track_create_dd_spirit_narrow - Unknown registry key in ResourceKey[minecraft:root / minecraft:item]: railways:track_create_dd_spirit_narrow
[24May2026 22:28:25.193] [Worker-Main-2/ERROR] [net.minecraft.world.level.storage.loot.LootDataType/]: Couldn't parse element ResourceKey[minecraft:root / minecraft:loot_table]:railways:blocks/track_create_dd_rubber - Unknown registry key in ResourceKey[minecraft:root / minecraft:item]: railways:track_create_dd_rubber
[24May2026 22:28:25.200] [Worker-Main-2/ERROR] [net.minecraft.world.level.storage.loot.LootDataType/]: Couldn't parse element ResourceKey[minecraft:root / minecraft:loot_table]:railways:blocks/track_byg_mahogany - Unknown registry key in ResourceKey[minecraft:root / minecraft:item]: railways:track_byg_mahogany
[24May2026 22:28:25.201] [Worker-Main-2/ERROR] [net.minecraft.world.level.storage.loot.LootDataType/]: Couldn't parse element ResourceKey[minecraft:root / minecraft:loot_table]:railways:blocks/track_tfc_sequoia_wide - Unknown registry key in ResourceKey[minecraft:root / minecraft:item]: railways:track_tfc_sequoia_wide
[24May2026 22:28:25.203] [Worker-Main-2/ERROR] [net.minecraft.world.level.storage.loot.LootDataType/]: Couldn't parse element ResourceKey[minecraft:root / minecraft:loot_table]:railways:blocks/track_byg_baobab_wide - Unknown registry key in ResourceKey[minecraft:root / minecraft:item]: railways:track_byg_baobab_wide
[24May2026 22:28:25.206] [Worker-Main-2/ERROR] [net.minecraft.world.level.storage.loot.LootDataType/]: Couldn't parse element ResourceKey[minecraft:root / minecraft:loot_table]:railways:blocks/track_natures_spirit_palo_verde_wide - Unknown registry key in ResourceKey[minecraft:root / minecraft:item]: railways:track_natures_spirit_palo_verde_wide
[24May2026 22:28:25.206] [Worker-Main-2/ERROR] [net.minecraft.world.level.storage.loot.LootDataType/]: Couldn't parse element ResourceKey[minecraft:root / minecraft:loot_table]:railways:blocks/track_tfc_blackwood_narrow - Unknown registry key in ResourceKey[minecraft:root / minecraft:item]: railways:track_tfc_blackwood_narrow
[24May2026 22:28:25.207] [Worker-Main-2/ERROR] [net.minecraft.world.level.storage.loot.LootDataType/]: Couldn't parse element ResourceKey[minecraft:root / minecraft:loot_table]:railways:blocks/track_natures_spirit_fir - Unknown registry key in ResourceKey[minecraft:root / minecraft:item]: railways:track_natures_spirit_fir
[24May2026 22:28:25.207] [Worker-Main-2/ERROR] [net.minecraft.world.level.storage.loot.LootDataType/]: Couldn't parse element ResourceKey[minecraft:root / minecraft:loot_table]:railways:blocks/track_byg_imparius_narrow - Unknown registry key in ResourceKey[minecraft:root / minecraft:item]: railways:track_byg_imparius_narrow
[24May2026 22:28:25.210] [Worker-Main-2/ERROR] [net.minecraft.world.level.storage.loot.LootDataType/]: Couldn't parse element ResourceKey[minecraft:root / minecraft:loot_table]:railways:blocks/track_tfc_mangrove - Unknown registry key in ResourceKey[minecraft:root / minecraft:item]: railways:track_tfc_mangrove
[24May2026 22:28:25.211] [Worker-Main-2/ERROR] [net.minecraft.world.level.storage.loot.LootDataType/]: Couldn't parse element ResourceKey[minecraft:root / minecraft:loot_table]:railways:blocks/track_tfc_palm_narrow - Unknown registry key in ResourceKey[minecraft:root / minecraft:item]: railways:track_tfc_palm_narrow
[24May2026 22:28:25.211] [Worker-Main-2/ERROR] [net.minecraft.world.level.storage.loot.LootDataType/]: Couldn't parse element ResourceKey[minecraft:root / minecraft:loot_table]:railways:blocks/track_tfc_kapok_wide - Unknown registry key in ResourceKey[minecraft:root / minecraft:item]: railways:track_tfc_kapok_wide
[24May2026 22:28:25.213] [Worker-Main-2/ERROR] [net.minecraft.world.level.storage.loot.LootDataType/]: Couldn't parse element ResourceKey[minecraft:root / minecraft:loot_table]:railways:blocks/track_byg_blue_enchanted_narrow - Unknown registry key in ResourceKey[minecraft:root / minecraft:item]: railways:track_byg_blue_enchanted_narrow
[24May2026 22:28:25.217] [Worker-Main-2/ERROR] [net.minecraft.world.level.storage.loot.LootDataType/]: Couldn't parse element ResourceKey[minecraft:root / minecraft:loot_table]:railways:blocks/track_byg_imparius_wide - Unknown registry key in ResourceKey[minecraft:root / minecraft:item]: railways:track_byg_imparius_wide
[24May2026 22:28:25.221] [Worker-Main-2/ERROR] [net.minecraft.world.level.storage.loot.LootDataType/]: Couldn't parse element ResourceKey[minecraft:root / minecraft:loot_table]:railways:blocks/track_byg_palm - Unknown registry key in ResourceKey[minecraft:root / minecraft:item]: railways:track_byg_palm
[24May2026 22:28:25.228] [Worker-Main-2/ERROR] [net.minecraft.world.level.storage.loot.LootDataType/]: Couldn't parse element ResourceKey[minecraft:root / minecraft:loot_table]:railways:blocks/track_tfc_white_cedar_narrow - Unknown registry key in ResourceKey[minecraft:root / minecraft:item]: railways:track_tfc_white_cedar_narrow
[24May2026 22:28:25.230] [Worker-Main-2/ERROR] [net.minecraft.world.level.storage.loot.LootDataType/]: Couldn't parse element ResourceKey[minecraft:root / minecraft:loot_table]:railways:blocks/track_byg_rainbow_eucalyptus - Unknown registry key in ResourceKey[minecraft:root / minecraft:item]: railways:track_byg_rainbow_eucalyptus
[24May2026 22:28:25.231] [Worker-Main-2/ERROR] [net.minecraft.world.level.storage.loot.LootDataType/]: Couldn't parse element ResourceKey[minecraft:root / minecraft:loot_table]:railways:blocks/track_tfc_mangrove_wide - Unknown registry key in ResourceKey[minecraft:root / minecraft:item]: railways:track_tfc_mangrove_wide
[24May2026 22:28:25.233] [Worker-Main-2/ERROR] [net.minecraft.world.level.storage.loot.LootDataType/]: Couldn't parse element ResourceKey[minecraft:root / minecraft:loot_table]:railways:blocks/track_natures_spirit_wisteria_narrow - Unknown registry key in ResourceKey[minecraft:root / minecraft:item]: railways:track_natures_spirit_wisteria_narrow
[24May2026 22:28:25.235] [Worker-Main-2/ERROR] [net.minecraft.world.level.storage.loot.LootDataType/]: Couldn't parse element ResourceKey[minecraft:root / minecraft:loot_table]:railways:blocks/track_byg_holly - Unknown registry key in ResourceKey[minecraft:root / minecraft:item]: railways:track_byg_holly
[24May2026 22:28:25.238] [Worker-Main-2/ERROR] [net.minecraft.world.level.storage.loot.LootDataType/]: Couldn't parse element ResourceKey[minecraft:root / minecraft:loot_table]:railways:blocks/track_natures_spirit_aspen_wide - Unknown registry key in ResourceKey[minecraft:root / minecraft:item]: railways:track_natures_spirit_aspen_wide
[24May2026 22:28:25.238] [Worker-Main-2/ERROR] [net.minecraft.world.level.storage.loot.LootDataType/]: Couldn't parse element ResourceKey[minecraft:root / minecraft:loot_table]:railways:blocks/track_byg_ebony_narrow - Unknown registry key in ResourceKey[minecraft:root / minecraft:item]: railways:track_byg_ebony_narrow
[24May2026 22:28:25.239] [Worker-Main-2/ERROR] [net.minecraft.world.level.storage.loot.LootDataType/]: Couldn't parse element ResourceKey[minecraft:root / minecraft:loot_table]:railways:blocks/track_byg_holly_wide - Unknown registry key in ResourceKey[minecraft:root / minecraft:item]: railways:track_byg_holly_wide
[24May2026 22:28:25.239] [Worker-Main-2/ERROR] [net.minecraft.world.level.storage.loot.LootDataType/]: Couldn't parse element ResourceKey[minecraft:root / minecraft:loot_table]:railways:blocks/track_natures_spirit_redwood_narrow - Unknown registry key in ResourceKey[minecraft:root / minecraft:item]: railways:track_natures_spirit_redwood_narrow
[24May2026 22:28:25.243] [Worker-Main-2/ERROR] [net.minecraft.world.level.storage.loot.LootDataType/]: Couldn't parse element ResourceKey[minecraft:root / minecraft:loot_table]:railways:blocks/track_natures_spirit_willow_wide - Unknown registry key in ResourceKey[minecraft:root / minecraft:item]: railways:track_natures_spirit_willow_wide
[24May2026 22:28:25.245] [Worker-Main-2/ERROR] [net.minecraft.world.level.storage.loot.LootDataType/]: Couldn't parse element ResourceKey[minecraft:root / minecraft:loot_table]:railways:blocks/track_byg_cypress - Unknown registry key in ResourceKey[minecraft:root / minecraft:item]: railways:track_byg_cypress
[24May2026 22:28:25.246] [Worker-Main-2/ERROR] [net.minecraft.world.level.storage.loot.LootDataType/]: Couldn't parse element ResourceKey[minecraft:root / minecraft:loot_table]:railways:blocks/track_byg_sythian - Unknown registry key in ResourceKey[minecraft:root / minecraft:item]: railways:track_byg_sythian
[24May2026 22:28:25.251] [Worker-Main-2/ERROR] [net.minecraft.world.level.storage.loot.LootDataType/]: Couldn't parse element ResourceKey[minecraft:root / minecraft:loot_table]:irons_spellbooks:test/ring_gen_break_me - Unknown registry key in ResourceKey[minecraft:root / irons_spellbooks:spells]: minecraft:none
[24May2026 22:28:25.252] [Worker-Main-2/ERROR] [net.minecraft.world.level.storage.loot.LootDataType/]: Couldn't parse element ResourceKey[minecraft:root / minecraft:loot_table]:railways:blocks/track_byg_skyris_wide - Unknown registry key in ResourceKey[minecraft:root / minecraft:item]: railways:track_byg_skyris_wide
[24May2026 22:28:25.256] [Worker-Main-2/ERROR] [net.minecraft.world.level.storage.loot.LootDataType/]: Couldn't parse element ResourceKey[minecraft:root / minecraft:loot_table]:railways:blocks/track_byg_bulbis_narrow - Unknown registry key in ResourceKey[minecraft:root / minecraft:item]: railways:track_byg_bulbis_narrow
[24May2026 22:28:25.258] [Worker-Main-2/ERROR] [net.minecraft.world.level.storage.loot.LootDataType/]: Couldn't parse element ResourceKey[minecraft:root / minecraft:loot_table]:railways:blocks/track_tfc_chestnut_narrow - Unknown registry key in ResourceKey[minecraft:root / minecraft:item]: railways:track_tfc_chestnut_narrow
[24May2026 22:28:25.259] [Worker-Main-2/ERROR] [net.minecraft.world.level.storage.loot.LootDataType/]: Couldn't parse element ResourceKey[minecraft:root / minecraft:loot_table]:railways:blocks/track_byg_skyris_narrow - Unknown registry key in ResourceKey[minecraft:root / minecraft:item]: railways:track_byg_skyris_narrow
[24May2026 22:28:25.260] [Worker-Main-2/ERROR] [net.minecraft.world.level.storage.loot.LootDataType/]: Couldn't parse element ResourceKey[minecraft:root / minecraft:loot_table]:railways:blocks/track_tfc_willow_wide - Unknown registry key in ResourceKey[minecraft:root / minecraft:item]: railways:track_tfc_willow_wide
[24May2026 22:28:25.262] [Worker-Main-2/ERROR] [net.minecraft.world.level.storage.loot.LootDataType/]: Couldn't parse element ResourceKey[minecraft:root / minecraft:loot_table]:railways:blocks/track_create_dd_rose - Unknown registry key in ResourceKey[minecraft:root / minecraft:item]: railways:track_create_dd_rose
[24May2026 22:28:25.263] [Worker-Main-2/ERROR] [net.minecraft.world.level.storage.loot.LootDataType/]: Couldn't parse element ResourceKey[minecraft:root / minecraft:loot_table]:railways:blocks/track_tfc_acacia_narrow - Unknown registry key in ResourceKey[minecraft:root / minecraft:item]: railways:track_tfc_acacia_narrow
[24May2026 22:28:25.263] [Worker-Main-2/ERROR] [net.minecraft.world.level.storage.loot.LootDataType/]: Couldn't parse element ResourceKey[minecraft:root / minecraft:loot_table]:railways:blocks/track_byg_aspen_wide - Unknown registry key in ResourceKey[minecraft:root / minecraft:item]: railways:track_byg_aspen_wide
[24May2026 22:28:25.265] [Worker-Main-2/ERROR] [net.minecraft.world.level.storage.loot.LootDataType/]: Couldn't parse element ResourceKey[minecraft:root / minecraft:loot_table]:railways:blocks/track_byg_willow - Unknown registry key in ResourceKey[minecraft:root / minecraft:item]: railways:track_byg_willow
[24May2026 22:28:25.265] [Worker-Main-2/ERROR] [net.minecraft.world.level.storage.loot.LootDataType/]: Couldn't parse element ResourceKey[minecraft:root / minecraft:loot_table]:railways:blocks/track_byg_bulbis_wide - Unknown registry key in ResourceKey[minecraft:root / minecraft:item]: railways:track_byg_bulbis_wide
[24May2026 22:28:25.269] [Worker-Main-2/ERROR] [net.minecraft.world.level.storage.loot.LootDataType/]: Couldn't parse element ResourceKey[minecraft:root / minecraft:loot_table]:railways:blocks/track_natures_spirit_wisteria_wide - Unknown registry key in ResourceKey[minecraft:root / minecraft:item]: railways:track_natures_spirit_wisteria_wide
[24May2026 22:28:25.270] [Worker-Main-2/ERROR] [net.minecraft.world.level.storage.loot.LootDataType/]: Couldn't parse element ResourceKey[minecraft:root / minecraft:loot_table]:railways:blocks/track_byg_imparius - Unknown registry key in ResourceKey[minecraft:root / minecraft:item]: railways:track_byg_imparius
[24May2026 22:28:25.272] [Worker-Main-2/ERROR] [net.minecraft.world.level.storage.loot.LootDataType/]: Couldn't parse element ResourceKey[minecraft:root / minecraft:loot_table]:railways:blocks/track_byg_aspen - Unknown registry key in ResourceKey[minecraft:root / minecraft:item]: railways:track_byg_aspen
[24May2026 22:28:25.274] [Worker-Main-2/ERROR] [net.minecraft.world.level.storage.loot.LootDataType/]: Couldn't parse element ResourceKey[minecraft:root / minecraft:loot_table]:railways:blocks/track_tfc_rosewood_wide - Unknown registry key in ResourceKey[minecraft:root / minecraft:item]: railways:track_tfc_rosewood_wide
[24May2026 22:28:25.276] [Worker-Main-2/ERROR] [net.minecraft.world.level.storage.loot.LootDataType/]: Couldn't parse element ResourceKey[minecraft:root / minecraft:loot_table]:railways:blocks/track_natures_spirit_cypress - Unknown registry key in ResourceKey[minecraft:root / minecraft:item]: railways:track_natures_spirit_cypress
[24May2026 22:28:25.279] [Worker-Main-2/ERROR] [net.minecraft.world.level.storage.loot.LootDataType/]: Couldn't parse element ResourceKey[minecraft:root / minecraft:loot_table]:railways:blocks/track_create_dd_rose_narrow - Unknown registry key in ResourceKey[minecraft:root / minecraft:item]: railways:track_create_dd_rose_narrow
[24May2026 22:28:25.285] [Worker-Main-2/ERROR] [net.minecraft.world.level.storage.loot.LootDataType/]: Couldn't parse element ResourceKey[minecraft:root / minecraft:loot_table]:railways:blocks/track_blue_skies_dusk - Unknown registry key in ResourceKey[minecraft:root / minecraft:item]: railways:track_blue_skies_dusk
[24May2026 22:28:25.287] [Worker-Main-2/ERROR] [net.minecraft.world.level.storage.loot.LootDataType/]: Couldn't parse element ResourceKey[minecraft:root / minecraft:loot_table]:railways:blocks/track_tfc_kapok - Unknown registry key in ResourceKey[minecraft:root / minecraft:item]: railways:track_tfc_kapok
[24May2026 22:28:25.290] [Worker-Main-2/ERROR] [net.minecraft.world.level.storage.loot.LootDataType/]: Couldn't parse element ResourceKey[minecraft:root / minecraft:loot_table]:railways:blocks/track_blue_skies_frostbright_narrow - Unknown registry key in ResourceKey[minecraft:root / minecraft:item]: railways:track_blue_skies_frostbright_narrow
[24May2026 22:28:25.291] [Worker-Main-2/ERROR] [net.minecraft.world.level.storage.loot.LootDataType/]: Couldn't parse element ResourceKey[minecraft:root / minecraft:loot_table]:railways:blocks/track_tfc_blackwood - Unknown registry key in ResourceKey[minecraft:root / minecraft:item]: railways:track_tfc_blackwood
[24May2026 22:28:25.293] [Worker-Main-2/ERROR] [net.minecraft.world.level.storage.loot.LootDataType/]: Couldn't parse element ResourceKey[minecraft:root / minecraft:loot_table]:railways:blocks/track_tfc_ash_wide - Unknown registry key in ResourceKey[minecraft:root / minecraft:item]: railways:track_tfc_ash_wide
[24May2026 22:28:25.293] [Worker-Main-2/ERROR] [net.minecraft.world.level.storage.loot.LootDataType/]: Couldn't parse element ResourceKey[minecraft:root / minecraft:loot_table]:railways:blocks/track_blue_skies_bluebright_narrow - Unknown registry key in ResourceKey[minecraft:root / minecraft:item]: railways:track_blue_skies_bluebright_narrow
[24May2026 22:28:25.295] [Worker-Main-2/ERROR] [net.minecraft.world.level.storage.loot.LootDataType/]: Couldn't parse element ResourceKey[minecraft:root / minecraft:loot_table]:railways:blocks/track_byg_embur_narrow - Unknown registry key in ResourceKey[minecraft:root / minecraft:item]: railways:track_byg_embur_narrow
[24May2026 22:28:25.303] [Worker-Main-2/ERROR] [net.minecraft.world.level.storage.loot.LootDataType/]: Couldn't parse element ResourceKey[minecraft:root / minecraft:loot_table]:railways:blocks/track_tfc_rosewood_narrow - Unknown registry key in ResourceKey[minecraft:root / minecraft:item]: railways:track_tfc_rosewood_narrow
[24May2026 22:28:25.305] [Worker-Main-2/ERROR] [net.minecraft.world.level.storage.loot.LootDataType/]: Couldn't parse element ResourceKey[minecraft:root / minecraft:loot_table]:railways:blocks/track_byg_jacaranda - Unknown registry key in ResourceKey[minecraft:root / minecraft:item]: railways:track_byg_jacaranda
[24May2026 22:28:25.311] [Worker-Main-2/ERROR] [net.minecraft.world.level.storage.loot.LootDataType/]: Couldn't parse element ResourceKey[minecraft:root / minecraft:loot_table]:railways:blocks/track_blue_skies_starlit_narrow - Unknown registry key in ResourceKey[minecraft:root / minecraft:item]: railways:track_blue_skies_starlit_narrow
[24May2026 22:28:25.313] [Worker-Main-2/ERROR] [net.minecraft.world.level.storage.loot.LootDataType/]: Couldn't parse element ResourceKey[minecraft:root / minecraft:loot_table]:railways:blocks/track_tfc_aspen - Unknown registry key in ResourceKey[minecraft:root / minecraft:item]: railways:track_tfc_aspen
[24May2026 22:28:25.314] [Worker-Main-2/ERROR] [net.minecraft.world.level.storage.loot.LootDataType/]: Couldn't parse element ResourceKey[minecraft:root / minecraft:loot_table]:railways:blocks/track_tfc_pine - Unknown registry key in ResourceKey[minecraft:root / minecraft:item]: railways:track_tfc_pine
[24May2026 22:28:25.315] [Worker-Main-2/ERROR] [net.minecraft.world.level.storage.loot.LootDataType/]: Couldn't parse element ResourceKey[minecraft:root / minecraft:loot_table]:railways:blocks/track_byg_zelkova_wide - Unknown registry key in ResourceKey[minecraft:root / minecraft:item]: railways:track_byg_zelkova_wide
[24May2026 22:28:25.320] [Worker-Main-2/ERROR] [net.minecraft.world.level.storage.loot.LootDataType/]: Couldn't parse element ResourceKey[minecraft:root / minecraft:loot_table]:railways:blocks/track_tfc_willow - Unknown registry key in ResourceKey[minecraft:root / minecraft:item]: railways:track_tfc_willow
[24May2026 22:28:25.321] [Worker-Main-2/ERROR] [net.minecraft.world.level.storage.loot.LootDataType/]: Couldn't parse element ResourceKey[minecraft:root / minecraft:loot_table]:railways:blocks/track_hexcasting_edified_wide - Unknown registry key in ResourceKey[minecraft:root / minecraft:item]: railways:track_hexcasting_edified_wide
[24May2026 22:28:25.321] [Worker-Main-2/ERROR] [net.minecraft.world.level.storage.loot.LootDataType/]: Couldn't parse element ResourceKey[minecraft:root / minecraft:loot_table]:railways:blocks/track_byg_baobab - Unknown registry key in ResourceKey[minecraft:root / minecraft:item]: railways:track_byg_baobab
[24May2026 22:28:25.322] [Worker-Main-2/ERROR] [net.minecraft.world.level.storage.loot.LootDataType/]: Couldn't parse element ResourceKey[minecraft:root / minecraft:loot_table]:railways:blocks/track_natures_spirit_fir_narrow - Unknown registry key in ResourceKey[minecraft:root / minecraft:item]: railways:track_natures_spirit_fir_narrow
[24May2026 22:28:25.323] [Worker-Main-2/ERROR] [net.minecraft.world.level.storage.loot.LootDataType/]: Couldn't parse element ResourceKey[minecraft:root / minecraft:loot_table]:railways:blocks/track_natures_spirit_sugi_narrow - Unknown registry key in ResourceKey[minecraft:root / minecraft:item]: railways:track_natures_spirit_sugi_narrow
[24May2026 22:28:25.324] [Worker-Main-2/ERROR] [net.minecraft.world.level.storage.loot.LootDataType/]: Couldn't parse element ResourceKey[minecraft:root / minecraft:loot_table]:railways:blocks/track_byg_maple - Unknown registry key in ResourceKey[minecraft:root / minecraft:item]: railways:track_byg_maple
[24May2026 22:28:25.325] [Worker-Main-2/ERROR] [net.minecraft.world.level.storage.loot.LootDataType/]: Couldn't parse element ResourceKey[minecraft:root / minecraft:loot_table]:railways:blocks/track_byg_lament_wide - Unknown registry key in ResourceKey[minecraft:root / minecraft:item]: railways:track_byg_lament_wide
[24May2026 22:28:25.328] [Worker-Main-2/ERROR] [net.minecraft.world.level.storage.loot.LootDataType/]: Couldn't parse element ResourceKey[minecraft:root / minecraft:loot_table]:railways:blocks/track_byg_blue_enchanted - Unknown registry key in ResourceKey[minecraft:root / minecraft:item]: railways:track_byg_blue_enchanted
[24May2026 22:28:25.328] [Worker-Main-2/ERROR] [net.minecraft.world.level.storage.loot.LootDataType/]: Couldn't parse element ResourceKey[minecraft:root / minecraft:loot_table]:railways:blocks/track_natures_spirit_maple_wide - Unknown registry key in ResourceKey[minecraft:root / minecraft:item]: railways:track_natures_spirit_maple_wide
[24May2026 22:28:25.335] [Worker-Main-2/ERROR] [net.minecraft.world.level.storage.loot.LootDataType/]: Couldn't parse element ResourceKey[minecraft:root / minecraft:loot_table]:railways:blocks/track_natures_spirit_olive_wide - Unknown registry key in ResourceKey[minecraft:root / minecraft:item]: railways:track_natures_spirit_olive_wide
[24May2026 22:28:25.336] [Worker-Main-2/ERROR] [net.minecraft.world.level.storage.loot.LootDataType/]: Couldn't parse element ResourceKey[minecraft:root / minecraft:loot_table]:railways:blocks/track_natures_spirit_sugi_wide - Unknown registry key in ResourceKey[minecraft:root / minecraft:item]: railways:track_natures_spirit_sugi_wide
[24May2026 22:28:25.337] [Worker-Main-2/ERROR] [net.minecraft.world.level.storage.loot.LootDataType/]: Couldn't parse element ResourceKey[minecraft:root / minecraft:loot_table]:railways:blocks/track_byg_aspen_narrow - Unknown registry key in ResourceKey[minecraft:root / minecraft:item]: railways:track_byg_aspen_narrow
[24May2026 22:28:25.337] [Worker-Main-2/ERROR] [net.minecraft.world.level.storage.loot.LootDataType/]: Couldn't parse element ResourceKey[minecraft:root / minecraft:loot_table]:railways:blocks/track_tfc_sequoia_narrow - Unknown registry key in ResourceKey[minecraft:root / minecraft:item]: railways:track_tfc_sequoia_narrow
[24May2026 22:28:25.338] [Worker-Main-2/ERROR] [net.minecraft.world.level.storage.loot.LootDataType/]: Couldn't parse element ResourceKey[minecraft:root / minecraft:loot_table]:railways:blocks/track_tfc_douglas_fir_narrow - Unknown registry key in ResourceKey[minecraft:root / minecraft:item]: railways:track_tfc_douglas_fir_narrow
[24May2026 22:28:25.347] [Worker-Main-2/ERROR] [net.minecraft.world.level.storage.loot.LootDataType/]: Couldn't parse element ResourceKey[minecraft:root / minecraft:loot_table]:railways:blocks/track_natures_spirit_redwood_wide - Unknown registry key in ResourceKey[minecraft:root / minecraft:item]: railways:track_natures_spirit_redwood_wide
[24May2026 22:28:25.349] [Worker-Main-2/ERROR] [net.minecraft.world.level.storage.loot.LootDataType/]: Couldn't parse element ResourceKey[minecraft:root / minecraft:loot_table]:railways:blocks/track_tfc_sycamore_narrow - Unknown registry key in ResourceKey[minecraft:root / minecraft:item]: railways:track_tfc_sycamore_narrow
[24May2026 22:28:25.349] [Worker-Main-2/ERROR] [net.minecraft.world.level.storage.loot.LootDataType/]: Couldn't parse element ResourceKey[minecraft:root / minecraft:loot_table]:railways:blocks/track_tfc_aspen_narrow - Unknown registry key in ResourceKey[minecraft:root / minecraft:item]: railways:track_tfc_aspen_narrow
[24May2026 22:28:25.349] [Worker-Main-2/ERROR] [net.minecraft.world.level.storage.loot.LootDataType/]: Couldn't parse element ResourceKey[minecraft:root / minecraft:loot_table]:railways:blocks/track_create_dd_spirit_wide - Unknown registry key in ResourceKey[minecraft:root / minecraft:item]: railways:track_create_dd_spirit_wide
[24May2026 22:28:25.351] [Worker-Main-2/ERROR] [net.minecraft.world.level.storage.loot.LootDataType/]: Couldn't parse element ResourceKey[minecraft:root / minecraft:loot_table]:railways:blocks/track_byg_ether - Unknown registry key in ResourceKey[minecraft:root / minecraft:item]: railways:track_byg_ether
[24May2026 22:28:25.356] [Worker-Main-2/ERROR] [net.minecraft.world.level.storage.loot.LootDataType/]: Couldn't parse element ResourceKey[minecraft:root / minecraft:loot_table]:railways:blocks/track_byg_bulbis - Unknown registry key in ResourceKey[minecraft:root / minecraft:item]: railways:track_byg_bulbis
[24May2026 22:28:25.356] [Worker-Main-2/ERROR] [net.minecraft.world.level.storage.loot.LootDataType/]: Couldn't parse element ResourceKey[minecraft:root / minecraft:loot_table]:railways:blocks/track_byg_cypress_narrow - Unknown registry key in ResourceKey[minecraft:root / minecraft:item]: railways:track_byg_cypress_narrow
[24May2026 22:28:25.357] [Worker-Main-2/ERROR] [net.minecraft.world.level.storage.loot.LootDataType/]: Couldn't parse element ResourceKey[minecraft:root / minecraft:loot_table]:railways:blocks/track_blue_skies_maple_wide - Unknown registry key in ResourceKey[minecraft:root / minecraft:item]: railways:track_blue_skies_maple_wide
[24May2026 22:28:25.364] [Worker-Main-2/ERROR] [net.minecraft.world.level.storage.loot.LootDataType/]: Couldn't parse element ResourceKey[minecraft:root / minecraft:loot_table]:railways:blocks/track_create_dd_smoked_narrow - Unknown registry key in ResourceKey[minecraft:root / minecraft:item]: railways:track_create_dd_smoked_narrow
[24May2026 22:28:25.433] [Worker-Main-2/WARN] [net.minecraft.server.ReloadableServerRegistries/]: Found loot table element validation problem in {minecraft:loot_table:minecraft:chests/pillager_outpost}.pools[6].entries[0]: Unknown loot table called supplementaries:inject/pillager_quiver
[24May2026 22:28:25.434] [Worker-Main-2/WARN] [net.minecraft.server.ReloadableServerRegistries/]: Found loot table element validation problem in {minecraft:loot_table:dungeons_arise:chests/illager_campsite/illager_campsite_tent}.pools[5].entries[0]->{minecraft:chests/pillager_outpost}.pools[6].entries[0]: Unknown loot table called supplementaries:inject/pillager_quiver
[24May2026 22:28:25.434] [Worker-Main-2/WARN] [net.minecraft.server.ReloadableServerRegistries/]: Found loot table element validation problem in {minecraft:loot_table:supplementaries:loot/galleon/safe}.pools[0].entries[3]: Unreachable entry!
[24May2026 22:28:25.434] [Worker-Main-2/WARN] [net.minecraft.server.ReloadableServerRegistries/]: Found loot table element validation problem in {minecraft:loot_table:dungeons_arise:chests/illager_campsite/illager_campsite_map}.pools[7].entries[0]->{minecraft:chests/pillager_outpost}.pools[6].entries[0]: Unknown loot table called supplementaries:inject/pillager_quiver
[24May2026 22:28:25.434] [Worker-Main-2/WARN] [net.minecraft.server.ReloadableServerRegistries/]: Found loot table element validation problem in {minecraft:loot_table:supplementaries:loot/galleon/safe}.pools[2].entries[1]: Unreachable entry!
[24May2026 22:28:25.561] [Worker-Main-2/INFO] [net.neoforged.coremod.CoreMod.apothic_enchanting/COREMODLOG]: Replaced 2 calls to Enchantment#getMaxLevel() in net/minecraft/server/commands/EnchantCommand
[24May2026 22:28:25.790] [Worker-Main-2/INFO] [bountiful/]: Adding serverside commands..
[24May2026 22:28:26.022] [Worker-Main-1/ERROR] [net.minecraft.tags.TagLoader/]: Couldn't load tag minecraft:overworld as it is missing following references: 
	lotmcraft:evernight_church (from mod/lotmcraft)
[24May2026 22:28:26.055] [main/INFO] [bountiful/]: Merging _all_objs with _all_objs
[24May2026 22:28:26.083] [Worker-Main-3/ERROR] [net.minecraft.tags.TagLoader/]: Couldn't load tag aether_villages:collections/deep_aether_biomes as it is missing following references: 
	deep_aether:aerlavender_fields (from mod/aether_villages)
	deep_aether:aerglow_forest (from mod/aether_villages)
	deep_aether:yagroot_swamp (from mod/aether_villages)
[24May2026 22:28:26.083] [Worker-Main-3/ERROR] [net.minecraft.tags.TagLoader/]: Couldn't load tag aether_villages:collections/ancient_aether_biomes as it is missing following references: 
	#ancient_aether:is_ancient_aether_biome (from mod/aether_villages)
[24May2026 22:28:26.083] [Worker-Main-3/ERROR] [net.minecraft.tags.TagLoader/]: Couldn't load tag aether_villages:collections/aether_redux_biomes as it is missing following references: 
	aether_redux:skyfields (from mod/aether_villages)
	aether_redux:gilded_groves (from mod/aether_villages)
	aether_redux:cloudcaps (from mod/aether_villages)
	aether_redux:frosted_forests (from mod/aether_villages)
	aether_redux:glacial_tundra (from mod/aether_villages)
[24May2026 22:28:26.125] [main/INFO] [bountiful/]: Merging _all_rews with _all_rews
[24May2026 22:28:26.147] [Worker-Main-1/ERROR] [net.minecraft.tags.TagLoader/]: Couldn't load tag minecraft:needs_stone_tool as it is missing following references: 
	ycurrenci:blocodemarmore (from mod/ycurrenci)
[24May2026 22:28:26.147] [Worker-Main-1/ERROR] [net.minecraft.tags.TagLoader/]: Couldn't load tag minecraft:incorrect_for_wooden_tool as it is missing following references: 
	#minecraft:needs_stone_tool (from vanilla)
[24May2026 22:28:26.147] [Worker-Main-1/ERROR] [net.minecraft.tags.TagLoader/]: Couldn't load tag twilightforest:incorrect_for_ice_tool as it is missing following references: 
	#minecraft:incorrect_for_wooden_tool (from mod/twilightforest)
[24May2026 22:28:26.155] [main/INFO] [bountiful/]: Merging _metal_objs with _metal_objs
[24May2026 22:28:26.167] [Worker-Main-1/ERROR] [net.minecraft.tags.TagLoader/]: Couldn't load tag twilightforest:incorrect_for_glass_tool as it is missing following references: 
	#minecraft:incorrect_for_wooden_tool (from mod/twilightforest)
[24May2026 22:28:26.177] [Worker-Main-1/ERROR] [net.minecraft.tags.TagLoader/]: Couldn't load tag minecraft:incorrect_for_gold_tool as it is missing following references: 
	#minecraft:needs_stone_tool (from vanilla)
[24May2026 22:28:26.203] [main/INFO] [bountiful/]: Merging cleric_objs with cleric_objs
[24May2026 22:28:26.218] [main/INFO] [bountiful/]: Merging cleric_rews with cleric_rews
[24May2026 22:28:26.240] [main/INFO] [bountiful/]: Merging farmer_objs with farmer_objs
[24May2026 22:28:26.247] [main/INFO] [bountiful/]: Merging farmer_objs with farmer_objs
[24May2026 22:28:26.264] [main/INFO] [bountiful/]: Merging farmer_rews with farmer_rews
[24May2026 22:28:26.266] [main/INFO] [bountiful/]: Merging farmer_rews with farmer_rews
[24May2026 22:28:26.289] [main/INFO] [bountiful/]: Merging fletcher_rews with fletcher_rews
[24May2026 22:28:26.294] [main/INFO] [bountiful/]: Merging inventor_objs with inventor_objs
[24May2026 22:28:26.299] [main/INFO] [bountiful/]: Merging inventor_rews with inventor_rews
[24May2026 22:28:26.324] [main/INFO] [bountiful/]: Merging librarian_rews with librarian_rews
[24May2026 22:28:26.360] [main/INFO] [bountiful/]: Merging toolsmith_objs with toolsmith_objs
[24May2026 22:28:26.370] [Worker-Main-3/ERROR] [net.minecraft.Util/]: Invalid path in pack: creatorsword:recipe/sequenced_assembly/netherite_creator_sword.DISABLED, ignoring
[24May2026 22:28:26.381] [main/INFO] [bountiful/]: Merging toolsmith_rews with toolsmith_rews
[24May2026 22:28:26.387] [main/INFO] [bountiful/]: Merging toolsmith_rews with toolsmith_rews
[24May2026 22:28:26.398] [main/INFO] [bountiful/]: Merging chef_rews with chef_rews
[24May2026 22:28:26.403] [main/INFO] [bountiful/]: Merging chef_objs with chef_objs
[24May2026 22:28:26.405] [main/INFO] [bountiful/]: Trying to load unloaded files from: config/bountiful/bounty_pools
[24May2026 22:28:26.432] [main/INFO] [bountiful/]: Trying to load unloaded files from: config/bountiful/bounty_decrees
[24May2026 22:28:26.453] [main/WARN] [bountiful/]: Pool 'chef_rews' has been loaded, but is not attached to any existing data! This is probably a configuration error.
* If you intended to add this data to an existing Pool, please use an existing Pool name instead of 'chef_rews'.
* Did you mean to use the pool name 'fletcher_rews' instead of 'chef_rews'?
* Otherwise, please add 'chef_rews' to a Decree.
* NOTE: This data will not show up in game until one of the above fixes is made.
[24May2026 22:28:26.454] [main/WARN] [bountiful/]: Pool 'carpenter_objs' has been loaded, but is not attached to any existing data! This is probably a configuration error.
* If you intended to add this data to an existing Pool, please use an existing Pool name instead of 'carpenter_objs'.
* Did you mean to use the pool name 'butcher_objs' instead of 'carpenter_objs'?
* Otherwise, please add 'carpenter_objs' to a Decree.
* NOTE: This data will not show up in game until one of the above fixes is made.
[24May2026 22:28:26.456] [main/WARN] [bountiful/]: Pool 'carpenter_rews' has been loaded, but is not attached to any existing data! This is probably a configuration error.
* If you intended to add this data to an existing Pool, please use an existing Pool name instead of 'carpenter_rews'.
* Otherwise, please add 'carpenter_rews' to a Decree.
* NOTE: This data will not show up in game until one of the above fixes is made.
[24May2026 22:28:26.458] [main/WARN] [bountiful/]: Pool 'chef_objs' has been loaded, but is not attached to any existing data! This is probably a configuration error.
* If you intended to add this data to an existing Pool, please use an existing Pool name instead of 'chef_objs'.
* Did you mean to use the pool name 'fletcher_objs' instead of 'chef_objs'?
* Otherwise, please add 'chef_objs' to a Decree.
* NOTE: This data will not show up in game until one of the above fixes is made.
[24May2026 22:28:26.936] [Worker-Main-3/ERROR] [net.minecraft.Util/]: Invalid path in pack: creatorsword:recipe/sequenced_assembly/netherite_creator_sword.DISABLED, ignoring
[24May2026 22:28:32.971] [main/ERROR] [net.minecraft.world.item.crafting.RecipeManager/]: Parsing error loading recipe ycurrenci:cortarquartzo: com.google.gson.JsonParseException: Failed to parse either. First: No key amount in MapLike[{"count":8,"item":"ycurrenci:quatzocortado"}]; No key id in MapLike[{"count":8,"item":"ycurrenci:quatzocortado"}]; Second: Failed to parse either. First: No key id in MapLike[{"count":8,"item":"ycurrenci:quatzocortado"}]; Second: Failed to parse either. First: Not a JSON object: "ycurrenci:quatzocortado"; Second: Compat cannot be deserialized
[24May2026 22:28:33.152] [main/ERROR] [net.minecraft.world.item.crafting.RecipeManager/]: Parsing error loading recipe ycurrenci:craftguiche: com.google.gson.JsonParseException: Failed to parse either. First: No key id in MapLike[{"item":"ycurrenci:guichecambio"}]; Second: Failed to parse either. First: Not a JSON object: "ycurrenci:guichecambio"; Second: Compat cannot be deserialized; Failed to parse either. First: No key amount in MapLike[{"item":"ycurrenci:marmorecortado"}]; No key id in MapLike[{"item":"ycurrenci:marmorecortado"}]; Second: Failed to parse either. First: No key id in MapLike[{"item":"ycurrenci:marmorecortado"}]; Second: Failed to parse either. First: Not a JSON object: "ycurrenci:marmorecortado"; Second: Compat cannot be deserialized; Failed to parse either. First: No key amount in MapLike[{"item":"ycurrenci:marmorecortado"}]; No key id in MapLike[{"item":"ycurrenci:marmorecortado"}]; Second: Failed to parse either. First: No key id in MapLike[{"item":"ycurrenci:marmorecortado"}]; Second: Failed to parse either. First: Not a JSON object: "ycurrenci:marmorecortado"; Second: Compat cannot be deserialized; Failed to parse either. First: No key amount in MapLike[{"item":"ycurrenci:marmorecortado"}]; No key id in MapLike[{"item":"ycurrenci:marmorecortado"}]; Second: Failed to parse either. First: No key id in MapLike[{"item":"ycurrenci:marmorecortado"}]; Second: Failed to parse either. First: Not a JSON object: "ycurrenci:marmorecortado"; Second: Compat cannot be deserialized; No key transitional_item in MapLike[{"type":"create:sequenced_assembly","ingredient":{"item":"ycurrenci:marmorecortado"},"loops":1,"results":[{"item":"ycurrenci:guichecambio"}],"sequence":[{"type":"create:deploying","ingredients":[{"item":"ycurrenci:marmorecortado"},[{"item":"ycurrenci:quatzocortado"}]],"results":[{"item":"ycurrenci:marmorecortado"}]},{"type":"create:deploying","ingredients":[{"item":"ycurrenci:marmorecortado"},[{"item":"ycurrenci:quatzocortado"}]],"results":[{"item":"ycurrenci:marmorecortado"}]},{"type":"create:deploying","ingredients":[{"item":"ycurrenci:marmorecortado"},[{"item":"ycurrenci:quatzocortado"}]],"results":[{"item":"ycurrenci:marmorecortado"}]}],"transitionalItem":{"item":"ycurrenci:marmorecortado"}}]
[24May2026 22:28:33.237] [main/ERROR] [net.minecraft.world.item.crafting.RecipeManager/]: Parsing error loading recipe ycurrenci:polindomarmore: com.google.gson.JsonParseException: Failed to parse either. First: No key amount in MapLike[{"item":"ycurrenci:marmorepolido"}]; No key id in MapLike[{"item":"ycurrenci:marmorepolido"}]; Second: Failed to parse either. First: No key id in MapLike[{"item":"ycurrenci:marmorepolido"}]; Second: Failed to parse either. First: Not a JSON object: "ycurrenci:marmorepolido"; Second: Compat cannot be deserialized; Failed to parse either. First: Failed to parse either. First: No key type in MapLike[{"amount":250,"fluid":"ycurrenci:resinaquimica","nbt":{}}]; Second: Failed to parse either. First: No key type in MapLike[{"amount":250,"fluid":"ycurrenci:resinaquimica","nbt":{}}]; Second: No key fluid_tag in MapLike[{"amount":250,"fluid":"ycurrenci:resinaquimica","nbt":{}}]; No key type in MapLike[{"amount":250,"fluid":"ycurrenci:resinaquimica","nbt":{}}]; Second: Failed to parse either. First: Not a json array: {"amount":250,"fluid":"ycurrenci:resinaquimica","nbt":{}}; Second: No key tag in MapLike[{"amount":250,"fluid":"ycurrenci:resinaquimica","nbt":{}}]; No key item in MapLike[{"amount":250,"fluid":"ycurrenci:resinaquimica","nbt":{}}]
[24May2026 22:28:33.337] [main/ERROR] [net.minecraft.world.item.crafting.RecipeManager/]: Parsing error loading recipe ycurrenci:cortarmarmore: com.google.gson.JsonParseException: Failed to parse either. First: No key amount in MapLike[{"count":8,"item":"ycurrenci:marmorecortado"}]; No key id in MapLike[{"count":8,"item":"ycurrenci:marmorecortado"}]; Second: Failed to parse either. First: No key id in MapLike[{"count":8,"item":"ycurrenci:marmorecortado"}]; Second: Failed to parse either. First: Not a JSON object: "ycurrenci:marmorecortado"; Second: Compat cannot be deserialized
[24May2026 22:28:33.363] [main/INFO] [net.minecraft.world.item.crafting.RecipeManager/]: Loaded 11725 recipes
[24May2026 22:28:33.831] [main/INFO] [quark/]: [Automatic Recipe Unlock] Removed 6701 recipe advancements
[24May2026 22:28:33.854] [main/ERROR] [net.minecraft.advancements.AdvancementTree/]: Couldn't load advancements: [dungeons_arise:find_thornborn_towers, dungeons_arise:find_fishing_hut]
[24May2026 22:28:33.854] [main/INFO] [net.minecraft.advancements.AdvancementTree/]: Loaded 8047 advancements
[24May2026 22:28:33.866] [main/WARN] [net.neoforged.neoforge.common.loot.LootModifierManager/]: Could not decode GlobalLootModifier with json id lotmcraft:double_chest_loot - error: Failed to parse either. First: Not a string: {"type":"minecraft:any_of","terms":[{"type":"minecraft:pattern","pattern":"minecraft:chests/.*"}]}; Second: Not a json array: {"condition":"neoforge:loot_table_id","loot_table_id":{"type":"minecraft:any_of","terms":[{"type":"minecraft:pattern","pattern":"minecraft:chests/.*"}]}}
[24May2026 22:28:33.907] [main/INFO] [Supplementaries/]: Loaded 29 flute songs
[24May2026 22:28:33.930] [main/INFO] [Curios API/]: Loaded 16 curio slots
[24May2026 22:28:33.934] [main/INFO] [Curios API/]: Loaded 1 curio entities
[24May2026 22:28:34.046] [main/INFO] [net.neoforged.coremod.CoreMod.apothic_enchanting/COREMODLOG]: Replaced 1 calls to Enchantment#getMaxLevel() in net/minecraft/world/entity/npc/VillagerTrades$EnchantBookForEmeralds
[24May2026 22:28:34.066] [main/INFO] [Moonlight/]: Applied 17 data villager trades
[24May2026 22:28:34.071] [main/INFO] [Moonlight/]: Failed to load custom color set definition {"id":"quark:rune","colors":{"default":"quark:blank_rune"},"replace":false}. Ignoring
[24May2026 22:28:34.120] [main/INFO] [quark-zeta/]: Modified advancement minecraft:husbandry/balanced_diet with 2 patches
[24May2026 22:28:34.122] [main/INFO] [quark-zeta/]: Modified advancement minecraft:husbandry/wax_on with 2 patches
[24May2026 22:28:34.123] [main/INFO] [quark-zeta/]: Modified advancement minecraft:nether/all_effects with 1 patches
[24May2026 22:28:34.123] [main/INFO] [quark-zeta/]: Modified advancement minecraft:adventure/kill_a_mob with 3 patches
[24May2026 22:28:34.124] [main/INFO] [quark-zeta/]: Modified advancement minecraft:husbandry/wax_off with 2 patches
[24May2026 22:28:34.124] [main/INFO] [quark-zeta/]: Modified advancement minecraft:husbandry/bred_all_animals with 3 patches
[24May2026 22:28:34.124] [main/INFO] [quark-zeta/]: Modified advancement minecraft:adventure/kill_all_mobs with 3 patches
[24May2026 22:28:34.124] [main/INFO] [quark-zeta/]: Modified advancement minecraft:adventure/adventuring_time with 1 patches
[24May2026 22:28:34.125] [main/INFO] [quark-zeta/]: Modified advancement minecraft:nether/all_potions with 1 patches
[24May2026 22:28:34.145] [main/INFO] [placebo/]: Registered 43 gear_sets.
[24May2026 22:28:34.155] [main/INFO] [placebo/]: Registered 36 wanderer_trades.
[24May2026 22:28:34.159] [main/INFO] [placebo/]: Registered 37 brewing_mixes.
[24May2026 22:28:34.171] [main/INFO] [Apotheosis : Enchantment/]: Registered 27 enchanting_stats.
[24May2026 22:28:34.172] [main/INFO] [apotheosis/]: Registered 5 rarities.
[24May2026 22:28:34.180] [main/INFO] [apotheosis/]: Registered 1 rarity_override.
[24May2026 22:28:34.201] [main/INFO] [apotheosis/]: Registered 93 affixes.
[24May2026 22:28:34.202] [main/INFO] [apotheosis/]: Registered 0 extra_gem_bonuses.
[24May2026 22:28:34.210] [main/INFO] [apotheosis/]: Registered 23 gems.
[24May2026 22:28:34.218] [main/INFO] [apotheosis/]: Registered 95 affix_loot_entries.
[24May2026 22:28:34.231] [main/INFO] [apotheosis/]: Registered 31 apothic_invaders.
[24May2026 22:28:34.238] [main/INFO] [apotheosis/]: Registered 9 rogue_spawners.
[24May2026 22:28:34.240] [main/INFO] [apotheosis/]: Registered 4 apothic_elites.
[24May2026 22:28:34.240] [main/INFO] [apotheosis/]: Registered 1 purity_weights.
[24May2026 22:28:34.241] [main/INFO] [apotheosis/]: Registered 1 apothic_augments.
[24May2026 22:28:34.242] [main/INFO] [apotheosis/]: Registered 19 tier_augments.
[24May2026 22:28:34.279] [main/WARN] [net.minecraft.core.MappedRegistry/]: Not all defined tags for registry ResourceKey[minecraft:root / minecraft:block] are present in data pack: cataclysm:needs_black_steel_tool, cataclysm:needs_monstrosity_tool, minecraft:incorrect_for_gold_tool, minecraft:incorrect_for_wooden_tool
[24May2026 22:28:34.303] [main/WARN] [net.minecraft.core.MappedRegistry/]: Not all defined tags for registry ResourceKey[minecraft:root / minecraft:item] are present in data pack: runes:runes
[24May2026 22:28:34.620] [main/INFO] [Supplementaries/]: Registering custom dispenser behaviors
[24May2026 22:28:34.714] [main/INFO] [net.neoforged.coremod.CoreMod.apothic_enchanting/COREMODLOG]: Replaced 1 calls to Enchantment#getMaxLevel() in net/minecraft/world/item/enchantment/EnchantmentHelper
[24May2026 22:28:34.779] [main/WARN] [ModernFix/]: Initial datapack load took 12.27 s
[24May2026 22:28:34.971] [Server thread/INFO] [net.minecraft.server.dedicated.DedicatedServer/]: Starting minecraft server version 1.21.1
[24May2026 22:28:34.972] [Server thread/INFO] [net.minecraft.server.dedicated.DedicatedServer/]: Loading properties
[24May2026 22:28:34.972] [Server thread/INFO] [net.minecraft.server.dedicated.DedicatedServer/]: Default game type: SURVIVAL
[24May2026 22:28:34.972] [Server thread/INFO] [net.minecraft.server.MinecraftServer/]: Generating keypair
[24May2026 22:28:35.252] [Server thread/INFO] [net.minecraft.server.dedicated.DedicatedServer/]: Starting Minecraft server on *:25565
[24May2026 22:28:35.333] [Server thread/INFO] [dev.ryanhcode.sable.Sable/]: Adding UDP server channel future
[24May2026 22:28:35.383] [Netty Epoll Server IO #0/INFO] [dev.ryanhcode.sable.Sable/]: Server UDP channel active
[24May2026 22:28:35.384] [Server thread/INFO] [net.minecraft.server.network.ServerConnectionListener/]: Using epoll channel type
[24May2026 22:28:35.391] [Server thread/WARN] [net.minecraft.server.dedicated.DedicatedServer/]: **** SERVER IS RUNNING IN OFFLINE/INSECURE MODE!
[24May2026 22:28:35.391] [Server thread/WARN] [net.minecraft.server.dedicated.DedicatedServer/]: The server will make no attempt to authenticate usernames. Beware.
[24May2026 22:28:35.391] [Server thread/WARN] [net.minecraft.server.dedicated.DedicatedServer/]: While this makes the game possible to play without internet access, it also opens up the ability for hackers to connect with any username they choose.
[24May2026 22:28:35.392] [Server thread/WARN] [net.minecraft.server.dedicated.DedicatedServer/]: To change this, set "online-mode" to "true" in the server.properties file.
[24May2026 22:28:35.417] [Server thread/INFO] [io.github.bravecake.basiclogin.BasicLogin/]: Loading BasicLogin configuration...
[24May2026 22:28:35.418] [Server thread/INFO] [io.github.bravecake.basiclogin.BasicLogin/]: BasicLogin configuration has been loaded.
 login timeout period is100000
[24May2026 22:28:35.467] [Server thread/WARN] [net.neoforged.neoforge.server.ServerLifecycleHooks/]: Detected quark:stoneling that was registered with CREATURE mob category but was added under MONSTER mob category for terralith:alpha_islands biome! Mobs should be added to biomes under the same mob category that the mob was registered as to prevent mob cap spawning issues.
[24May2026 22:28:35.468] [Server thread/WARN] [net.neoforged.neoforge.server.ServerLifecycleHooks/]: Detected quark:toretoise that was registered with CREATURE mob category but was added under MONSTER mob category for terralith:alpha_islands biome! Mobs should be added to biomes under the same mob category that the mob was registered as to prevent mob cap spawning issues.
[24May2026 22:28:35.469] [Server thread/WARN] [net.neoforged.neoforge.server.ServerLifecycleHooks/]: Detected minecraft:axolotl that was registered with AXOLOTLS mob category but was added under UNDERGROUND_WATER_CREATURE mob category for terralith:alpha_islands biome! Mobs should be added to biomes under the same mob category that the mob was registered as to prevent mob cap spawning issues.
[24May2026 22:28:35.470] [Server thread/WARN] [net.neoforged.neoforge.server.ServerLifecycleHooks/]: Detected quark:stoneling that was registered with CREATURE mob category but was added under MONSTER mob category for terralith:alpha_islands_winter biome! Mobs should be added to biomes under the same mob category that the mob was registered as to prevent mob cap spawning issues.
[24May2026 22:28:35.471] [Server thread/WARN] [net.neoforged.neoforge.server.ServerLifecycleHooks/]: Detected quark:toretoise that was registered with CREATURE mob category but was added under MONSTER mob category for terralith:alpha_islands_winter biome! Mobs should be added to biomes under the same mob category that the mob was registered as to prevent mob cap spawning issues.
[24May2026 22:28:35.473] [Server thread/WARN] [net.neoforged.neoforge.server.ServerLifecycleHooks/]: Detected quark:stoneling that was registered with CREATURE mob category but was added under MONSTER mob category for terralith:alpine_grove biome! Mobs should be added to biomes under the same mob category that the mob was registered as to prevent mob cap spawning issues.
[24May2026 22:28:35.473] [Server thread/WARN] [net.neoforged.neoforge.server.ServerLifecycleHooks/]: Detected quark:toretoise that was registered with CREATURE mob category but was added under MONSTER mob category for terralith:alpine_grove biome! Mobs should be added to biomes under the same mob category that the mob was registered as to prevent mob cap spawning issues.
[24May2026 22:28:35.477] [Server thread/WARN] [net.neoforged.neoforge.server.ServerLifecycleHooks/]: Detected quark:stoneling that was registered with CREATURE mob category but was added under MONSTER mob category for terralith:alpine_highlands biome! Mobs should be added to biomes under the same mob category that the mob was registered as to prevent mob cap spawning issues.
[24May2026 22:28:35.479] [Server thread/WARN] [net.neoforged.neoforge.server.ServerLifecycleHooks/]: Detected quark:toretoise that was registered with CREATURE mob category but was added under MONSTER mob category for terralith:alpine_highlands biome! Mobs should be added to biomes under the same mob category that the mob was registered as to prevent mob cap spawning issues.
[24May2026 22:28:35.482] [Server thread/WARN] [net.neoforged.neoforge.server.ServerLifecycleHooks/]: Detected quark:stoneling that was registered with CREATURE mob category but was added under MONSTER mob category for terralith:amethyst_canyon biome! Mobs should be added to biomes under the same mob category that the mob was registered as to prevent mob cap spawning issues.
[24May2026 22:28:35.483] [Server thread/WARN] [net.neoforged.neoforge.server.ServerLifecycleHooks/]: Detected quark:toretoise that was registered with CREATURE mob category but was added under MONSTER mob category for terralith:amethyst_canyon biome! Mobs should be added to biomes under the same mob category that the mob was registered as to prevent mob cap spawning issues.
[24May2026 22:28:35.487] [Server thread/WARN] [net.neoforged.neoforge.server.ServerLifecycleHooks/]: Detected quark:stoneling that was registered with CREATURE mob category but was added under MONSTER mob category for terralith:amethyst_rainforest biome! Mobs should be added to biomes under the same mob category that the mob was registered as to prevent mob cap spawning issues.
[24May2026 22:28:35.487] [Server thread/WARN] [net.neoforged.neoforge.server.ServerLifecycleHooks/]: Detected quark:toretoise that was registered with CREATURE mob category but was added under MONSTER mob category for terralith:amethyst_rainforest biome! Mobs should be added to biomes under the same mob category that the mob was registered as to prevent mob cap spawning issues.
[24May2026 22:28:35.490] [Server thread/WARN] [net.neoforged.neoforge.server.ServerLifecycleHooks/]: Detected quark:stoneling that was registered with CREATURE mob category but was added under MONSTER mob category for terralith:ancient_sands biome! Mobs should be added to biomes under the same mob category that the mob was registered as to prevent mob cap spawning issues.
[24May2026 22:28:35.490] [Server thread/WARN] [net.neoforged.neoforge.server.ServerLifecycleHooks/]: Detected quark:toretoise that was registered with CREATURE mob category but was added under MONSTER mob category for terralith:ancient_sands biome! Mobs should be added to biomes under the same mob category that the mob was registered as to prevent mob cap spawning issues.
[24May2026 22:28:35.493] [Server thread/WARN] [net.neoforged.neoforge.server.ServerLifecycleHooks/]: Detected quark:stoneling that was registered with CREATURE mob category but was added under MONSTER mob category for terralith:arid_highlands biome! Mobs should be added to biomes under the same mob category that the mob was registered as to prevent mob cap spawning issues.
[24May2026 22:28:35.493] [Server thread/WARN] [net.neoforged.neoforge.server.ServerLifecycleHooks/]: Detected quark:toretoise that was registered with CREATURE mob category but was added under MONSTER mob category for terralith:arid_highlands biome! Mobs should be added to biomes under the same mob category that the mob was registered as to prevent mob cap spawning issues.
[24May2026 22:28:35.495] [Server thread/WARN] [net.neoforged.neoforge.server.ServerLifecycleHooks/]: Detected quark:stoneling that was registered with CREATURE mob category but was added under MONSTER mob category for terralith:ashen_savanna biome! Mobs should be added to biomes under the same mob category that the mob was registered as to prevent mob cap spawning issues.
[24May2026 22:28:35.496] [Server thread/WARN] [net.neoforged.neoforge.server.ServerLifecycleHooks/]: Detected quark:toretoise that was registered with CREATURE mob category but was added under MONSTER mob category for terralith:ashen_savanna biome! Mobs should be added to biomes under the same mob category that the mob was registered as to prevent mob cap spawning issues.
[24May2026 22:28:35.498] [Server thread/WARN] [net.neoforged.neoforge.server.ServerLifecycleHooks/]: Detected quark:stoneling that was registered with CREATURE mob category but was added under MONSTER mob category for biomesoplenty:aspen_glade biome! Mobs should be added to biomes under the same mob category that the mob was registered as to prevent mob cap spawning issues.
[24May2026 22:28:35.499] [Server thread/WARN] [net.neoforged.neoforge.server.ServerLifecycleHooks/]: Detected quark:toretoise that was registered with CREATURE mob category but was added under MONSTER mob category for biomesoplenty:aspen_glade biome! Mobs should be added to biomes under the same mob category that the mob was registered as to prevent mob cap spawning issues.
[24May2026 22:28:35.501] [Server thread/WARN] [net.neoforged.neoforge.server.ServerLifecycleHooks/]: Detected quark:stoneling that was registered with CREATURE mob category but was added under MONSTER mob category for biomesoplenty:auroral_garden biome! Mobs should be added to biomes under the same mob category that the mob was registered as to prevent mob cap spawning issues.
[24May2026 22:28:35.501] [Server thread/WARN] [net.neoforged.neoforge.server.ServerLifecycleHooks/]: Detected quark:toretoise that was registered with CREATURE mob category but was added under MONSTER mob category for biomesoplenty:auroral_garden biome! Mobs should be added to biomes under the same mob category that the mob was registered as to prevent mob cap spawning issues.
[24May2026 22:28:35.504] [Server thread/WARN] [net.neoforged.neoforge.server.ServerLifecycleHooks/]: Detected quark:stoneling that was registered with CREATURE mob category but was added under MONSTER mob category for minecraft:badlands biome! Mobs should be added to biomes under the same mob category that the mob was registered as to prevent mob cap spawning issues.
[24May2026 22:28:35.504] [Server thread/WARN] [net.neoforged.neoforge.server.ServerLifecycleHooks/]: Detected quark:toretoise that was registered with CREATURE mob category but was added under MONSTER mob category for minecraft:badlands biome! Mobs should be added to biomes under the same mob category that the mob was registered as to prevent mob cap spawning issues.
[24May2026 22:28:35.506] [Server thread/WARN] [net.neoforged.neoforge.server.ServerLifecycleHooks/]: Detected quark:stoneling that was registered with CREATURE mob category but was added under MONSTER mob category for minecraft:bamboo_jungle biome! Mobs should be added to biomes under the same mob category that the mob was registered as to prevent mob cap spawning issues.
[24May2026 22:28:35.508] [Server thread/WARN] [net.neoforged.neoforge.server.ServerLifecycleHooks/]: Detected quark:toretoise that was registered with CREATURE mob category but was added under MONSTER mob category for minecraft:bamboo_jungle biome! Mobs should be added to biomes under the same mob category that the mob was registered as to prevent mob cap spawning issues.
[24May2026 22:28:35.509] [Server thread/WARN] [net.neoforged.neoforge.server.ServerLifecycleHooks/]: Detected quark:stoneling that was registered with CREATURE mob category but was added under MONSTER mob category for terralith:basalt_cliffs biome! Mobs should be added to biomes under the same mob category that the mob was registered as to prevent mob cap spawning issues.
[24May2026 22:28:35.509] [Server thread/WARN] [net.neoforged.neoforge.server.ServerLifecycleHooks/]: Detected quark:toretoise that was registered with CREATURE mob category but was added under MONSTER mob category for terralith:basalt_cliffs biome! Mobs should be added to biomes under the same mob category that the mob was registered as to prevent mob cap spawning issues.
[24May2026 22:28:35.510] [Server thread/WARN] [net.neoforged.neoforge.server.ServerLifecycleHooks/]: Detected quark:foxhound that was registered with CREATURE mob category but was added under MONSTER mob category for minecraft:basalt_deltas biome! Mobs should be added to biomes under the same mob category that the mob was registered as to prevent mob cap spawning issues.
[24May2026 22:28:35.511] [Server thread/WARN] [net.neoforged.neoforge.server.ServerLifecycleHooks/]: Detected quark:stoneling that was registered with CREATURE mob category but was added under MONSTER mob category for biomesoplenty:bayou biome! Mobs should be added to biomes under the same mob category that the mob was registered as to prevent mob cap spawning issues.
[24May2026 22:28:35.511] [Server thread/WARN] [net.neoforged.neoforge.server.ServerLifecycleHooks/]: Detected quark:toretoise that was registered with CREATURE mob category but was added under MONSTER mob category for biomesoplenty:bayou biome! Mobs should be added to biomes under the same mob category that the mob was registered as to prevent mob cap spawning issues.
[24May2026 22:28:35.516] [Server thread/WARN] [net.neoforged.neoforge.server.ServerLifecycleHooks/]: Detected quark:stoneling that was registered with CREATURE mob category but was added under MONSTER mob category for minecraft:beach biome! Mobs should be added to biomes under the same mob category that the mob was registered as to prevent mob cap spawning issues.
[24May2026 22:28:35.516] [Server thread/WARN] [net.neoforged.neoforge.server.ServerLifecycleHooks/]: Detected quark:toretoise that was registered with CREATURE mob category but was added under MONSTER mob category for minecraft:beach biome! Mobs should be added to biomes under the same mob category that the mob was registered as to prevent mob cap spawning issues.
[24May2026 22:28:35.517] [Server thread/WARN] [net.neoforged.neoforge.server.ServerLifecycleHooks/]: Detected quark:stoneling that was registered with CREATURE mob category but was added under MONSTER mob category for minecraft:birch_forest biome! Mobs should be added to biomes under the same mob category that the mob was registered as to prevent mob cap spawning issues.
[24May2026 22:28:35.519] [Server thread/WARN] [net.neoforged.neoforge.server.ServerLifecycleHooks/]: Detected quark:toretoise that was registered with CREATURE mob category but was added under MONSTER mob category for minecraft:birch_forest biome! Mobs should be added to biomes under the same mob category that the mob was registered as to prevent mob cap spawning issues.
[24May2026 22:28:35.521] [Server thread/WARN] [net.neoforged.neoforge.server.ServerLifecycleHooks/]: Detected quark:stoneling that was registered with CREATURE mob category but was added under MONSTER mob category for terralith:birch_taiga biome! Mobs should be added to biomes under the same mob category that the mob was registered as to prevent mob cap spawning issues.
[24May2026 22:28:35.521] [Server thread/WARN] [net.neoforged.neoforge.server.ServerLifecycleHooks/]: Detected quark:toretoise that was registered with CREATURE mob category but was added under MONSTER mob category for terralith:birch_taiga biome! Mobs should be added to biomes under the same mob category that the mob was registered as to prevent mob cap spawning issues.
[24May2026 22:28:35.523] [Server thread/WARN] [net.neoforged.neoforge.server.ServerLifecycleHooks/]: Detected quark:stoneling that was registered with CREATURE mob category but was added under MONSTER mob category for terralith:blooming_plateau biome! Mobs should be added to biomes under the same mob category that the mob was registered as to prevent mob cap spawning issues.
[24May2026 22:28:35.523] [Server thread/WARN] [net.neoforged.neoforge.server.ServerLifecycleHooks/]: Detected quark:toretoise that was registered with CREATURE mob category but was added under MONSTER mob category for terralith:blooming_plateau biome! Mobs should be added to biomes under the same mob category that the mob was registered as to prevent mob cap spawning issues.
[24May2026 22:28:35.524] [Server thread/WARN] [net.neoforged.neoforge.server.ServerLifecycleHooks/]: Detected quark:stoneling that was registered with CREATURE mob category but was added under MONSTER mob category for terralith:blooming_valley biome! Mobs should be added to biomes under the same mob category that the mob was registered as to prevent mob cap spawning issues.
[24May2026 22:28:35.525] [Server thread/WARN] [net.neoforged.neoforge.server.ServerLifecycleHooks/]: Detected quark:toretoise that was registered with CREATURE mob category but was added under MONSTER mob category for terralith:blooming_valley biome! Mobs should be added to biomes under the same mob category that the mob was registered as to prevent mob cap spawning issues.
[24May2026 22:28:35.526] [Server thread/WARN] [net.neoforged.neoforge.server.ServerLifecycleHooks/]: Detected quark:stoneling that was registered with CREATURE mob category but was added under MONSTER mob category for biomesoplenty:bog biome! Mobs should be added to biomes under the same mob category that the mob was registered as to prevent mob cap spawning issues.
[24May2026 22:28:35.526] [Server thread/WARN] [net.neoforged.neoforge.server.ServerLifecycleHooks/]: Detected quark:toretoise that was registered with CREATURE mob category but was added under MONSTER mob category for biomesoplenty:bog biome! Mobs should be added to biomes under the same mob category that the mob was registered as to prevent mob cap spawning issues.
[24May2026 22:28:35.527] [Server thread/WARN] [net.neoforged.neoforge.server.ServerLifecycleHooks/]: Detected quark:stoneling that was registered with CREATURE mob category but was added under MONSTER mob category for terralith:brushland biome! Mobs should be added to biomes under the same mob category that the mob was registered as to prevent mob cap spawning issues.
[24May2026 22:28:35.527] [Server thread/WARN] [net.neoforged.neoforge.server.ServerLifecycleHooks/]: Detected quark:toretoise that was registered with CREATURE mob category but was added under MONSTER mob category for terralith:brushland biome! Mobs should be added to biomes under the same mob category that the mob was registered as to prevent mob cap spawning issues.
[24May2026 22:28:35.528] [Server thread/WARN] [net.neoforged.neoforge.server.ServerLifecycleHooks/]: Detected quark:stoneling that was registered with CREATURE mob category but was added under MONSTER mob category for terralith:bryce_canyon biome! Mobs should be added to biomes under the same mob category that the mob was registered as to prevent mob cap spawning issues.
[24May2026 22:28:35.529] [Server thread/WARN] [net.neoforged.neoforge.server.ServerLifecycleHooks/]: Detected quark:toretoise that was registered with CREATURE mob category but was added under MONSTER mob category for terralith:bryce_canyon biome! Mobs should be added to biomes under the same mob category that the mob was registered as to prevent mob cap spawning issues.
[24May2026 22:28:35.530] [Server thread/WARN] [net.neoforged.neoforge.server.ServerLifecycleHooks/]: Detected quark:stoneling that was registered with CREATURE mob category but was added under MONSTER mob category for terralith:caldera biome! Mobs should be added to biomes under the same mob category that the mob was registered as to prevent mob cap spawning issues.
[24May2026 22:28:35.530] [Server thread/WARN] [net.neoforged.neoforge.server.ServerLifecycleHooks/]: Detected quark:toretoise that was registered with CREATURE mob category but was added under MONSTER mob category for terralith:caldera biome! Mobs should be added to biomes under the same mob category that the mob was registered as to prevent mob cap spawning issues.
[24May2026 22:28:35.532] [Server thread/WARN] [net.neoforged.neoforge.server.ServerLifecycleHooks/]: Detected quark:stoneling that was registered with CREATURE mob category but was added under MONSTER mob category for terralith:cave/andesite_caves biome! Mobs should be added to biomes under the same mob category that the mob was registered as to prevent mob cap spawning issues.
[24May2026 22:28:35.532] [Server thread/WARN] [net.neoforged.neoforge.server.ServerLifecycleHooks/]: Detected quark:toretoise that was registered with CREATURE mob category but was added under MONSTER mob category for terralith:cave/andesite_caves biome! Mobs should be added to biomes under the same mob category that the mob was registered as to prevent mob cap spawning issues.
[24May2026 22:28:35.533] [Server thread/WARN] [net.neoforged.neoforge.server.ServerLifecycleHooks/]: Detected quark:stoneling that was registered with CREATURE mob category but was added under MONSTER mob category for terralith:cave/deep_caves biome! Mobs should be added to biomes under the same mob category that the mob was registered as to prevent mob cap spawning issues.
[24May2026 22:28:35.534] [Server thread/WARN] [net.neoforged.neoforge.server.ServerLifecycleHooks/]: Detected quark:toretoise that was registered with CREATURE mob category but was added under MONSTER mob category for terralith:cave/deep_caves biome! Mobs should be added to biomes under the same mob category that the mob was registered as to prevent mob cap spawning issues.
[24May2026 22:28:35.534] [Server thread/WARN] [net.neoforged.neoforge.server.ServerLifecycleHooks/]: Detected quark:stoneling that was registered with CREATURE mob category but was added under MONSTER mob category for terralith:cave/diorite_caves biome! Mobs should be added to biomes under the same mob category that the mob was registered as to prevent mob cap spawning issues.
[24May2026 22:28:35.535] [Server thread/WARN] [net.neoforged.neoforge.server.ServerLifecycleHooks/]: Detected quark:toretoise that was registered with CREATURE mob category but was added under MONSTER mob category for terralith:cave/diorite_caves biome! Mobs should be added to biomes under the same mob category that the mob was registered as to prevent mob cap spawning issues.
[24May2026 22:28:35.536] [Server thread/WARN] [net.neoforged.neoforge.server.ServerLifecycleHooks/]: Detected quark:stoneling that was registered with CREATURE mob category but was added under MONSTER mob category for terralith:cave/frostfire_caves biome! Mobs should be added to biomes under the same mob category that the mob was registered as to prevent mob cap spawning issues.
[24May2026 22:28:35.536] [Server thread/WARN] [net.neoforged.neoforge.server.ServerLifecycleHooks/]: Detected quark:toretoise that was registered with CREATURE mob category but was added under MONSTER mob category for terralith:cave/frostfire_caves biome! Mobs should be added to biomes under the same mob category that the mob was registered as to prevent mob cap spawning issues.
[24May2026 22:28:35.537] [Server thread/WARN] [net.neoforged.neoforge.server.ServerLifecycleHooks/]: Detected quark:stoneling that was registered with CREATURE mob category but was added under MONSTER mob category for terralith:cave/fungal_caves biome! Mobs should be added to biomes under the same mob category that the mob was registered as to prevent mob cap spawning issues.
[24May2026 22:28:35.538] [Server thread/WARN] [net.neoforged.neoforge.server.ServerLifecycleHooks/]: Detected quark:toretoise that was registered with CREATURE mob category but was added under MONSTER mob category for terralith:cave/fungal_caves biome! Mobs should be added to biomes under the same mob category that the mob was registered as to prevent mob cap spawning issues.
[24May2026 22:28:35.539] [Server thread/WARN] [net.neoforged.neoforge.server.ServerLifecycleHooks/]: Detected quark:stoneling that was registered with CREATURE mob category but was added under MONSTER mob category for terralith:cave/granite_caves biome! Mobs should be added to biomes under the same mob category that the mob was registered as to prevent mob cap spawning issues.
[24May2026 22:28:35.539] [Server thread/WARN] [net.neoforged.neoforge.server.ServerLifecycleHooks/]: Detected quark:toretoise that was registered with CREATURE mob category but was added under MONSTER mob category for terralith:cave/granite_caves biome! Mobs should be added to biomes under the same mob category that the mob was registered as to prevent mob cap spawning issues.
[24May2026 22:28:35.540] [Server thread/WARN] [net.neoforged.neoforge.server.ServerLifecycleHooks/]: Detected quark:stoneling that was registered with CREATURE mob category but was added under MONSTER mob category for terralith:cave/infested_caves biome! Mobs should be added to biomes under the same mob category that the mob was registered as to prevent mob cap spawning issues.
[24May2026 22:28:35.540] [Server thread/WARN] [net.neoforged.neoforge.server.ServerLifecycleHooks/]: Detected quark:toretoise that was registered with CREATURE mob category but was added under MONSTER mob category for terralith:cave/infested_caves biome! Mobs should be added to biomes under the same mob category that the mob was registered as to prevent mob cap spawning issues.
[24May2026 22:28:35.541] [Server thread/WARN] [net.neoforged.neoforge.server.ServerLifecycleHooks/]: Detected quark:stoneling that was registered with CREATURE mob category but was added under MONSTER mob category for terralith:cave/mantle_caves biome! Mobs should be added to biomes under the same mob category that the mob was registered as to prevent mob cap spawning issues.
[24May2026 22:28:35.542] [Server thread/WARN] [net.neoforged.neoforge.server.ServerLifecycleHooks/]: Detected quark:toretoise that was registered with CREATURE mob category but was added under MONSTER mob category for terralith:cave/mantle_caves biome! Mobs should be added to biomes under the same mob category that the mob was registered as to prevent mob cap spawning issues.
[24May2026 22:28:35.542] [Server thread/WARN] [net.neoforged.neoforge.server.ServerLifecycleHooks/]: Detected quark:stoneling that was registered with CREATURE mob category but was added under MONSTER mob category for terralith:cave/thermal_caves biome! Mobs should be added to biomes under the same mob category that the mob was registered as to prevent mob cap spawning issues.
[24May2026 22:28:35.543] [Server thread/WARN] [net.neoforged.neoforge.server.ServerLifecycleHooks/]: Detected quark:toretoise that was registered with CREATURE mob category but was added under MONSTER mob category for terralith:cave/thermal_caves biome! Mobs should be added to biomes under the same mob category that the mob was registered as to prevent mob cap spawning issues.
[24May2026 22:28:35.544] [Server thread/WARN] [net.neoforged.neoforge.server.ServerLifecycleHooks/]: Detected quark:stoneling that was registered with CREATURE mob category but was added under MONSTER mob category for terralith:cave/tuff_caves biome! Mobs should be added to biomes under the same mob category that the mob was registered as to prevent mob cap spawning issues.
[24May2026 22:28:35.544] [Server thread/WARN] [net.neoforged.neoforge.server.ServerLifecycleHooks/]: Detected quark:toretoise that was registered with CREATURE mob category but was added under MONSTER mob category for terralith:cave/tuff_caves biome! Mobs should be added to biomes under the same mob category that the mob was registered as to prevent mob cap spawning issues.
[24May2026 22:28:35.545] [Server thread/WARN] [net.neoforged.neoforge.server.ServerLifecycleHooks/]: Detected quark:stoneling that was registered with CREATURE mob category but was added under MONSTER mob category for terralith:cave/underground_jungle biome! Mobs should be added to biomes under the same mob category that the mob was registered as to prevent mob cap spawning issues.
[24May2026 22:28:35.545] [Server thread/WARN] [net.neoforged.neoforge.server.ServerLifecycleHooks/]: Detected quark:toretoise that was registered with CREATURE mob category but was added under MONSTER mob category for terralith:cave/underground_jungle biome! Mobs should be added to biomes under the same mob category that the mob was registered as to prevent mob cap spawning issues.
[24May2026 22:28:35.548] [Server thread/WARN] [net.neoforged.neoforge.server.ServerLifecycleHooks/]: Detected quark:stoneling that was registered with CREATURE mob category but was added under MONSTER mob category for minecraft:cherry_grove biome! Mobs should be added to biomes under the same mob category that the mob was registered as to prevent mob cap spawning issues.
[24May2026 22:28:35.549] [Server thread/WARN] [net.neoforged.neoforge.server.ServerLifecycleHooks/]: Detected quark:toretoise that was registered with CREATURE mob category but was added under MONSTER mob category for minecraft:cherry_grove biome! Mobs should be added to biomes under the same mob category that the mob was registered as to prevent mob cap spawning issues.
[24May2026 22:28:35.551] [Server thread/WARN] [net.neoforged.neoforge.server.ServerLifecycleHooks/]: Detected quark:stoneling that was registered with CREATURE mob category but was added under MONSTER mob category for twilightforest:clearing biome! Mobs should be added to biomes under the same mob category that the mob was registered as to prevent mob cap spawning issues.
[24May2026 22:28:35.552] [Server thread/WARN] [net.neoforged.neoforge.server.ServerLifecycleHooks/]: Detected quark:toretoise that was registered with CREATURE mob category but was added under MONSTER mob category for twilightforest:clearing biome! Mobs should be added to biomes under the same mob category that the mob was registered as to prevent mob cap spawning issues.
[24May2026 22:28:35.553] [Server thread/WARN] [net.neoforged.neoforge.server.ServerLifecycleHooks/]: Detected quark:stoneling that was registered with CREATURE mob category but was added under MONSTER mob category for terralith:cloud_forest biome! Mobs should be added to biomes under the same mob category that the mob was registered as to prevent mob cap spawning issues.
[24May2026 22:28:35.554] [Server thread/WARN] [net.neoforged.neoforge.server.ServerLifecycleHooks/]: Detected quark:toretoise that was registered with CREATURE mob category but was added under MONSTER mob category for terralith:cloud_forest biome! Mobs should be added to biomes under the same mob category that the mob was registered as to prevent mob cap spawning issues.
[24May2026 22:28:35.554] [Server thread/WARN] [net.neoforged.neoforge.server.ServerLifecycleHooks/]: Detected quark:stoneling that was registered with CREATURE mob category but was added under MONSTER mob category for biomesoplenty:cold_desert biome! Mobs should be added to biomes under the same mob category that the mob was registered as to prevent mob cap spawning issues.
[24May2026 22:28:35.555] [Server thread/WARN] [net.neoforged.neoforge.server.ServerLifecycleHooks/]: Detected quark:toretoise that was registered with CREATURE mob category but was added under MONSTER mob category for biomesoplenty:cold_desert biome! Mobs should be added to biomes under the same mob category that the mob was registered as to prevent mob cap spawning issues.
[24May2026 22:28:35.558] [Server thread/WARN] [net.neoforged.neoforge.server.ServerLifecycleHooks/]: Detected quark:stoneling that was registered with CREATURE mob category but was added under MONSTER mob category for minecraft:cold_ocean biome! Mobs should be added to biomes under the same mob category that the mob was registered as to prevent mob cap spawning issues.
[24May2026 22:28:35.559] [Server thread/WARN] [net.neoforged.neoforge.server.ServerLifecycleHooks/]: Detected quark:toretoise that was registered with CREATURE mob category but was added under MONSTER mob category for minecraft:cold_ocean biome! Mobs should be added to biomes under the same mob category that the mob was registered as to prevent mob cap spawning issues.
[24May2026 22:28:35.560] [Server thread/WARN] [net.neoforged.neoforge.server.ServerLifecycleHooks/]: Detected quark:stoneling that was registered with CREATURE mob category but was added under MONSTER mob category for terralith:cold_shrubland biome! Mobs should be added to biomes under the same mob category that the mob was registered as to prevent mob cap spawning issues.
[24May2026 22:28:35.560] [Server thread/WARN] [net.neoforged.neoforge.server.ServerLifecycleHooks/]: Detected quark:toretoise that was registered with CREATURE mob category but was added under MONSTER mob category for terralith:cold_shrubland biome! Mobs should be added to biomes under the same mob category that the mob was registered as to prevent mob cap spawning issues.
[24May2026 22:28:35.561] [Server thread/WARN] [net.neoforged.neoforge.server.ServerLifecycleHooks/]: Detected quark:stoneling that was registered with CREATURE mob category but was added under MONSTER mob category for lotmcraft:concealment_world_biome biome! Mobs should be added to biomes under the same mob category that the mob was registered as to prevent mob cap spawning issues.
[24May2026 22:28:35.561] [Server thread/WARN] [net.neoforged.neoforge.server.ServerLifecycleHooks/]: Detected quark:toretoise that was registered with CREATURE mob category but was added under MONSTER mob category for lotmcraft:concealment_world_biome biome! Mobs should be added to biomes under the same mob category that the mob was registered as to prevent mob cap spawning issues.
[24May2026 22:28:35.564] [Server thread/WARN] [net.neoforged.neoforge.server.ServerLifecycleHooks/]: Detected quark:stoneling that was registered with CREATURE mob category but was added under MONSTER mob category for biomesoplenty:coniferous_forest biome! Mobs should be added to biomes under the same mob category that the mob was registered as to prevent mob cap spawning issues.
[24May2026 22:28:35.564] [Server thread/WARN] [net.neoforged.neoforge.server.ServerLifecycleHooks/]: Detected quark:toretoise that was registered with CREATURE mob category but was added under MONSTER mob category for biomesoplenty:coniferous_forest biome! Mobs should be added to biomes under the same mob category that the mob was registered as to prevent mob cap spawning issues.
[24May2026 22:28:35.565] [Server thread/WARN] [net.neoforged.neoforge.server.ServerLifecycleHooks/]: Detected quark:stoneling that was registered with CREATURE mob category but was added under MONSTER mob category for biomesoplenty:crag biome! Mobs should be added to biomes under the same mob category that the mob was registered as to prevent mob cap spawning issues.
[24May2026 22:28:35.565] [Server thread/WARN] [net.neoforged.neoforge.server.ServerLifecycleHooks/]: Detected quark:toretoise that was registered with CREATURE mob category but was added under MONSTER mob category for biomesoplenty:crag biome! Mobs should be added to biomes under the same mob category that the mob was registered as to prevent mob cap spawning issues.
[24May2026 22:28:35.567] [Server thread/WARN] [net.neoforged.neoforge.server.ServerLifecycleHooks/]: Detected quark:stoneling that was registered with CREATURE mob category but was added under MONSTER mob category for minecraft:dark_forest biome! Mobs should be added to biomes under the same mob category that the mob was registered as to prevent mob cap spawning issues.
[24May2026 22:28:35.567] [Server thread/WARN] [net.neoforged.neoforge.server.ServerLifecycleHooks/]: Detected quark:toretoise that was registered with CREATURE mob category but was added under MONSTER mob category for minecraft:dark_forest biome! Mobs should be added to biomes under the same mob category that the mob was registered as to prevent mob cap spawning issues.
[24May2026 22:28:35.568] [Server thread/WARN] [net.neoforged.neoforge.server.ServerLifecycleHooks/]: Detected quark:stoneling that was registered with CREATURE mob category but was added under MONSTER mob category for twilightforest:dark_forest biome! Mobs should be added to biomes under the same mob category that the mob was registered as to prevent mob cap spawning issues.
[24May2026 22:28:35.569] [Server thread/WARN] [net.neoforged.neoforge.server.ServerLifecycleHooks/]: Detected quark:toretoise that was registered with CREATURE mob category but was added under MONSTER mob category for twilightforest:dark_forest biome! Mobs should be added to biomes under the same mob category that the mob was registered as to prevent mob cap spawning issues.
[24May2026 22:28:35.570] [Server thread/WARN] [net.neoforged.neoforge.server.ServerLifecycleHooks/]: Detected quark:stoneling that was registered with CREATURE mob category but was added under MONSTER mob category for twilightforest:dark_forest_center biome! Mobs should be added to biomes under the same mob category that the mob was registered as to prevent mob cap spawning issues.
[24May2026 22:28:35.570] [Server thread/WARN] [net.neoforged.neoforge.server.ServerLifecycleHooks/]: Detected quark:toretoise that was registered with CREATURE mob category but was added under MONSTER mob category for twilightforest:dark_forest_center biome! Mobs should be added to biomes under the same mob category that the mob was registered as to prevent mob cap spawning issues.
[24May2026 22:28:35.571] [Server thread/WARN] [net.neoforged.neoforge.server.ServerLifecycleHooks/]: Detected quark:stoneling that was registered with CREATURE mob category but was added under MONSTER mob category for biomesoplenty:dead_forest biome! Mobs should be added to biomes under the same mob category that the mob was registered as to prevent mob cap spawning issues.
[24May2026 22:28:35.571] [Server thread/WARN] [net.neoforged.neoforge.server.ServerLifecycleHooks/]: Detected quark:toretoise that was registered with CREATURE mob category but was added under MONSTER mob category for biomesoplenty:dead_forest biome! Mobs should be added to biomes under the same mob category that the mob was registered as to prevent mob cap spawning issues.
[24May2026 22:28:35.572] [Server thread/WARN] [net.neoforged.neoforge.server.ServerLifecycleHooks/]: Detected quark:stoneling that was registered with CREATURE mob category but was added under MONSTER mob category for minecraft:deep_cold_ocean biome! Mobs should be added to biomes under the same mob category that the mob was registered as to prevent mob cap spawning issues.
[24May2026 22:28:35.574] [Server thread/WARN] [net.neoforged.neoforge.server.ServerLifecycleHooks/]: Detected quark:toretoise that was registered with CREATURE mob category but was added under MONSTER mob category for minecraft:deep_cold_ocean biome! Mobs should be added to biomes under the same mob category that the mob was registered as to prevent mob cap spawning issues.
[24May2026 22:28:35.574] [Server thread/WARN] [net.neoforged.neoforge.server.ServerLifecycleHooks/]: Detected quark:stoneling that was registered with CREATURE mob category but was added under MONSTER mob category for minecraft:deep_dark biome! Mobs should be added to biomes under the same mob category that the mob was registered as to prevent mob cap spawning issues.
[24May2026 22:28:35.575] [Server thread/WARN] [net.neoforged.neoforge.server.ServerLifecycleHooks/]: Detected quark:toretoise that was registered with CREATURE mob category but was added under MONSTER mob category for minecraft:deep_dark biome! Mobs should be added to biomes under the same mob category that the mob was registered as to prevent mob cap spawning issues.
[24May2026 22:28:35.576] [Server thread/WARN] [net.neoforged.neoforge.server.ServerLifecycleHooks/]: Detected quark:stoneling that was registered with CREATURE mob category but was added under MONSTER mob category for minecraft:deep_frozen_ocean biome! Mobs should be added to biomes under the same mob category that the mob was registered as to prevent mob cap spawning issues.
[24May2026 22:28:35.576] [Server thread/WARN] [net.neoforged.neoforge.server.ServerLifecycleHooks/]: Detected quark:toretoise that was registered with CREATURE mob category but was added under MONSTER mob category for minecraft:deep_frozen_ocean biome! Mobs should be added to biomes under the same mob category that the mob was registered as to prevent mob cap spawning issues.
[24May2026 22:28:35.576] [Server thread/WARN] [net.neoforged.neoforge.server.ServerLifecycleHooks/]: Detected quark:stoneling that was registered with CREATURE mob category but was added under MONSTER mob category for minecraft:deep_lukewarm_ocean biome! Mobs should be added to biomes under the same mob category that the mob was registered as to prevent mob cap spawning issues.
[24May2026 22:28:35.577] [Server thread/WARN] [net.neoforged.neoforge.server.ServerLifecycleHooks/]: Detected quark:toretoise that was registered with CREATURE mob category but was added under MONSTER mob category for minecraft:deep_lukewarm_ocean biome! Mobs should be added to biomes under the same mob category that the mob was registered as to prevent mob cap spawning issues.
[24May2026 22:28:35.577] [Server thread/WARN] [net.neoforged.neoforge.server.ServerLifecycleHooks/]: Detected quark:stoneling that was registered with CREATURE mob category but was added under MONSTER mob category for minecraft:deep_ocean biome! Mobs should be added to biomes under the same mob category that the mob was registered as to prevent mob cap spawning issues.
[24May2026 22:28:35.578] [Server thread/WARN] [net.neoforged.neoforge.server.ServerLifecycleHooks/]: Detected quark:toretoise that was registered with CREATURE mob category but was added under MONSTER mob category for minecraft:deep_ocean biome! Mobs should be added to biomes under the same mob category that the mob was registered as to prevent mob cap spawning issues.
[24May2026 22:28:35.579] [Server thread/WARN] [net.neoforged.neoforge.server.ServerLifecycleHooks/]: Detected quark:stoneling that was registered with CREATURE mob category but was added under MONSTER mob category for terralith:deep_warm_ocean biome! Mobs should be added to biomes under the same mob category that the mob was registered as to prevent mob cap spawning issues.
[24May2026 22:28:35.580] [Server thread/WARN] [net.neoforged.neoforge.server.ServerLifecycleHooks/]: Detected quark:toretoise that was registered with CREATURE mob category but was added under MONSTER mob category for terralith:deep_warm_ocean biome! Mobs should be added to biomes under the same mob category that the mob was registered as to prevent mob cap spawning issues.
[24May2026 22:28:35.581] [Server thread/WARN] [net.neoforged.neoforge.server.ServerLifecycleHooks/]: Detected quark:stoneling that was registered with CREATURE mob category but was added under MONSTER mob category for terrablender:deferred_placeholder biome! Mobs should be added to biomes under the same mob category that the mob was registered as to prevent mob cap spawning issues.
[24May2026 22:28:35.582] [Server thread/WARN] [net.neoforged.neoforge.server.ServerLifecycleHooks/]: Detected quark:toretoise that was registered with CREATURE mob category but was added under MONSTER mob category for terrablender:deferred_placeholder biome! Mobs should be added to biomes under the same mob category that the mob was registered as to prevent mob cap spawning issues.
[24May2026 22:28:35.582] [Server thread/WARN] [net.neoforged.neoforge.server.ServerLifecycleHooks/]: Detected quark:stoneling that was registered with CREATURE mob category but was added under MONSTER mob category for twilightforest:dense_forest biome! Mobs should be added to biomes under the same mob category that the mob was registered as to prevent mob cap spawning issues.
[24May2026 22:28:35.582] [Server thread/WARN] [net.neoforged.neoforge.server.ServerLifecycleHooks/]: Detected quark:toretoise that was registered with CREATURE mob category but was added under MONSTER mob category for twilightforest:dense_forest biome! Mobs should be added to biomes under the same mob category that the mob was registered as to prevent mob cap spawning issues.
[24May2026 22:28:35.583] [Server thread/WARN] [net.neoforged.neoforge.server.ServerLifecycleHooks/]: Detected quark:stoneling that was registered with CREATURE mob category but was added under MONSTER mob category for twilightforest:dense_mushroom_forest biome! Mobs should be added to biomes under the same mob category that the mob was registered as to prevent mob cap spawning issues.
[24May2026 22:28:35.584] [Server thread/WARN] [net.neoforged.neoforge.server.ServerLifecycleHooks/]: Detected quark:toretoise that was registered with CREATURE mob category but was added under MONSTER mob category for twilightforest:dense_mushroom_forest biome! Mobs should be added to biomes under the same mob category that the mob was registered as to prevent mob cap spawning issues.
[24May2026 22:28:35.587] [Server thread/WARN] [net.neoforged.neoforge.server.ServerLifecycleHooks/]: Detected quark:stoneling that was registered with CREATURE mob category but was added under MONSTER mob category for minecraft:desert biome! Mobs should be added to biomes under the same mob category that the mob was registered as to prevent mob cap spawning issues.
[24May2026 22:28:35.588] [Server thread/WARN] [net.neoforged.neoforge.server.ServerLifecycleHooks/]: Detected quark:toretoise that was registered with CREATURE mob category but was added under MONSTER mob category for minecraft:desert biome! Mobs should be added to biomes under the same mob category that the mob was registered as to prevent mob cap spawning issues.
[24May2026 22:28:35.589] [Server thread/WARN] [net.neoforged.neoforge.server.ServerLifecycleHooks/]: Detected quark:stoneling that was registered with CREATURE mob category but was added under MONSTER mob category for terralith:desert_canyon biome! Mobs should be added to biomes under the same mob category that the mob was registered as to prevent mob cap spawning issues.
[24May2026 22:28:35.590] [Server thread/WARN] [net.neoforged.neoforge.server.ServerLifecycleHooks/]: Detected quark:toretoise that was registered with CREATURE mob category but was added under MONSTER mob category for terralith:desert_canyon biome! Mobs should be added to biomes under the same mob category that the mob was registered as to prevent mob cap spawning issues.
[24May2026 22:28:35.591] [Server thread/WARN] [net.neoforged.neoforge.server.ServerLifecycleHooks/]: Detected quark:stoneling that was registered with CREATURE mob category but was added under MONSTER mob category for terralith:desert_oasis biome! Mobs should be added to biomes under the same mob category that the mob was registered as to prevent mob cap spawning issues.
[24May2026 22:28:35.591] [Server thread/WARN] [net.neoforged.neoforge.server.ServerLifecycleHooks/]: Detected quark:toretoise that was registered with CREATURE mob category but was added under MONSTER mob category for terralith:desert_oasis biome! Mobs should be added to biomes under the same mob category that the mob was registered as to prevent mob cap spawning issues.
[24May2026 22:28:35.594] [Server thread/WARN] [net.neoforged.neoforge.server.ServerLifecycleHooks/]: Detected quark:stoneling that was registered with CREATURE mob category but was added under MONSTER mob category for terralith:desert_spires biome! Mobs should be added to biomes under the same mob category that the mob was registered as to prevent mob cap spawning issues.
[24May2026 22:28:35.595] [Server thread/WARN] [net.neoforged.neoforge.server.ServerLifecycleHooks/]: Detected quark:toretoise that was registered with CREATURE mob category but was added under MONSTER mob category for terralith:desert_spires biome! Mobs should be added to biomes under the same mob category that the mob was registered as to prevent mob cap spawning issues.
[24May2026 22:28:35.596] [Server thread/WARN] [net.neoforged.neoforge.server.ServerLifecycleHooks/]: Detected quark:stoneling that was registered with CREATURE mob category but was added under MONSTER mob category for lotmcraft:dream_maze_biome biome! Mobs should be added to biomes under the same mob category that the mob was registered as to prevent mob cap spawning issues.
[24May2026 22:28:35.598] [Server thread/WARN] [net.neoforged.neoforge.server.ServerLifecycleHooks/]: Detected quark:toretoise that was registered with CREATURE mob category but was added under MONSTER mob category for lotmcraft:dream_maze_biome biome! Mobs should be added to biomes under the same mob category that the mob was registered as to prevent mob cap spawning issues.
[24May2026 22:28:35.600] [Server thread/WARN] [net.neoforged.neoforge.server.ServerLifecycleHooks/]: Detected quark:stoneling that was registered with CREATURE mob category but was added under MONSTER mob category for minecraft:dripstone_caves biome! Mobs should be added to biomes under the same mob category that the mob was registered as to prevent mob cap spawning issues.
[24May2026 22:28:35.603] [Server thread/WARN] [net.neoforged.neoforge.server.ServerLifecycleHooks/]: Detected quark:toretoise that was registered with CREATURE mob category but was added under MONSTER mob category for minecraft:dripstone_caves biome! Mobs should be added to biomes under the same mob category that the mob was registered as to prevent mob cap spawning issues.
[24May2026 22:28:35.604] [Server thread/WARN] [net.neoforged.neoforge.server.ServerLifecycleHooks/]: Detected quark:stoneling that was registered with CREATURE mob category but was added under MONSTER mob category for biomesoplenty:dryland biome! Mobs should be added to biomes under the same mob category that the mob was registered as to prevent mob cap spawning issues.
[24May2026 22:28:35.604] [Server thread/WARN] [net.neoforged.neoforge.server.ServerLifecycleHooks/]: Detected quark:toretoise that was registered with CREATURE mob category but was added under MONSTER mob category for biomesoplenty:dryland biome! Mobs should be added to biomes under the same mob category that the mob was registered as to prevent mob cap spawning issues.
[24May2026 22:28:35.605] [Server thread/WARN] [net.neoforged.neoforge.server.ServerLifecycleHooks/]: Detected quark:stoneling that was registered with CREATURE mob category but was added under MONSTER mob category for biomesoplenty:dune_beach biome! Mobs should be added to biomes under the same mob category that the mob was registered as to prevent mob cap spawning issues.
[24May2026 22:28:35.605] [Server thread/WARN] [net.neoforged.neoforge.server.ServerLifecycleHooks/]: Detected quark:toretoise that was registered with CREATURE mob category but was added under MONSTER mob category for biomesoplenty:dune_beach biome! Mobs should be added to biomes under the same mob category that the mob was registered as to prevent mob cap spawning issues.
[24May2026 22:28:35.606] [Server thread/WARN] [net.neoforged.neoforge.server.ServerLifecycleHooks/]: Detected quark:stoneling that was registered with CREATURE mob category but was added under MONSTER mob category for terralith:emerald_peaks biome! Mobs should be added to biomes under the same mob category that the mob was registered as to prevent mob cap spawning issues.
[24May2026 22:28:35.606] [Server thread/WARN] [net.neoforged.neoforge.server.ServerLifecycleHooks/]: Detected quark:toretoise that was registered with CREATURE mob category but was added under MONSTER mob category for terralith:emerald_peaks biome! Mobs should be added to biomes under the same mob category that the mob was registered as to prevent mob cap spawning issues.
[24May2026 22:28:35.608] [Server thread/WARN] [net.neoforged.neoforge.server.ServerLifecycleHooks/]: Detected quark:stoneling that was registered with CREATURE mob category but was added under MONSTER mob category for twilightforest:enchanted_forest biome! Mobs should be added to biomes under the same mob category that the mob was registered as to prevent mob cap spawning issues.
[24May2026 22:28:35.608] [Server thread/WARN] [net.neoforged.neoforge.server.ServerLifecycleHooks/]: Detected quark:toretoise that was registered with CREATURE mob category but was added under MONSTER mob category for twilightforest:enchanted_forest biome! Mobs should be added to biomes under the same mob category that the mob was registered as to prevent mob cap spawning issues.
[24May2026 22:28:35.611] [Server thread/WARN] [net.neoforged.neoforge.server.ServerLifecycleHooks/]: Detected quark:stoneling that was registered with CREATURE mob category but was added under MONSTER mob category for minecraft:eroded_badlands biome! Mobs should be added to biomes under the same mob category that the mob was registered as to prevent mob cap spawning issues.
[24May2026 22:28:35.613] [Server thread/WARN] [net.neoforged.neoforge.server.ServerLifecycleHooks/]: Detected quark:toretoise that was registered with CREATURE mob category but was added under MONSTER mob category for minecraft:eroded_badlands biome! Mobs should be added to biomes under the same mob category that the mob was registered as to prevent mob cap spawning issues.
[24May2026 22:28:35.614] [Server thread/WARN] [net.neoforged.neoforge.server.ServerLifecycleHooks/]: Detected quark:stoneling that was registered with CREATURE mob category but was added under MONSTER mob category for biomesoplenty:field biome! Mobs should be added to biomes under the same mob category that the mob was registered as to prevent mob cap spawning issues.
[24May2026 22:28:35.614] [Server thread/WARN] [net.neoforged.neoforge.server.ServerLifecycleHooks/]: Detected quark:toretoise that was registered with CREATURE mob category but was added under MONSTER mob category for biomesoplenty:field biome! Mobs should be added to biomes under the same mob category that the mob was registered as to prevent mob cap spawning issues.
[24May2026 22:28:35.617] [Server thread/WARN] [net.neoforged.neoforge.server.ServerLifecycleHooks/]: Detected quark:stoneling that was registered with CREATURE mob category but was added under MONSTER mob category for twilightforest:final_plateau biome! Mobs should be added to biomes under the same mob category that the mob was registered as to prevent mob cap spawning issues.
[24May2026 22:28:35.617] [Server thread/WARN] [net.neoforged.neoforge.server.ServerLifecycleHooks/]: Detected quark:toretoise that was registered with CREATURE mob category but was added under MONSTER mob category for twilightforest:final_plateau biome! Mobs should be added to biomes under the same mob category that the mob was registered as to prevent mob cap spawning issues.
[24May2026 22:28:35.618] [Server thread/WARN] [net.neoforged.neoforge.server.ServerLifecycleHooks/]: Detected quark:stoneling that was registered with CREATURE mob category but was added under MONSTER mob category for biomesoplenty:fir_clearing biome! Mobs should be added to biomes under the same mob category that the mob was registered as to prevent mob cap spawning issues.
[24May2026 22:28:35.619] [Server thread/WARN] [net.neoforged.neoforge.server.ServerLifecycleHooks/]: Detected quark:toretoise that was registered with CREATURE mob category but was added under MONSTER mob category for biomesoplenty:fir_clearing biome! Mobs should be added to biomes under the same mob category that the mob was registered as to prevent mob cap spawning issues.
[24May2026 22:28:35.619] [Server thread/WARN] [net.neoforged.neoforge.server.ServerLifecycleHooks/]: Detected quark:stoneling that was registered with CREATURE mob category but was added under MONSTER mob category for twilightforest:fire_swamp biome! Mobs should be added to biomes under the same mob category that the mob was registered as to prevent mob cap spawning issues.
[24May2026 22:28:35.621] [Server thread/WARN] [net.neoforged.neoforge.server.ServerLifecycleHooks/]: Detected quark:toretoise that was registered with CREATURE mob category but was added under MONSTER mob category for twilightforest:fire_swamp biome! Mobs should be added to biomes under the same mob category that the mob was registered as to prevent mob cap spawning issues.
[24May2026 22:28:35.622] [Server thread/WARN] [net.neoforged.neoforge.server.ServerLifecycleHooks/]: Detected quark:stoneling that was registered with CREATURE mob category but was added under MONSTER mob category for twilightforest:firefly_forest biome! Mobs should be added to biomes under the same mob category that the mob was registered as to prevent mob cap spawning issues.
[24May2026 22:28:35.623] [Server thread/WARN] [net.neoforged.neoforge.server.ServerLifecycleHooks/]: Detected quark:toretoise that was registered with CREATURE mob category but was added under MONSTER mob category for twilightforest:firefly_forest biome! Mobs should be added to biomes under the same mob category that the mob was registered as to prevent mob cap spawning issues.
[24May2026 22:28:35.624] [Server thread/WARN] [net.neoforged.neoforge.server.ServerLifecycleHooks/]: Detected quark:stoneling that was registered with CREATURE mob category but was added under MONSTER mob category for biomesoplenty:floodplain biome! Mobs should be added to biomes under the same mob category that the mob was registered as to prevent mob cap spawning issues.
[24May2026 22:28:35.627] [Server thread/WARN] [net.neoforged.neoforge.server.ServerLifecycleHooks/]: Detected quark:toretoise that was registered with CREATURE mob category but was added under MONSTER mob category for biomesoplenty:floodplain biome! Mobs should be added to biomes under the same mob category that the mob was registered as to prevent mob cap spawning issues.
[24May2026 22:28:35.628] [Server thread/WARN] [net.neoforged.neoforge.server.ServerLifecycleHooks/]: Detected quark:stoneling that was registered with CREATURE mob category but was added under MONSTER mob category for minecraft:flower_forest biome! Mobs should be added to biomes under the same mob category that the mob was registered as to prevent mob cap spawning issues.
[24May2026 22:28:35.629] [Server thread/WARN] [net.neoforged.neoforge.server.ServerLifecycleHooks/]: Detected quark:toretoise that was registered with CREATURE mob category but was added under MONSTER mob category for minecraft:flower_forest biome! Mobs should be added to biomes under the same mob category that the mob was registered as to prevent mob cap spawning issues.
[24May2026 22:28:35.632] [Server thread/WARN] [net.neoforged.neoforge.server.ServerLifecycleHooks/]: Detected quark:stoneling that was registered with CREATURE mob category but was added under MONSTER mob category for minecraft:forest biome! Mobs should be added to biomes under the same mob category that the mob was registered as to prevent mob cap spawning issues.
[24May2026 22:28:35.632] [Server thread/WARN] [net.neoforged.neoforge.server.ServerLifecycleHooks/]: Detected quark:toretoise that was registered with CREATURE mob category but was added under MONSTER mob category for minecraft:forest biome! Mobs should be added to biomes under the same mob category that the mob was registered as to prevent mob cap spawning issues.
[24May2026 22:28:35.633] [Server thread/WARN] [net.neoforged.neoforge.server.ServerLifecycleHooks/]: Detected quark:stoneling that was registered with CREATURE mob category but was added under MONSTER mob category for twilightforest:forest biome! Mobs should be added to biomes under the same mob category that the mob was registered as to prevent mob cap spawning issues.
[24May2026 22:28:35.633] [Server thread/WARN] [net.neoforged.neoforge.server.ServerLifecycleHooks/]: Detected quark:toretoise that was registered with CREATURE mob category but was added under MONSTER mob category for twilightforest:forest biome! Mobs should be added to biomes under the same mob category that the mob was registered as to prevent mob cap spawning issues.
[24May2026 22:28:35.634] [Server thread/WARN] [net.neoforged.neoforge.server.ServerLifecycleHooks/]: Detected quark:stoneling that was registered with CREATURE mob category but was added under MONSTER mob category for biomesoplenty:forested_field biome! Mobs should be added to biomes under the same mob category that the mob was registered as to prevent mob cap spawning issues.
[24May2026 22:28:35.635] [Server thread/WARN] [net.neoforged.neoforge.server.ServerLifecycleHooks/]: Detected quark:toretoise that was registered with CREATURE mob category but was added under MONSTER mob category for biomesoplenty:forested_field biome! Mobs should be added to biomes under the same mob category that the mob was registered as to prevent mob cap spawning issues.
[24May2026 22:28:35.636] [Server thread/WARN] [net.neoforged.neoforge.server.ServerLifecycleHooks/]: Detected quark:stoneling that was registered with CREATURE mob category but was added under MONSTER mob category for terralith:forested_highlands biome! Mobs should be added to biomes under the same mob category that the mob was registered as to prevent mob cap spawning issues.
[24May2026 22:28:35.636] [Server thread/WARN] [net.neoforged.neoforge.server.ServerLifecycleHooks/]: Detected quark:toretoise that was registered with CREATURE mob category but was added under MONSTER mob category for terralith:forested_highlands biome! Mobs should be added to biomes under the same mob category that the mob was registered as to prevent mob cap spawning issues.
[24May2026 22:28:35.637] [Server thread/WARN] [net.neoforged.neoforge.server.ServerLifecycleHooks/]: Detected quark:stoneling that was registered with CREATURE mob category but was added under MONSTER mob category for terralith:fractured_savanna biome! Mobs should be added to biomes under the same mob category that the mob was registered as to prevent mob cap spawning issues.
[24May2026 22:28:35.637] [Server thread/WARN] [net.neoforged.neoforge.server.ServerLifecycleHooks/]: Detected quark:toretoise that was registered with CREATURE mob category but was added under MONSTER mob category for terralith:fractured_savanna biome! Mobs should be added to biomes under the same mob category that the mob was registered as to prevent mob cap spawning issues.
[24May2026 22:28:35.637] [Server thread/WARN] [net.neoforged.neoforge.server.ServerLifecycleHooks/]: Detected minecraft:axolotl that was registered with AXOLOTLS mob category but was added under UNDERGROUND_WATER_CREATURE mob category for terralith:fractured_savanna biome! Mobs should be added to biomes under the same mob category that the mob was registered as to prevent mob cap spawning issues.
[24May2026 22:28:35.638] [Server thread/WARN] [net.neoforged.neoforge.server.ServerLifecycleHooks/]: Detected quark:stoneling that was registered with CREATURE mob category but was added under MONSTER mob category for terralith:frozen_cliffs biome! Mobs should be added to biomes under the same mob category that the mob was registered as to prevent mob cap spawning issues.
[24May2026 22:28:35.639] [Server thread/WARN] [net.neoforged.neoforge.server.ServerLifecycleHooks/]: Detected quark:toretoise that was registered with CREATURE mob category but was added under MONSTER mob category for terralith:frozen_cliffs biome! Mobs should be added to biomes under the same mob category that the mob was registered as to prevent mob cap spawning issues.
[24May2026 22:28:35.641] [Server thread/WARN] [net.neoforged.neoforge.server.ServerLifecycleHooks/]: Detected quark:stoneling that was registered with CREATURE mob category but was added under MONSTER mob category for minecraft:frozen_ocean biome! Mobs should be added to biomes under the same mob category that the mob was registered as to prevent mob cap spawning issues.
[24May2026 22:28:35.641] [Server thread/WARN] [net.neoforged.neoforge.server.ServerLifecycleHooks/]: Detected quark:toretoise that was registered with CREATURE mob category but was added under MONSTER mob category for minecraft:frozen_ocean biome! Mobs should be added to biomes under the same mob category that the mob was registered as to prevent mob cap spawning issues.
[24May2026 22:28:35.642] [Server thread/WARN] [net.neoforged.neoforge.server.ServerLifecycleHooks/]: Detected quark:stoneling that was registered with CREATURE mob category but was added under MONSTER mob category for minecraft:frozen_peaks biome! Mobs should be added to biomes under the same mob category that the mob was registered as to prevent mob cap spawning issues.
[24May2026 22:28:35.642] [Server thread/WARN] [net.neoforged.neoforge.server.ServerLifecycleHooks/]: Detected quark:toretoise that was registered with CREATURE mob category but was added under MONSTER mob category for minecraft:frozen_peaks biome! Mobs should be added to biomes under the same mob category that the mob was registered as to prevent mob cap spawning issues.
[24May2026 22:28:35.643] [Server thread/WARN] [net.neoforged.neoforge.server.ServerLifecycleHooks/]: Detected quark:stoneling that was registered with CREATURE mob category but was added under MONSTER mob category for minecraft:frozen_river biome! Mobs should be added to biomes under the same mob category that the mob was registered as to prevent mob cap spawning issues.
[24May2026 22:28:35.644] [Server thread/WARN] [net.neoforged.neoforge.server.ServerLifecycleHooks/]: Detected quark:toretoise that was registered with CREATURE mob category but was added under MONSTER mob category for minecraft:frozen_river biome! Mobs should be added to biomes under the same mob category that the mob was registered as to prevent mob cap spawning issues.
[24May2026 22:28:35.645] [Server thread/WARN] [net.neoforged.neoforge.server.ServerLifecycleHooks/]: Detected quark:stoneling that was registered with CREATURE mob category but was added under MONSTER mob category for biomesoplenty:fungal_jungle biome! Mobs should be added to biomes under the same mob category that the mob was registered as to prevent mob cap spawning issues.
[24May2026 22:28:35.647] [Server thread/WARN] [net.neoforged.neoforge.server.ServerLifecycleHooks/]: Detected quark:toretoise that was registered with CREATURE mob category but was added under MONSTER mob category for biomesoplenty:fungal_jungle biome! Mobs should be added to biomes under the same mob category that the mob was registered as to prevent mob cap spawning issues.
[24May2026 22:28:35.648] [Server thread/WARN] [net.neoforged.neoforge.server.ServerLifecycleHooks/]: Detected quark:stoneling that was registered with CREATURE mob category but was added under MONSTER mob category for terralith:glacial_chasm biome! Mobs should be added to biomes under the same mob category that the mob was registered as to prevent mob cap spawning issues.
[24May2026 22:28:35.649] [Server thread/WARN] [net.neoforged.neoforge.server.ServerLifecycleHooks/]: Detected quark:toretoise that was registered with CREATURE mob category but was added under MONSTER mob category for terralith:glacial_chasm biome! Mobs should be added to biomes under the same mob category that the mob was registered as to prevent mob cap spawning issues.
[24May2026 22:28:35.650] [Server thread/WARN] [net.neoforged.neoforge.server.ServerLifecycleHooks/]: Detected quark:stoneling that was registered with CREATURE mob category but was added under MONSTER mob category for twilightforest:glacier biome! Mobs should be added to biomes under the same mob category that the mob was registered as to prevent mob cap spawning issues.
[24May2026 22:28:35.651] [Server thread/WARN] [net.neoforged.neoforge.server.ServerLifecycleHooks/]: Detected quark:toretoise that was registered with CREATURE mob category but was added under MONSTER mob category for twilightforest:glacier biome! Mobs should be added to biomes under the same mob category that the mob was registered as to prevent mob cap spawning issues.
[24May2026 22:28:35.652] [Server thread/WARN] [net.neoforged.neoforge.server.ServerLifecycleHooks/]: Detected quark:stoneling that was registered with CREATURE mob category but was added under MONSTER mob category for quark:glimmering_weald biome! Mobs should be added to biomes under the same mob category that the mob was registered as to prevent mob cap spawning issues.
[24May2026 22:28:35.652] [Server thread/WARN] [net.neoforged.neoforge.server.ServerLifecycleHooks/]: Detected quark:toretoise that was registered with CREATURE mob category but was added under MONSTER mob category for quark:glimmering_weald biome! Mobs should be added to biomes under the same mob category that the mob was registered as to prevent mob cap spawning issues.
[24May2026 22:28:35.657] [Server thread/WARN] [net.neoforged.neoforge.server.ServerLifecycleHooks/]: Detected quark:stoneling that was registered with CREATURE mob category but was added under MONSTER mob category for biomesoplenty:glowing_grotto biome! Mobs should be added to biomes under the same mob category that the mob was registered as to prevent mob cap spawning issues.
[24May2026 22:28:35.657] [Server thread/WARN] [net.neoforged.neoforge.server.ServerLifecycleHooks/]: Detected quark:toretoise that was registered with CREATURE mob category but was added under MONSTER mob category for biomesoplenty:glowing_grotto biome! Mobs should be added to biomes under the same mob category that the mob was registered as to prevent mob cap spawning issues.
[24May2026 22:28:35.658] [Server thread/WARN] [net.neoforged.neoforge.server.ServerLifecycleHooks/]: Detected quark:stoneling that was registered with CREATURE mob category but was added under MONSTER mob category for terralith:granite_cliffs biome! Mobs should be added to biomes under the same mob category that the mob was registered as to prevent mob cap spawning issues.
[24May2026 22:28:35.658] [Server thread/WARN] [net.neoforged.neoforge.server.ServerLifecycleHooks/]: Detected quark:toretoise that was registered with CREATURE mob category but was added under MONSTER mob category for terralith:granite_cliffs biome! Mobs should be added to biomes under the same mob category that the mob was registered as to prevent mob cap spawning issues.
[24May2026 22:28:35.658] [Server thread/WARN] [net.neoforged.neoforge.server.ServerLifecycleHooks/]: Detected quark:stoneling that was registered with CREATURE mob category but was added under MONSTER mob category for biomesoplenty:grassland biome! Mobs should be added to biomes under the same mob category that the mob was registered as to prevent mob cap spawning issues.
[24May2026 22:28:35.659] [Server thread/WARN] [net.neoforged.neoforge.server.ServerLifecycleHooks/]: Detected quark:toretoise that was registered with CREATURE mob category but was added under MONSTER mob category for biomesoplenty:grassland biome! Mobs should be added to biomes under the same mob category that the mob was registered as to prevent mob cap spawning issues.
[24May2026 22:28:35.660] [Server thread/WARN] [net.neoforged.neoforge.server.ServerLifecycleHooks/]: Detected quark:stoneling that was registered with CREATURE mob category but was added under MONSTER mob category for biomesoplenty:gravel_beach biome! Mobs should be added to biomes under the same mob category that the mob was registered as to prevent mob cap spawning issues.
[24May2026 22:28:35.663] [Server thread/WARN] [net.neoforged.neoforge.server.ServerLifecycleHooks/]: Detected quark:toretoise that was registered with CREATURE mob category but was added under MONSTER mob category for biomesoplenty:gravel_beach biome! Mobs should be added to biomes under the same mob category that the mob was registered as to prevent mob cap spawning issues.
[24May2026 22:28:35.664] [Server thread/WARN] [net.neoforged.neoforge.server.ServerLifecycleHooks/]: Detected quark:stoneling that was registered with CREATURE mob category but was added under MONSTER mob category for terralith:gravel_beach biome! Mobs should be added to biomes under the same mob category that the mob was registered as to prevent mob cap spawning issues.
[24May2026 22:28:35.664] [Server thread/WARN] [net.neoforged.neoforge.server.ServerLifecycleHooks/]: Detected quark:toretoise that was registered with CREATURE mob category but was added under MONSTER mob category for terralith:gravel_beach biome! Mobs should be added to biomes under the same mob category that the mob was registered as to prevent mob cap spawning issues.
[24May2026 22:28:35.665] [Server thread/WARN] [net.neoforged.neoforge.server.ServerLifecycleHooks/]: Detected quark:stoneling that was registered with CREATURE mob category but was added under MONSTER mob category for terralith:gravel_desert biome! Mobs should be added to biomes under the same mob category that the mob was registered as to prevent mob cap spawning issues.
[24May2026 22:28:35.665] [Server thread/WARN] [net.neoforged.neoforge.server.ServerLifecycleHooks/]: Detected quark:toretoise that was registered with CREATURE mob category but was added under MONSTER mob category for terralith:gravel_desert biome! Mobs should be added to biomes under the same mob category that the mob was registered as to prevent mob cap spawning issues.
[24May2026 22:28:35.666] [Server thread/WARN] [net.neoforged.neoforge.server.ServerLifecycleHooks/]: Detected quark:stoneling that was registered with CREATURE mob category but was added under MONSTER mob category for minecraft:grove biome! Mobs should be added to biomes under the same mob category that the mob was registered as to prevent mob cap spawning issues.
[24May2026 22:28:35.666] [Server thread/WARN] [net.neoforged.neoforge.server.ServerLifecycleHooks/]: Detected quark:toretoise that was registered with CREATURE mob category but was added under MONSTER mob category for minecraft:grove biome! Mobs should be added to biomes under the same mob category that the mob was registered as to prevent mob cap spawning issues.
[24May2026 22:28:35.667] [Server thread/WARN] [net.neoforged.neoforge.server.ServerLifecycleHooks/]: Detected quark:stoneling that was registered with CREATURE mob category but was added under MONSTER mob category for terralith:haze_mountain biome! Mobs should be added to biomes under the same mob category that the mob was registered as to prevent mob cap spawning issues.
[24May2026 22:28:35.667] [Server thread/WARN] [net.neoforged.neoforge.server.ServerLifecycleHooks/]: Detected quark:toretoise that was registered with CREATURE mob category but was added under MONSTER mob category for terralith:haze_mountain biome! Mobs should be added to biomes under the same mob category that the mob was registered as to prevent mob cap spawning issues.
[24May2026 22:28:35.668] [Server thread/WARN] [net.neoforged.neoforge.server.ServerLifecycleHooks/]: Detected quark:stoneling that was registered with CREATURE mob category but was added under MONSTER mob category for biomesoplenty:highland biome! Mobs should be added to biomes under the same mob category that the mob was registered as to prevent mob cap spawning issues.
[24May2026 22:28:35.668] [Server thread/WARN] [net.neoforged.neoforge.server.ServerLifecycleHooks/]: Detected quark:toretoise that was registered with CREATURE mob category but was added under MONSTER mob category for biomesoplenty:highland biome! Mobs should be added to biomes under the same mob category that the mob was registered as to prevent mob cap spawning issues.
[24May2026 22:28:35.669] [Server thread/WARN] [net.neoforged.neoforge.server.ServerLifecycleHooks/]: Detected quark:stoneling that was registered with CREATURE mob category but was added under MONSTER mob category for terralith:highlands biome! Mobs should be added to biomes under the same mob category that the mob was registered as to prevent mob cap spawning issues.
[24May2026 22:28:35.669] [Server thread/WARN] [net.neoforged.neoforge.server.ServerLifecycleHooks/]: Detected quark:toretoise that was registered with CREATURE mob category but was added under MONSTER mob category for terralith:highlands biome! Mobs should be added to biomes under the same mob category that the mob was registered as to prevent mob cap spawning issues.
[24May2026 22:28:35.670] [Server thread/WARN] [net.neoforged.neoforge.server.ServerLifecycleHooks/]: Detected quark:stoneling that was registered with CREATURE mob category but was added under MONSTER mob category for twilightforest:highlands biome! Mobs should be added to biomes under the same mob category that the mob was registered as to prevent mob cap spawning issues.
[24May2026 22:28:35.670] [Server thread/WARN] [net.neoforged.neoforge.server.ServerLifecycleHooks/]: Detected quark:toretoise that was registered with CREATURE mob category but was added under MONSTER mob category for twilightforest:highlands biome! Mobs should be added to biomes under the same mob category that the mob was registered as to prevent mob cap spawning issues.
[24May2026 22:28:35.671] [Server thread/WARN] [net.neoforged.neoforge.server.ServerLifecycleHooks/]: Detected quark:stoneling that was registered with CREATURE mob category but was added under MONSTER mob category for twilightforest:highlands_underground biome! Mobs should be added to biomes under the same mob category that the mob was registered as to prevent mob cap spawning issues.
[24May2026 22:28:35.671] [Server thread/WARN] [net.neoforged.neoforge.server.ServerLifecycleHooks/]: Detected quark:toretoise that was registered with CREATURE mob category but was added under MONSTER mob category for twilightforest:highlands_underground biome! Mobs should be added to biomes under the same mob category that the mob was registered as to prevent mob cap spawning issues.
[24May2026 22:28:35.671] [Server thread/WARN] [net.neoforged.neoforge.server.ServerLifecycleHooks/]: Detected quark:stoneling that was registered with CREATURE mob category but was added under MONSTER mob category for terralith:hot_shrubland biome! Mobs should be added to biomes under the same mob category that the mob was registered as to prevent mob cap spawning issues.
[24May2026 22:28:35.672] [Server thread/WARN] [net.neoforged.neoforge.server.ServerLifecycleHooks/]: Detected quark:toretoise that was registered with CREATURE mob category but was added under MONSTER mob category for terralith:hot_shrubland biome! Mobs should be added to biomes under the same mob category that the mob was registered as to prevent mob cap spawning issues.
[24May2026 22:28:35.672] [Server thread/WARN] [net.neoforged.neoforge.server.ServerLifecycleHooks/]: Detected quark:stoneling that was registered with CREATURE mob category but was added under MONSTER mob category for biomesoplenty:hot_springs biome! Mobs should be added to biomes under the same mob category that the mob was registered as to prevent mob cap spawning issues.
[24May2026 22:28:35.672] [Server thread/WARN] [net.neoforged.neoforge.server.ServerLifecycleHooks/]: Detected quark:toretoise that was registered with CREATURE mob category but was added under MONSTER mob category for biomesoplenty:hot_springs biome! Mobs should be added to biomes under the same mob category that the mob was registered as to prevent mob cap spawning issues.
[24May2026 22:28:35.673] [Server thread/WARN] [net.neoforged.neoforge.server.ServerLifecycleHooks/]: Detected quark:stoneling that was registered with CREATURE mob category but was added under MONSTER mob category for terralith:ice_marsh biome! Mobs should be added to biomes under the same mob category that the mob was registered as to prevent mob cap spawning issues.
[24May2026 22:28:35.674] [Server thread/WARN] [net.neoforged.neoforge.server.ServerLifecycleHooks/]: Detected quark:toretoise that was registered with CREATURE mob category but was added under MONSTER mob category for terralith:ice_marsh biome! Mobs should be added to biomes under the same mob category that the mob was registered as to prevent mob cap spawning issues.
[24May2026 22:28:35.674] [Server thread/WARN] [net.neoforged.neoforge.server.ServerLifecycleHooks/]: Detected quark:stoneling that was registered with CREATURE mob category but was added under MONSTER mob category for minecraft:ice_spikes biome! Mobs should be added to biomes under the same mob category that the mob was registered as to prevent mob cap spawning issues.
[24May2026 22:28:35.674] [Server thread/WARN] [net.neoforged.neoforge.server.ServerLifecycleHooks/]: Detected quark:toretoise that was registered with CREATURE mob category but was added under MONSTER mob category for minecraft:ice_spikes biome! Mobs should be added to biomes under the same mob category that the mob was registered as to prevent mob cap spawning issues.
[24May2026 22:28:35.675] [Server thread/WARN] [net.neoforged.neoforge.server.ServerLifecycleHooks/]: Detected quark:stoneling that was registered with CREATURE mob category but was added under MONSTER mob category for biomesoplenty:jacaranda_glade biome! Mobs should be added to biomes under the same mob category that the mob was registered as to prevent mob cap spawning issues.
[24May2026 22:28:35.675] [Server thread/WARN] [net.neoforged.neoforge.server.ServerLifecycleHooks/]: Detected quark:toretoise that was registered with CREATURE mob category but was added under MONSTER mob category for biomesoplenty:jacaranda_glade biome! Mobs should be added to biomes under the same mob category that the mob was registered as to prevent mob cap spawning issues.
[24May2026 22:28:35.676] [Server thread/WARN] [net.neoforged.neoforge.server.ServerLifecycleHooks/]: Detected quark:stoneling that was registered with CREATURE mob category but was added under MONSTER mob category for biomesoplenty:jade_cliffs biome! Mobs should be added to biomes under the same mob category that the mob was registered as to prevent mob cap spawning issues.
[24May2026 22:28:35.676] [Server thread/WARN] [net.neoforged.neoforge.server.ServerLifecycleHooks/]: Detected quark:toretoise that was registered with CREATURE mob category but was added under MONSTER mob category for biomesoplenty:jade_cliffs biome! Mobs should be added to biomes under the same mob category that the mob was registered as to prevent mob cap spawning issues.
[24May2026 22:28:35.677] [Server thread/WARN] [net.neoforged.neoforge.server.ServerLifecycleHooks/]: Detected quark:stoneling that was registered with CREATURE mob category but was added under MONSTER mob category for minecraft:jagged_peaks biome! Mobs should be added to biomes under the same mob category that the mob was registered as to prevent mob cap spawning issues.
[24May2026 22:28:35.677] [Server thread/WARN] [net.neoforged.neoforge.server.ServerLifecycleHooks/]: Detected quark:toretoise that was registered with CREATURE mob category but was added under MONSTER mob category for minecraft:jagged_peaks biome! Mobs should be added to biomes under the same mob category that the mob was registered as to prevent mob cap spawning issues.
[24May2026 22:28:35.678] [Server thread/WARN] [net.neoforged.neoforge.server.ServerLifecycleHooks/]: Detected quark:stoneling that was registered with CREATURE mob category but was added under MONSTER mob category for minecraft:jungle biome! Mobs should be added to biomes under the same mob category that the mob was registered as to prevent mob cap spawning issues.
[24May2026 22:28:35.678] [Server thread/WARN] [net.neoforged.neoforge.server.ServerLifecycleHooks/]: Detected quark:toretoise that was registered with CREATURE mob category but was added under MONSTER mob category for minecraft:jungle biome! Mobs should be added to biomes under the same mob category that the mob was registered as to prevent mob cap spawning issues.
[24May2026 22:28:35.679] [Server thread/WARN] [net.neoforged.neoforge.server.ServerLifecycleHooks/]: Detected quark:stoneling that was registered with CREATURE mob category but was added under MONSTER mob category for terralith:jungle_mountains biome! Mobs should be added to biomes under the same mob category that the mob was registered as to prevent mob cap spawning issues.
[24May2026 22:28:35.679] [Server thread/WARN] [net.neoforged.neoforge.server.ServerLifecycleHooks/]: Detected quark:toretoise that was registered with CREATURE mob category but was added under MONSTER mob category for terralith:jungle_mountains biome! Mobs should be added to biomes under the same mob category that the mob was registered as to prevent mob cap spawning issues.
[24May2026 22:28:35.679] [Server thread/WARN] [net.neoforged.neoforge.server.ServerLifecycleHooks/]: Detected quark:stoneling that was registered with CREATURE mob category but was added under MONSTER mob category for twilightforest:lake biome! Mobs should be added to biomes under the same mob category that the mob was registered as to prevent mob cap spawning issues.
[24May2026 22:28:35.680] [Server thread/WARN] [net.neoforged.neoforge.server.ServerLifecycleHooks/]: Detected quark:toretoise that was registered with CREATURE mob category but was added under MONSTER mob category for twilightforest:lake biome! Mobs should be added to biomes under the same mob category that the mob was registered as to prevent mob cap spawning issues.
[24May2026 22:28:35.681] [Server thread/WARN] [net.neoforged.neoforge.server.ServerLifecycleHooks/]: Detected quark:stoneling that was registered with CREATURE mob category but was added under MONSTER mob category for biomesoplenty:lavender_field biome! Mobs should be added to biomes under the same mob category that the mob was registered as to prevent mob cap spawning issues.
[24May2026 22:28:35.681] [Server thread/WARN] [net.neoforged.neoforge.server.ServerLifecycleHooks/]: Detected quark:toretoise that was registered with CREATURE mob category but was added under MONSTER mob category for biomesoplenty:lavender_field biome! Mobs should be added to biomes under the same mob category that the mob was registered as to prevent mob cap spawning issues.
[24May2026 22:28:35.681] [Server thread/WARN] [net.neoforged.neoforge.server.ServerLifecycleHooks/]: Detected quark:stoneling that was registered with CREATURE mob category but was added under MONSTER mob category for terralith:lavender_forest biome! Mobs should be added to biomes under the same mob category that the mob was registered as to prevent mob cap spawning issues.
[24May2026 22:28:35.682] [Server thread/WARN] [net.neoforged.neoforge.server.ServerLifecycleHooks/]: Detected quark:toretoise that was registered with CREATURE mob category but was added under MONSTER mob category for terralith:lavender_forest biome! Mobs should be added to biomes under the same mob category that the mob was registered as to prevent mob cap spawning issues.
[24May2026 22:28:35.682] [Server thread/WARN] [net.neoforged.neoforge.server.ServerLifecycleHooks/]: Detected quark:stoneling that was registered with CREATURE mob category but was added under MONSTER mob category for terralith:lavender_valley biome! Mobs should be added to biomes under the same mob category that the mob was registered as to prevent mob cap spawning issues.
[24May2026 22:28:35.683] [Server thread/WARN] [net.neoforged.neoforge.server.ServerLifecycleHooks/]: Detected quark:toretoise that was registered with CREATURE mob category but was added under MONSTER mob category for terralith:lavender_valley biome! Mobs should be added to biomes under the same mob category that the mob was registered as to prevent mob cap spawning issues.
[24May2026 22:28:35.684] [Server thread/WARN] [net.neoforged.neoforge.server.ServerLifecycleHooks/]: Detected quark:stoneling that was registered with CREATURE mob category but was added under MONSTER mob category for minecraft:lukewarm_ocean biome! Mobs should be added to biomes under the same mob category that the mob was registered as to prevent mob cap spawning issues.
[24May2026 22:28:35.684] [Server thread/WARN] [net.neoforged.neoforge.server.ServerLifecycleHooks/]: Detected quark:toretoise that was registered with CREATURE mob category but was added under MONSTER mob category for minecraft:lukewarm_ocean biome! Mobs should be added to biomes under the same mob category that the mob was registered as to prevent mob cap spawning issues.
[24May2026 22:28:35.684] [Server thread/WARN] [net.neoforged.neoforge.server.ServerLifecycleHooks/]: Detected quark:stoneling that was registered with CREATURE mob category but was added under MONSTER mob category for minecraft:lush_caves biome! Mobs should be added to biomes under the same mob category that the mob was registered as to prevent mob cap spawning issues.
[24May2026 22:28:35.685] [Server thread/WARN] [net.neoforged.neoforge.server.ServerLifecycleHooks/]: Detected quark:toretoise that was registered with CREATURE mob category but was added under MONSTER mob category for minecraft:lush_caves biome! Mobs should be added to biomes under the same mob category that the mob was registered as to prevent mob cap spawning issues.
[24May2026 22:28:35.685] [Server thread/WARN] [net.neoforged.neoforge.server.ServerLifecycleHooks/]: Detected quark:stoneling that was registered with CREATURE mob category but was added under MONSTER mob category for biomesoplenty:lush_desert biome! Mobs should be added to biomes under the same mob category that the mob was registered as to prevent mob cap spawning issues.
[24May2026 22:28:35.685] [Server thread/WARN] [net.neoforged.neoforge.server.ServerLifecycleHooks/]: Detected quark:toretoise that was registered with CREATURE mob category but was added under MONSTER mob category for biomesoplenty:lush_desert biome! Mobs should be added to biomes under the same mob category that the mob was registered as to prevent mob cap spawning issues.
[24May2026 22:28:35.686] [Server thread/WARN] [net.neoforged.neoforge.server.ServerLifecycleHooks/]: Detected quark:stoneling that was registered with CREATURE mob category but was added under MONSTER mob category for terralith:lush_desert biome! Mobs should be added to biomes under the same mob category that the mob was registered as to prevent mob cap spawning issues.
[24May2026 22:28:35.686] [Server thread/WARN] [net.neoforged.neoforge.server.ServerLifecycleHooks/]: Detected quark:toretoise that was registered with CREATURE mob category but was added under MONSTER mob category for terralith:lush_desert biome! Mobs should be added to biomes under the same mob category that the mob was registered as to prevent mob cap spawning issues.
[24May2026 22:28:35.687] [Server thread/WARN] [net.neoforged.neoforge.server.ServerLifecycleHooks/]: Detected quark:stoneling that was registered with CREATURE mob category but was added under MONSTER mob category for biomesoplenty:lush_savanna biome! Mobs should be added to biomes under the same mob category that the mob was registered as to prevent mob cap spawning issues.
[24May2026 22:28:35.688] [Server thread/WARN] [net.neoforged.neoforge.server.ServerLifecycleHooks/]: Detected quark:toretoise that was registered with CREATURE mob category but was added under MONSTER mob category for biomesoplenty:lush_savanna biome! Mobs should be added to biomes under the same mob category that the mob was registered as to prevent mob cap spawning issues.
[24May2026 22:28:35.688] [Server thread/WARN] [net.neoforged.neoforge.server.ServerLifecycleHooks/]: Detected quark:stoneling that was registered with CREATURE mob category but was added under MONSTER mob category for terralith:lush_valley biome! Mobs should be added to biomes under the same mob category that the mob was registered as to prevent mob cap spawning issues.
[24May2026 22:28:35.688] [Server thread/WARN] [net.neoforged.neoforge.server.ServerLifecycleHooks/]: Detected quark:toretoise that was registered with CREATURE mob category but was added under MONSTER mob category for terralith:lush_valley biome! Mobs should be added to biomes under the same mob category that the mob was registered as to prevent mob cap spawning issues.
[24May2026 22:28:35.689] [Server thread/WARN] [net.neoforged.neoforge.server.ServerLifecycleHooks/]: Detected quark:stoneling that was registered with CREATURE mob category but was added under MONSTER mob category for minecraft:mangrove_swamp biome! Mobs should be added to biomes under the same mob category that the mob was registered as to prevent mob cap spawning issues.
[24May2026 22:28:35.689] [Server thread/WARN] [net.neoforged.neoforge.server.ServerLifecycleHooks/]: Detected quark:toretoise that was registered with CREATURE mob category but was added under MONSTER mob category for minecraft:mangrove_swamp biome! Mobs should be added to biomes under the same mob category that the mob was registered as to prevent mob cap spawning issues.
[24May2026 22:28:35.690] [Server thread/WARN] [net.neoforged.neoforge.server.ServerLifecycleHooks/]: Detected quark:stoneling that was registered with CREATURE mob category but was added under MONSTER mob category for biomesoplenty:maple_woods biome! Mobs should be added to biomes under the same mob category that the mob was registered as to prevent mob cap spawning issues.
[24May2026 22:28:35.690] [Server thread/WARN] [net.neoforged.neoforge.server.ServerLifecycleHooks/]: Detected quark:toretoise that was registered with CREATURE mob category but was added under MONSTER mob category for biomesoplenty:maple_woods biome! Mobs should be added to biomes under the same mob category that the mob was registered as to prevent mob cap spawning issues.
[24May2026 22:28:35.691] [Server thread/WARN] [net.neoforged.neoforge.server.ServerLifecycleHooks/]: Detected quark:stoneling that was registered with CREATURE mob category but was added under MONSTER mob category for biomesoplenty:marsh biome! Mobs should be added to biomes under the same mob category that the mob was registered as to prevent mob cap spawning issues.
[24May2026 22:28:35.691] [Server thread/WARN] [net.neoforged.neoforge.server.ServerLifecycleHooks/]: Detected quark:toretoise that was registered with CREATURE mob category but was added under MONSTER mob category for biomesoplenty:marsh biome! Mobs should be added to biomes under the same mob category that the mob was registered as to prevent mob cap spawning issues.
[24May2026 22:28:35.692] [Server thread/WARN] [net.neoforged.neoforge.server.ServerLifecycleHooks/]: Detected quark:stoneling that was registered with CREATURE mob category but was added under MONSTER mob category for minecraft:meadow biome! Mobs should be added to biomes under the same mob category that the mob was registered as to prevent mob cap spawning issues.
[24May2026 22:28:35.692] [Server thread/WARN] [net.neoforged.neoforge.server.ServerLifecycleHooks/]: Detected quark:toretoise that was registered with CREATURE mob category but was added under MONSTER mob category for minecraft:meadow biome! Mobs should be added to biomes under the same mob category that the mob was registered as to prevent mob cap spawning issues.
[24May2026 22:28:35.693] [Server thread/WARN] [net.neoforged.neoforge.server.ServerLifecycleHooks/]: Detected quark:stoneling that was registered with CREATURE mob category but was added under MONSTER mob category for biomesoplenty:mediterranean_forest biome! Mobs should be added to biomes under the same mob category that the mob was registered as to prevent mob cap spawning issues.
[24May2026 22:28:35.693] [Server thread/WARN] [net.neoforged.neoforge.server.ServerLifecycleHooks/]: Detected quark:toretoise that was registered with CREATURE mob category but was added under MONSTER mob category for biomesoplenty:mediterranean_forest biome! Mobs should be added to biomes under the same mob category that the mob was registered as to prevent mob cap spawning issues.
[24May2026 22:28:35.694] [Server thread/WARN] [net.neoforged.neoforge.server.ServerLifecycleHooks/]: Detected quark:stoneling that was registered with CREATURE mob category but was added under MONSTER mob category for terralith:mirage_isles biome! Mobs should be added to biomes under the same mob category that the mob was registered as to prevent mob cap spawning issues.
[24May2026 22:28:35.694] [Server thread/WARN] [net.neoforged.neoforge.server.ServerLifecycleHooks/]: Detected quark:toretoise that was registered with CREATURE mob category but was added under MONSTER mob category for terralith:mirage_isles biome! Mobs should be added to biomes under the same mob category that the mob was registered as to prevent mob cap spawning issues.
[24May2026 22:28:35.695] [Server thread/WARN] [net.neoforged.neoforge.server.ServerLifecycleHooks/]: Detected quark:stoneling that was registered with CREATURE mob category but was added under MONSTER mob category for terralith:moonlight_grove biome! Mobs should be added to biomes under the same mob category that the mob was registered as to prevent mob cap spawning issues.
[24May2026 22:28:35.695] [Server thread/WARN] [net.neoforged.neoforge.server.ServerLifecycleHooks/]: Detected quark:toretoise that was registered with CREATURE mob category but was added under MONSTER mob category for terralith:moonlight_grove biome! Mobs should be added to biomes under the same mob category that the mob was registered as to prevent mob cap spawning issues.
[24May2026 22:28:35.696] [Server thread/WARN] [net.neoforged.neoforge.server.ServerLifecycleHooks/]: Detected quark:stoneling that was registered with CREATURE mob category but was added under MONSTER mob category for terralith:moonlight_valley biome! Mobs should be added to biomes under the same mob category that the mob was registered as to prevent mob cap spawning issues.
[24May2026 22:28:35.696] [Server thread/WARN] [net.neoforged.neoforge.server.ServerLifecycleHooks/]: Detected quark:toretoise that was registered with CREATURE mob category but was added under MONSTER mob category for terralith:moonlight_valley biome! Mobs should be added to biomes under the same mob category that the mob was registered as to prevent mob cap spawning issues.
[24May2026 22:28:35.697] [Server thread/WARN] [net.neoforged.neoforge.server.ServerLifecycleHooks/]: Detected quark:stoneling that was registered with CREATURE mob category but was added under MONSTER mob category for biomesoplenty:moor biome! Mobs should be added to biomes under the same mob category that the mob was registered as to prevent mob cap spawning issues.
[24May2026 22:28:35.697] [Server thread/WARN] [net.neoforged.neoforge.server.ServerLifecycleHooks/]: Detected quark:toretoise that was registered with CREATURE mob category but was added under MONSTER mob category for biomesoplenty:moor biome! Mobs should be added to biomes under the same mob category that the mob was registered as to prevent mob cap spawning issues.
[24May2026 22:28:35.697] [Server thread/WARN] [net.neoforged.neoforge.server.ServerLifecycleHooks/]: Detected quark:stoneling that was registered with CREATURE mob category but was added under MONSTER mob category for minecraft:mushroom_fields biome! Mobs should be added to biomes under the same mob category that the mob was registered as to prevent mob cap spawning issues.
[24May2026 22:28:35.698] [Server thread/WARN] [net.neoforged.neoforge.server.ServerLifecycleHooks/]: Detected quark:toretoise that was registered with CREATURE mob category but was added under MONSTER mob category for minecraft:mushroom_fields biome! Mobs should be added to biomes under the same mob category that the mob was registered as to prevent mob cap spawning issues.
[24May2026 22:28:35.698] [Server thread/WARN] [net.neoforged.neoforge.server.ServerLifecycleHooks/]: Detected quark:stoneling that was registered with CREATURE mob category but was added under MONSTER mob category for twilightforest:mushroom_forest biome! Mobs should be added to biomes under the same mob category that the mob was registered as to prevent mob cap spawning issues.
[24May2026 22:28:35.698] [Server thread/WARN] [net.neoforged.neoforge.server.ServerLifecycleHooks/]: Detected quark:toretoise that was registered with CREATURE mob category but was added under MONSTER mob category for twilightforest:mushroom_forest biome! Mobs should be added to biomes under the same mob category that the mob was registered as to prevent mob cap spawning issues.
[24May2026 22:28:35.699] [Server thread/WARN] [net.neoforged.neoforge.server.ServerLifecycleHooks/]: Detected quark:stoneling that was registered with CREATURE mob category but was added under MONSTER mob category for biomesoplenty:muskeg biome! Mobs should be added to biomes under the same mob category that the mob was registered as to prevent mob cap spawning issues.
[24May2026 22:28:35.699] [Server thread/WARN] [net.neoforged.neoforge.server.ServerLifecycleHooks/]: Detected quark:toretoise that was registered with CREATURE mob category but was added under MONSTER mob category for biomesoplenty:muskeg biome! Mobs should be added to biomes under the same mob category that the mob was registered as to prevent mob cap spawning issues.
[24May2026 22:28:35.701] [Server thread/WARN] [net.neoforged.neoforge.server.ServerLifecycleHooks/]: Detected quark:stoneling that was registered with CREATURE mob category but was added under MONSTER mob category for biomesoplenty:mystic_grove biome! Mobs should be added to biomes under the same mob category that the mob was registered as to prevent mob cap spawning issues.
[24May2026 22:28:35.701] [Server thread/WARN] [net.neoforged.neoforge.server.ServerLifecycleHooks/]: Detected quark:toretoise that was registered with CREATURE mob category but was added under MONSTER mob category for biomesoplenty:mystic_grove biome! Mobs should be added to biomes under the same mob category that the mob was registered as to prevent mob cap spawning issues.
[24May2026 22:28:35.702] [Server thread/WARN] [net.neoforged.neoforge.server.ServerLifecycleHooks/]: Detected quark:stoneling that was registered with CREATURE mob category but was added under MONSTER mob category for lotmcraft:nature_biome biome! Mobs should be added to biomes under the same mob category that the mob was registered as to prevent mob cap spawning issues.
[24May2026 22:28:35.702] [Server thread/WARN] [net.neoforged.neoforge.server.ServerLifecycleHooks/]: Detected quark:toretoise that was registered with CREATURE mob category but was added under MONSTER mob category for lotmcraft:nature_biome biome! Mobs should be added to biomes under the same mob category that the mob was registered as to prevent mob cap spawning issues.
[24May2026 22:28:35.703] [Server thread/WARN] [net.neoforged.neoforge.server.ServerLifecycleHooks/]: Detected quark:foxhound that was registered with CREATURE mob category but was added under MONSTER mob category for minecraft:nether_wastes biome! Mobs should be added to biomes under the same mob category that the mob was registered as to prevent mob cap spawning issues.
[24May2026 22:28:35.703] [Server thread/WARN] [net.neoforged.neoforge.server.ServerLifecycleHooks/]: Detected quark:stoneling that was registered with CREATURE mob category but was added under MONSTER mob category for twilightforest:oak_savannah biome! Mobs should be added to biomes under the same mob category that the mob was registered as to prevent mob cap spawning issues.
[24May2026 22:28:35.704] [Server thread/WARN] [net.neoforged.neoforge.server.ServerLifecycleHooks/]: Detected quark:toretoise that was registered with CREATURE mob category but was added under MONSTER mob category for twilightforest:oak_savannah biome! Mobs should be added to biomes under the same mob category that the mob was registered as to prevent mob cap spawning issues.
[24May2026 22:28:35.704] [Server thread/WARN] [net.neoforged.neoforge.server.ServerLifecycleHooks/]: Detected quark:stoneling that was registered with CREATURE mob category but was added under MONSTER mob category for minecraft:ocean biome! Mobs should be added to biomes under the same mob category that the mob was registered as to prevent mob cap spawning issues.
[24May2026 22:28:35.705] [Server thread/WARN] [net.neoforged.neoforge.server.ServerLifecycleHooks/]: Detected quark:toretoise that was registered with CREATURE mob category but was added under MONSTER mob category for minecraft:ocean biome! Mobs should be added to biomes under the same mob category that the mob was registered as to prevent mob cap spawning issues.
[24May2026 22:28:35.705] [Server thread/WARN] [net.neoforged.neoforge.server.ServerLifecycleHooks/]: Detected quark:stoneling that was registered with CREATURE mob category but was added under MONSTER mob category for minecraft:old_growth_birch_forest biome! Mobs should be added to biomes under the same mob category that the mob was registered as to prevent mob cap spawning issues.
[24May2026 22:28:35.706] [Server thread/WARN] [net.neoforged.neoforge.server.ServerLifecycleHooks/]: Detected quark:toretoise that was registered with CREATURE mob category but was added under MONSTER mob category for minecraft:old_growth_birch_forest biome! Mobs should be added to biomes under the same mob category that the mob was registered as to prevent mob cap spawning issues.
[24May2026 22:28:35.706] [Server thread/WARN] [net.neoforged.neoforge.server.ServerLifecycleHooks/]: Detected quark:stoneling that was registered with CREATURE mob category but was added under MONSTER mob category for biomesoplenty:old_growth_dead_forest biome! Mobs should be added to biomes under the same mob category that the mob was registered as to prevent mob cap spawning issues.
[24May2026 22:28:35.707] [Server thread/WARN] [net.neoforged.neoforge.server.ServerLifecycleHooks/]: Detected quark:toretoise that was registered with CREATURE mob category but was added under MONSTER mob category for biomesoplenty:old_growth_dead_forest biome! Mobs should be added to biomes under the same mob category that the mob was registered as to prevent mob cap spawning issues.
[24May2026 22:28:35.707] [Server thread/WARN] [net.neoforged.neoforge.server.ServerLifecycleHooks/]: Detected quark:stoneling that was registered with CREATURE mob category but was added under MONSTER mob category for minecraft:old_growth_pine_taiga biome! Mobs should be added to biomes under the same mob category that the mob was registered as to prevent mob cap spawning issues.
[24May2026 22:28:35.708] [Server thread/WARN] [net.neoforged.neoforge.server.ServerLifecycleHooks/]: Detected quark:toretoise that was registered with CREATURE mob category but was added under MONSTER mob category for minecraft:old_growth_pine_taiga biome! Mobs should be added to biomes under the same mob category that the mob was registered as to prevent mob cap spawning issues.
[24May2026 22:28:35.708] [Server thread/WARN] [net.neoforged.neoforge.server.ServerLifecycleHooks/]: Detected quark:stoneling that was registered with CREATURE mob category but was added under MONSTER mob category for minecraft:old_growth_spruce_taiga biome! Mobs should be added to biomes under the same mob category that the mob was registered as to prevent mob cap spawning issues.
[24May2026 22:28:35.709] [Server thread/WARN] [net.neoforged.neoforge.server.ServerLifecycleHooks/]: Detected quark:toretoise that was registered with CREATURE mob category but was added under MONSTER mob category for minecraft:old_growth_spruce_taiga biome! Mobs should be added to biomes under the same mob category that the mob was registered as to prevent mob cap spawning issues.
[24May2026 22:28:35.709] [Server thread/WARN] [net.neoforged.neoforge.server.ServerLifecycleHooks/]: Detected quark:stoneling that was registered with CREATURE mob category but was added under MONSTER mob category for biomesoplenty:old_growth_woodland biome! Mobs should be added to biomes under the same mob category that the mob was registered as to prevent mob cap spawning issues.
[24May2026 22:28:35.710] [Server thread/WARN] [net.neoforged.neoforge.server.ServerLifecycleHooks/]: Detected quark:toretoise that was registered with CREATURE mob category but was added under MONSTER mob category for biomesoplenty:old_growth_woodland biome! Mobs should be added to biomes under the same mob category that the mob was registered as to prevent mob cap spawning issues.
[24May2026 22:28:35.710] [Server thread/WARN] [net.neoforged.neoforge.server.ServerLifecycleHooks/]: Detected quark:stoneling that was registered with CREATURE mob category but was added under MONSTER mob category for biomesoplenty:ominous_woods biome! Mobs should be added to biomes under the same mob category that the mob was registered as to prevent mob cap spawning issues.
[24May2026 22:28:37.061] [Server thread/WARN] [net.neoforged.neoforge.server.ServerLifecycleHooks/]: Detected quark:toretoise that was registered with CREATURE mob category but was added under MONSTER mob category for biomesoplenty:ominous_woods biome! Mobs should be added to biomes under the same mob category that the mob was registered as to prevent mob cap spawning issues.
[24May2026 22:28:37.063] [Server thread/WARN] [net.neoforged.neoforge.server.ServerLifecycleHooks/]: Detected quark:stoneling that was registered with CREATURE mob category but was added under MONSTER mob category for biomesoplenty:orchard biome! Mobs should be added to biomes under the same mob category that the mob was registered as to prevent mob cap spawning issues.
[24May2026 22:28:37.063] [Server thread/WARN] [net.neoforged.neoforge.server.ServerLifecycleHooks/]: Detected quark:toretoise that was registered with CREATURE mob category but was added under MONSTER mob category for biomesoplenty:orchard biome! Mobs should be added to biomes under the same mob category that the mob was registered as to prevent mob cap spawning issues.
[24May2026 22:28:37.064] [Server thread/WARN] [net.neoforged.neoforge.server.ServerLifecycleHooks/]: Detected quark:stoneling that was registered with CREATURE mob category but was added under MONSTER mob category for terralith:orchid_swamp biome! Mobs should be added to biomes under the same mob category that the mob was registered as to prevent mob cap spawning issues.
[24May2026 22:28:37.064] [Server thread/WARN] [net.neoforged.neoforge.server.ServerLifecycleHooks/]: Detected quark:toretoise that was registered with CREATURE mob category but was added under MONSTER mob category for terralith:orchid_swamp biome! Mobs should be added to biomes under the same mob category that the mob was registered as to prevent mob cap spawning issues.
[24May2026 22:28:37.064] [Server thread/WARN] [net.neoforged.neoforge.server.ServerLifecycleHooks/]: Detected quark:stoneling that was registered with CREATURE mob category but was added under MONSTER mob category for biomesoplenty:origin_valley biome! Mobs should be added to biomes under the same mob category that the mob was registered as to prevent mob cap spawning issues.
[24May2026 22:28:37.065] [Server thread/WARN] [net.neoforged.neoforge.server.ServerLifecycleHooks/]: Detected quark:toretoise that was registered with CREATURE mob category but was added under MONSTER mob category for biomesoplenty:origin_valley biome! Mobs should be added to biomes under the same mob category that the mob was registered as to prevent mob cap spawning issues.
[24May2026 22:28:37.065] [Server thread/WARN] [net.neoforged.neoforge.server.ServerLifecycleHooks/]: Detected quark:stoneling that was registered with CREATURE mob category but was added under MONSTER mob category for biomesoplenty:overgrown_greens biome! Mobs should be added to biomes under the same mob category that the mob was registered as to prevent mob cap spawning issues.
[24May2026 22:28:37.066] [Server thread/WARN] [net.neoforged.neoforge.server.ServerLifecycleHooks/]: Detected quark:toretoise that was registered with CREATURE mob category but was added under MONSTER mob category for biomesoplenty:overgrown_greens biome! Mobs should be added to biomes under the same mob category that the mob was registered as to prevent mob cap spawning issues.
[24May2026 22:28:37.066] [Server thread/WARN] [net.neoforged.neoforge.server.ServerLifecycleHooks/]: Detected quark:stoneling that was registered with CREATURE mob category but was added under MONSTER mob category for terralith:painted_mountains biome! Mobs should be added to biomes under the same mob category that the mob was registered as to prevent mob cap spawning issues.
[24May2026 22:28:37.066] [Server thread/WARN] [net.neoforged.neoforge.server.ServerLifecycleHooks/]: Detected quark:toretoise that was registered with CREATURE mob category but was added under MONSTER mob category for terralith:painted_mountains biome! Mobs should be added to biomes under the same mob category that the mob was registered as to prevent mob cap spawning issues.
[24May2026 22:28:37.067] [Server thread/WARN] [net.neoforged.neoforge.server.ServerLifecycleHooks/]: Detected quark:stoneling that was registered with CREATURE mob category but was added under MONSTER mob category for biomesoplenty:pasture biome! Mobs should be added to biomes under the same mob category that the mob was registered as to prevent mob cap spawning issues.
[24May2026 22:28:37.067] [Server thread/WARN] [net.neoforged.neoforge.server.ServerLifecycleHooks/]: Detected quark:toretoise that was registered with CREATURE mob category but was added under MONSTER mob category for biomesoplenty:pasture biome! Mobs should be added to biomes under the same mob category that the mob was registered as to prevent mob cap spawning issues.
[24May2026 22:28:37.068] [Server thread/WARN] [net.neoforged.neoforge.server.ServerLifecycleHooks/]: Detected quark:stoneling that was registered with CREATURE mob category but was added under MONSTER mob category for minecraft:plains biome! Mobs should be added to biomes under the same mob category that the mob was registered as to prevent mob cap spawning issues.
[24May2026 22:28:37.068] [Server thread/WARN] [net.neoforged.neoforge.server.ServerLifecycleHooks/]: Detected quark:toretoise that was registered with CREATURE mob category but was added under MONSTER mob category for minecraft:plains biome! Mobs should be added to biomes under the same mob category that the mob was registered as to prevent mob cap spawning issues.
[24May2026 22:28:37.069] [Server thread/WARN] [net.neoforged.neoforge.server.ServerLifecycleHooks/]: Detected quark:stoneling that was registered with CREATURE mob category but was added under MONSTER mob category for biomesoplenty:prairie biome! Mobs should be added to biomes under the same mob category that the mob was registered as to prevent mob cap spawning issues.
[24May2026 22:28:37.069] [Server thread/WARN] [net.neoforged.neoforge.server.ServerLifecycleHooks/]: Detected quark:toretoise that was registered with CREATURE mob category but was added under MONSTER mob category for biomesoplenty:prairie biome! Mobs should be added to biomes under the same mob category that the mob was registered as to prevent mob cap spawning issues.
[24May2026 22:28:37.070] [Server thread/WARN] [net.neoforged.neoforge.server.ServerLifecycleHooks/]: Detected quark:stoneling that was registered with CREATURE mob category but was added under MONSTER mob category for biomesoplenty:pumpkin_patch biome! Mobs should be added to biomes under the same mob category that the mob was registered as to prevent mob cap spawning issues.
[24May2026 22:28:37.070] [Server thread/WARN] [net.neoforged.neoforge.server.ServerLifecycleHooks/]: Detected quark:toretoise that was registered with CREATURE mob category but was added under MONSTER mob category for biomesoplenty:pumpkin_patch biome! Mobs should be added to biomes under the same mob category that the mob was registered as to prevent mob cap spawning issues.
[24May2026 22:28:37.070] [Server thread/WARN] [net.neoforged.neoforge.server.ServerLifecycleHooks/]: Detected minecraft:ocelot that was registered with CREATURE mob category but was added under MONSTER mob category for biomesoplenty:rainforest biome! Mobs should be added to biomes under the same mob category that the mob was registered as to prevent mob cap spawning issues.
[24May2026 22:28:37.071] [Server thread/WARN] [net.neoforged.neoforge.server.ServerLifecycleHooks/]: Detected quark:stoneling that was registered with CREATURE mob category but was added under MONSTER mob category for biomesoplenty:rainforest biome! Mobs should be added to biomes under the same mob category that the mob was registered as to prevent mob cap spawning issues.
[24May2026 22:28:37.071] [Server thread/WARN] [net.neoforged.neoforge.server.ServerLifecycleHooks/]: Detected quark:toretoise that was registered with CREATURE mob category but was added under MONSTER mob category for biomesoplenty:rainforest biome! Mobs should be added to biomes under the same mob category that the mob was registered as to prevent mob cap spawning issues.
[24May2026 22:28:37.072] [Server thread/WARN] [net.neoforged.neoforge.server.ServerLifecycleHooks/]: Detected quark:stoneling that was registered with CREATURE mob category but was added under MONSTER mob category for terralith:red_oasis biome! Mobs should be added to biomes under the same mob category that the mob was registered as to prevent mob cap spawning issues.
[24May2026 22:28:37.072] [Server thread/WARN] [net.neoforged.neoforge.server.ServerLifecycleHooks/]: Detected quark:toretoise that was registered with CREATURE mob category but was added under MONSTER mob category for terralith:red_oasis biome! Mobs should be added to biomes under the same mob category that the mob was registered as to prevent mob cap spawning issues.
[24May2026 22:28:37.072] [Server thread/WARN] [net.neoforged.neoforge.server.ServerLifecycleHooks/]: Detected quark:stoneling that was registered with CREATURE mob category but was added under MONSTER mob category for biomesoplenty:redwood_forest biome! Mobs should be added to biomes under the same mob category that the mob was registered as to prevent mob cap spawning issues.
[24May2026 22:28:37.073] [Server thread/WARN] [net.neoforged.neoforge.server.ServerLifecycleHooks/]: Detected quark:toretoise that was registered with CREATURE mob category but was added under MONSTER mob category for biomesoplenty:redwood_forest biome! Mobs should be added to biomes under the same mob category that the mob was registered as to prevent mob cap spawning issues.
[24May2026 22:28:37.073] [Server thread/WARN] [net.neoforged.neoforge.server.ServerLifecycleHooks/]: Detected quark:stoneling that was registered with CREATURE mob category but was added under MONSTER mob category for minecraft:river biome! Mobs should be added to biomes under the same mob category that the mob was registered as to prevent mob cap spawning issues.
[24May2026 22:28:37.073] [Server thread/WARN] [net.neoforged.neoforge.server.ServerLifecycleHooks/]: Detected quark:toretoise that was registered with CREATURE mob category but was added under MONSTER mob category for minecraft:river biome! Mobs should be added to biomes under the same mob category that the mob was registered as to prevent mob cap spawning issues.
[24May2026 22:28:37.074] [Server thread/WARN] [net.neoforged.neoforge.server.ServerLifecycleHooks/]: Detected quark:stoneling that was registered with CREATURE mob category but was added under MONSTER mob category for terralith:rocky_jungle biome! Mobs should be added to biomes under the same mob category that the mob was registered as to prevent mob cap spawning issues.
[24May2026 22:28:37.074] [Server thread/WARN] [net.neoforged.neoforge.server.ServerLifecycleHooks/]: Detected quark:toretoise that was registered with CREATURE mob category but was added under MONSTER mob category for terralith:rocky_jungle biome! Mobs should be added to biomes under the same mob category that the mob was registered as to prevent mob cap spawning issues.
[24May2026 22:28:37.075] [Server thread/WARN] [net.neoforged.neoforge.server.ServerLifecycleHooks/]: Detected quark:stoneling that was registered with CREATURE mob category but was added under MONSTER mob category for terralith:rocky_mountains biome! Mobs should be added to biomes under the same mob category that the mob was registered as to prevent mob cap spawning issues.
[24May2026 22:28:37.075] [Server thread/WARN] [net.neoforged.neoforge.server.ServerLifecycleHooks/]: Detected quark:toretoise that was registered with CREATURE mob category but was added under MONSTER mob category for terralith:rocky_mountains biome! Mobs should be added to biomes under the same mob category that the mob was registered as to prevent mob cap spawning issues.
[24May2026 22:28:37.076] [Server thread/WARN] [net.neoforged.neoforge.server.ServerLifecycleHooks/]: Detected minecraft:ocelot that was registered with CREATURE mob category but was added under MONSTER mob category for biomesoplenty:rocky_rainforest biome! Mobs should be added to biomes under the same mob category that the mob was registered as to prevent mob cap spawning issues.
[24May2026 22:28:37.076] [Server thread/WARN] [net.neoforged.neoforge.server.ServerLifecycleHooks/]: Detected quark:stoneling that was registered with CREATURE mob category but was added under MONSTER mob category for biomesoplenty:rocky_rainforest biome! Mobs should be added to biomes under the same mob category that the mob was registered as to prevent mob cap spawning issues.
[24May2026 22:28:37.076] [Server thread/WARN] [net.neoforged.neoforge.server.ServerLifecycleHooks/]: Detected quark:toretoise that was registered with CREATURE mob category but was added under MONSTER mob category for biomesoplenty:rocky_rainforest biome! Mobs should be added to biomes under the same mob category that the mob was registered as to prevent mob cap spawning issues.
[24May2026 22:28:37.077] [Server thread/WARN] [net.neoforged.neoforge.server.ServerLifecycleHooks/]: Detected quark:stoneling that was registered with CREATURE mob category but was added under MONSTER mob category for biomesoplenty:rocky_shrubland biome! Mobs should be added to biomes under the same mob category that the mob was registered as to prevent mob cap spawning issues.
[24May2026 22:28:37.077] [Server thread/WARN] [net.neoforged.neoforge.server.ServerLifecycleHooks/]: Detected quark:toretoise that was registered with CREATURE mob category but was added under MONSTER mob category for biomesoplenty:rocky_shrubland biome! Mobs should be added to biomes under the same mob category that the mob was registered as to prevent mob cap spawning issues.
[24May2026 22:28:37.077] [Server thread/WARN] [net.neoforged.neoforge.server.ServerLifecycleHooks/]: Detected quark:stoneling that was registered with CREATURE mob category but was added under MONSTER mob category for terralith:rocky_shrubland biome! Mobs should be added to biomes under the same mob category that the mob was registered as to prevent mob cap spawning issues.
[24May2026 22:28:37.077] [Server thread/WARN] [net.neoforged.neoforge.server.ServerLifecycleHooks/]: Detected quark:toretoise that was registered with CREATURE mob category but was added under MONSTER mob category for terralith:rocky_shrubland biome! Mobs should be added to biomes under the same mob category that the mob was registered as to prevent mob cap spawning issues.
[24May2026 22:28:37.078] [Server thread/WARN] [net.neoforged.neoforge.server.ServerLifecycleHooks/]: Detected quark:stoneling that was registered with CREATURE mob category but was added under MONSTER mob category for terralith:sakura_grove biome! Mobs should be added to biomes under the same mob category that the mob was registered as to prevent mob cap spawning issues.
[24May2026 22:28:37.078] [Server thread/WARN] [net.neoforged.neoforge.server.ServerLifecycleHooks/]: Detected quark:toretoise that was registered with CREATURE mob category but was added under MONSTER mob category for terralith:sakura_grove biome! Mobs should be added to biomes under the same mob category that the mob was registered as to prevent mob cap spawning issues.
[24May2026 22:28:37.079] [Server thread/WARN] [net.neoforged.neoforge.server.ServerLifecycleHooks/]: Detected quark:stoneling that was registered with CREATURE mob category but was added under MONSTER mob category for terralith:sakura_valley biome! Mobs should be added to biomes under the same mob category that the mob was registered as to prevent mob cap spawning issues.
[24May2026 22:28:37.079] [Server thread/WARN] [net.neoforged.neoforge.server.ServerLifecycleHooks/]: Detected quark:toretoise that was registered with CREATURE mob category but was added under MONSTER mob category for terralith:sakura_valley biome! Mobs should be added to biomes under the same mob category that the mob was registered as to prevent mob cap spawning issues.
[24May2026 22:28:37.079] [Server thread/WARN] [net.neoforged.neoforge.server.ServerLifecycleHooks/]: Detected quark:stoneling that was registered with CREATURE mob category but was added under MONSTER mob category for terralith:sandstone_valley biome! Mobs should be added to biomes under the same mob category that the mob was registered as to prevent mob cap spawning issues.
[24May2026 22:28:37.080] [Server thread/WARN] [net.neoforged.neoforge.server.ServerLifecycleHooks/]: Detected quark:toretoise that was registered with CREATURE mob category but was added under MONSTER mob category for terralith:sandstone_valley biome! Mobs should be added to biomes under the same mob category that the mob was registered as to prevent mob cap spawning issues.
[24May2026 22:28:37.080] [Server thread/WARN] [net.neoforged.neoforge.server.ServerLifecycleHooks/]: Detected quark:stoneling that was registered with CREATURE mob category but was added under MONSTER mob category for minecraft:savanna biome! Mobs should be added to biomes under the same mob category that the mob was registered as to prevent mob cap spawning issues.
[24May2026 22:28:37.080] [Server thread/WARN] [net.neoforged.neoforge.server.ServerLifecycleHooks/]: Detected quark:toretoise that was registered with CREATURE mob category but was added under MONSTER mob category for minecraft:savanna biome! Mobs should be added to biomes under the same mob category that the mob was registered as to prevent mob cap spawning issues.
[24May2026 22:28:37.081] [Server thread/WARN] [net.neoforged.neoforge.server.ServerLifecycleHooks/]: Detected quark:stoneling that was registered with CREATURE mob category but was added under MONSTER mob category for terralith:savanna_badlands biome! Mobs should be added to biomes under the same mob category that the mob was registered as to prevent mob cap spawning issues.
[24May2026 22:28:37.081] [Server thread/WARN] [net.neoforged.neoforge.server.ServerLifecycleHooks/]: Detected quark:toretoise that was registered with CREATURE mob category but was added under MONSTER mob category for terralith:savanna_badlands biome! Mobs should be added to biomes under the same mob category that the mob was registered as to prevent mob cap spawning issues.
[24May2026 22:28:37.082] [Server thread/WARN] [net.neoforged.neoforge.server.ServerLifecycleHooks/]: Detected quark:stoneling that was registered with CREATURE mob category but was added under MONSTER mob category for minecraft:savanna_plateau biome! Mobs should be added to biomes under the same mob category that the mob was registered as to prevent mob cap spawning issues.
[24May2026 22:28:37.082] [Server thread/WARN] [net.neoforged.neoforge.server.ServerLifecycleHooks/]: Detected quark:toretoise that was registered with CREATURE mob category but was added under MONSTER mob category for minecraft:savanna_plateau biome! Mobs should be added to biomes under the same mob category that the mob was registered as to prevent mob cap spawning issues.
[24May2026 22:28:37.083] [Server thread/WARN] [net.neoforged.neoforge.server.ServerLifecycleHooks/]: Detected quark:stoneling that was registered with CREATURE mob category but was added under MONSTER mob category for terralith:savanna_slopes biome! Mobs should be added to biomes under the same mob category that the mob was registered as to prevent mob cap spawning issues.
[24May2026 22:28:37.083] [Server thread/WARN] [net.neoforged.neoforge.server.ServerLifecycleHooks/]: Detected quark:toretoise that was registered with CREATURE mob category but was added under MONSTER mob category for terralith:savanna_slopes biome! Mobs should be added to biomes under the same mob category that the mob was registered as to prevent mob cap spawning issues.
[24May2026 22:28:37.083] [Server thread/WARN] [net.neoforged.neoforge.server.ServerLifecycleHooks/]: Detected quark:stoneling that was registered with CREATURE mob category but was added under MONSTER mob category for terralith:scarlet_mountains biome! Mobs should be added to biomes under the same mob category that the mob was registered as to prevent mob cap spawning issues.
[24May2026 22:28:37.084] [Server thread/WARN] [net.neoforged.neoforge.server.ServerLifecycleHooks/]: Detected quark:toretoise that was registered with CREATURE mob category but was added under MONSTER mob category for terralith:scarlet_mountains biome! Mobs should be added to biomes under the same mob category that the mob was registered as to prevent mob cap spawning issues.
[24May2026 22:28:37.084] [Server thread/WARN] [net.neoforged.neoforge.server.ServerLifecycleHooks/]: Detected quark:stoneling that was registered with CREATURE mob category but was added under MONSTER mob category for biomesoplenty:scrubland biome! Mobs should be added to biomes under the same mob category that the mob was registered as to prevent mob cap spawning issues.
[24May2026 22:28:37.084] [Server thread/WARN] [net.neoforged.neoforge.server.ServerLifecycleHooks/]: Detected quark:toretoise that was registered with CREATURE mob category but was added under MONSTER mob category for biomesoplenty:scrubland biome! Mobs should be added to biomes under the same mob category that the mob was registered as to prevent mob cap spawning issues.
[24May2026 22:28:37.085] [Server thread/WARN] [net.neoforged.neoforge.server.ServerLifecycleHooks/]: Detected quark:stoneling that was registered with CREATURE mob category but was added under MONSTER mob category for biomesoplenty:seasonal_forest biome! Mobs should be added to biomes under the same mob category that the mob was registered as to prevent mob cap spawning issues.
[24May2026 22:28:37.085] [Server thread/WARN] [net.neoforged.neoforge.server.ServerLifecycleHooks/]: Detected quark:toretoise that was registered with CREATURE mob category but was added under MONSTER mob category for biomesoplenty:seasonal_forest biome! Mobs should be added to biomes under the same mob category that the mob was registered as to prevent mob cap spawning issues.
[24May2026 22:28:37.085] [Server thread/WARN] [net.neoforged.neoforge.server.ServerLifecycleHooks/]: Detected quark:stoneling that was registered with CREATURE mob category but was added under MONSTER mob category for lotmcraft:sefirah_castle_biome biome! Mobs should be added to biomes under the same mob category that the mob was registered as to prevent mob cap spawning issues.
[24May2026 22:28:37.085] [Server thread/WARN] [net.neoforged.neoforge.server.ServerLifecycleHooks/]: Detected quark:toretoise that was registered with CREATURE mob category but was added under MONSTER mob category for lotmcraft:sefirah_castle_biome biome! Mobs should be added to biomes under the same mob category that the mob was registered as to prevent mob cap spawning issues.
[24May2026 22:28:37.086] [Server thread/WARN] [net.neoforged.neoforge.server.ServerLifecycleHooks/]: Detected quark:stoneling that was registered with CREATURE mob category but was added under MONSTER mob category for terralith:shield biome! Mobs should be added to biomes under the same mob category that the mob was registered as to prevent mob cap spawning issues.
[24May2026 22:28:37.086] [Server thread/WARN] [net.neoforged.neoforge.server.ServerLifecycleHooks/]: Detected quark:toretoise that was registered with CREATURE mob category but was added under MONSTER mob category for terralith:shield biome! Mobs should be added to biomes under the same mob category that the mob was registered as to prevent mob cap spawning issues.
[24May2026 22:28:37.087] [Server thread/WARN] [net.neoforged.neoforge.server.ServerLifecycleHooks/]: Detected quark:stoneling that was registered with CREATURE mob category but was added under MONSTER mob category for terralith:shield_clearing biome! Mobs should be added to biomes under the same mob category that the mob was registered as to prevent mob cap spawning issues.
[24May2026 22:28:37.087] [Server thread/WARN] [net.neoforged.neoforge.server.ServerLifecycleHooks/]: Detected quark:toretoise that was registered with CREATURE mob category but was added under MONSTER mob category for terralith:shield_clearing biome! Mobs should be added to biomes under the same mob category that the mob was registered as to prevent mob cap spawning issues.
[24May2026 22:28:37.087] [Server thread/WARN] [net.neoforged.neoforge.server.ServerLifecycleHooks/]: Detected quark:stoneling that was registered with CREATURE mob category but was added under MONSTER mob category for biomesoplenty:shrubland biome! Mobs should be added to biomes under the same mob category that the mob was registered as to prevent mob cap spawning issues.
[24May2026 22:28:37.087] [Server thread/WARN] [net.neoforged.neoforge.server.ServerLifecycleHooks/]: Detected quark:toretoise that was registered with CREATURE mob category but was added under MONSTER mob category for biomesoplenty:shrubland biome! Mobs should be added to biomes under the same mob category that the mob was registered as to prevent mob cap spawning issues.
[24May2026 22:28:37.088] [Server thread/WARN] [net.neoforged.neoforge.server.ServerLifecycleHooks/]: Detected quark:stoneling that was registered with CREATURE mob category but was added under MONSTER mob category for terralith:shrubland biome! Mobs should be added to biomes under the same mob category that the mob was registered as to prevent mob cap spawning issues.
[24May2026 22:28:37.088] [Server thread/WARN] [net.neoforged.neoforge.server.ServerLifecycleHooks/]: Detected quark:toretoise that was registered with CREATURE mob category but was added under MONSTER mob category for terralith:shrubland biome! Mobs should be added to biomes under the same mob category that the mob was registered as to prevent mob cap spawning issues.
[24May2026 22:28:37.089] [Server thread/WARN] [net.neoforged.neoforge.server.ServerLifecycleHooks/]: Detected quark:stoneling that was registered with CREATURE mob category but was added under MONSTER mob category for terralith:siberian_grove biome! Mobs should be added to biomes under the same mob category that the mob was registered as to prevent mob cap spawning issues.
[24May2026 22:28:37.089] [Server thread/WARN] [net.neoforged.neoforge.server.ServerLifecycleHooks/]: Detected quark:toretoise that was registered with CREATURE mob category but was added under MONSTER mob category for terralith:siberian_grove biome! Mobs should be added to biomes under the same mob category that the mob was registered as to prevent mob cap spawning issues.
[24May2026 22:28:37.089] [Server thread/WARN] [net.neoforged.neoforge.server.ServerLifecycleHooks/]: Detected quark:stoneling that was registered with CREATURE mob category but was added under MONSTER mob category for terralith:siberian_taiga biome! Mobs should be added to biomes under the same mob category that the mob was registered as to prevent mob cap spawning issues.
[24May2026 22:28:37.090] [Server thread/WARN] [net.neoforged.neoforge.server.ServerLifecycleHooks/]: Detected quark:toretoise that was registered with CREATURE mob category but was added under MONSTER mob category for terralith:siberian_taiga biome! Mobs should be added to biomes under the same mob category that the mob was registered as to prevent mob cap spawning issues.
[24May2026 22:28:37.090] [Server thread/WARN] [net.neoforged.neoforge.server.ServerLifecycleHooks/]: Detected quark:stoneling that was registered with CREATURE mob category but was added under MONSTER mob category for terralith:skylands_autumn biome! Mobs should be added to biomes under the same mob category that the mob was registered as to prevent mob cap spawning issues.
[24May2026 22:28:37.090] [Server thread/WARN] [net.neoforged.neoforge.server.ServerLifecycleHooks/]: Detected quark:toretoise that was registered with CREATURE mob category but was added under MONSTER mob category for terralith:skylands_autumn biome! Mobs should be added to biomes under the same mob category that the mob was registered as to prevent mob cap spawning issues.
[24May2026 22:28:37.091] [Server thread/WARN] [net.neoforged.neoforge.server.ServerLifecycleHooks/]: Detected quark:stoneling that was registered with CREATURE mob category but was added under MONSTER mob category for terralith:skylands_spring biome! Mobs should be added to biomes under the same mob category that the mob was registered as to prevent mob cap spawning issues.
[24May2026 22:28:37.091] [Server thread/WARN] [net.neoforged.neoforge.server.ServerLifecycleHooks/]: Detected quark:toretoise that was registered with CREATURE mob category but was added under MONSTER mob category for terralith:skylands_spring biome! Mobs should be added to biomes under the same mob category that the mob was registered as to prevent mob cap spawning issues.
[24May2026 22:28:37.092] [Server thread/WARN] [net.neoforged.neoforge.server.ServerLifecycleHooks/]: Detected quark:stoneling that was registered with CREATURE mob category but was added under MONSTER mob category for terralith:skylands_summer biome! Mobs should be added to biomes under the same mob category that the mob was registered as to prevent mob cap spawning issues.
[24May2026 22:28:37.092] [Server thread/WARN] [net.neoforged.neoforge.server.ServerLifecycleHooks/]: Detected quark:toretoise that was registered with CREATURE mob category but was added under MONSTER mob category for terralith:skylands_summer biome! Mobs should be added to biomes under the same mob category that the mob was registered as to prevent mob cap spawning issues.
[24May2026 22:28:37.092] [Server thread/WARN] [net.neoforged.neoforge.server.ServerLifecycleHooks/]: Detected quark:stoneling that was registered with CREATURE mob category but was added under MONSTER mob category for terralith:skylands_winter biome! Mobs should be added to biomes under the same mob category that the mob was registered as to prevent mob cap spawning issues.
[24May2026 22:28:37.093] [Server thread/WARN] [net.neoforged.neoforge.server.ServerLifecycleHooks/]: Detected quark:toretoise that was registered with CREATURE mob category but was added under MONSTER mob category for terralith:skylands_winter biome! Mobs should be added to biomes under the same mob category that the mob was registered as to prevent mob cap spawning issues.
[24May2026 22:28:37.093] [Server thread/WARN] [net.neoforged.neoforge.server.ServerLifecycleHooks/]: Detected quark:stoneling that was registered with CREATURE mob category but was added under MONSTER mob category for aether:skyroot_forest biome! Mobs should be added to biomes under the same mob category that the mob was registered as to prevent mob cap spawning issues.
[24May2026 22:28:37.093] [Server thread/WARN] [net.neoforged.neoforge.server.ServerLifecycleHooks/]: Detected quark:toretoise that was registered with CREATURE mob category but was added under MONSTER mob category for aether:skyroot_forest biome! Mobs should be added to biomes under the same mob category that the mob was registered as to prevent mob cap spawning issues.
[24May2026 22:28:37.094] [Server thread/WARN] [net.neoforged.neoforge.server.ServerLifecycleHooks/]: Detected quark:stoneling that was registered with CREATURE mob category but was added under MONSTER mob category for aether:skyroot_grove biome! Mobs should be added to biomes under the same mob category that the mob was registered as to prevent mob cap spawning issues.
[24May2026 22:28:37.094] [Server thread/WARN] [net.neoforged.neoforge.server.ServerLifecycleHooks/]: Detected quark:toretoise that was registered with CREATURE mob category but was added under MONSTER mob category for aether:skyroot_grove biome! Mobs should be added to biomes under the same mob category that the mob was registered as to prevent mob cap spawning issues.
[24May2026 22:28:37.094] [Server thread/WARN] [net.neoforged.neoforge.server.ServerLifecycleHooks/]: Detected quark:stoneling that was registered with CREATURE mob category but was added under MONSTER mob category for aether:skyroot_meadow biome! Mobs should be added to biomes under the same mob category that the mob was registered as to prevent mob cap spawning issues.
[24May2026 22:28:37.094] [Server thread/WARN] [net.neoforged.neoforge.server.ServerLifecycleHooks/]: Detected quark:toretoise that was registered with CREATURE mob category but was added under MONSTER mob category for aether:skyroot_meadow biome! Mobs should be added to biomes under the same mob category that the mob was registered as to prevent mob cap spawning issues.
[24May2026 22:28:37.095] [Server thread/WARN] [net.neoforged.neoforge.server.ServerLifecycleHooks/]: Detected quark:stoneling that was registered with CREATURE mob category but was added under MONSTER mob category for aether:skyroot_woodland biome! Mobs should be added to biomes under the same mob category that the mob was registered as to prevent mob cap spawning issues.
[24May2026 22:28:37.095] [Server thread/WARN] [net.neoforged.neoforge.server.ServerLifecycleHooks/]: Detected quark:toretoise that was registered with CREATURE mob category but was added under MONSTER mob category for aether:skyroot_woodland biome! Mobs should be added to biomes under the same mob category that the mob was registered as to prevent mob cap spawning issues.
[24May2026 22:28:37.096] [Server thread/WARN] [net.neoforged.neoforge.server.ServerLifecycleHooks/]: Detected quark:stoneling that was registered with CREATURE mob category but was added under MONSTER mob category for biomesoplenty:snowblossom_grove biome! Mobs should be added to biomes under the same mob category that the mob was registered as to prevent mob cap spawning issues.
[24May2026 22:28:37.096] [Server thread/WARN] [net.neoforged.neoforge.server.ServerLifecycleHooks/]: Detected quark:toretoise that was registered with CREATURE mob category but was added under MONSTER mob category for biomesoplenty:snowblossom_grove biome! Mobs should be added to biomes under the same mob category that the mob was registered as to prevent mob cap spawning issues.
[24May2026 22:28:37.096] [Server thread/WARN] [net.neoforged.neoforge.server.ServerLifecycleHooks/]: Detected quark:stoneling that was registered with CREATURE mob category but was added under MONSTER mob category for terralith:snowy_badlands biome! Mobs should be added to biomes under the same mob category that the mob was registered as to prevent mob cap spawning issues.
[24May2026 22:28:37.097] [Server thread/WARN] [net.neoforged.neoforge.server.ServerLifecycleHooks/]: Detected quark:toretoise that was registered with CREATURE mob category but was added under MONSTER mob category for terralith:snowy_badlands biome! Mobs should be added to biomes under the same mob category that the mob was registered as to prevent mob cap spawning issues.
[24May2026 22:28:37.097] [Server thread/WARN] [net.neoforged.neoforge.server.ServerLifecycleHooks/]: Detected quark:stoneling that was registered with CREATURE mob category but was added under MONSTER mob category for minecraft:snowy_beach biome! Mobs should be added to biomes under the same mob category that the mob was registered as to prevent mob cap spawning issues.
[24May2026 22:28:37.097] [Server thread/WARN] [net.neoforged.neoforge.server.ServerLifecycleHooks/]: Detected quark:toretoise that was registered with CREATURE mob category but was added under MONSTER mob category for minecraft:snowy_beach biome! Mobs should be added to biomes under the same mob category that the mob was registered as to prevent mob cap spawning issues.
[24May2026 22:28:37.098] [Server thread/WARN] [net.neoforged.neoforge.server.ServerLifecycleHooks/]: Detected quark:stoneling that was registered with CREATURE mob category but was added under MONSTER mob category for terralith:snowy_cherry_grove biome! Mobs should be added to biomes under the same mob category that the mob was registered as to prevent mob cap spawning issues.
[24May2026 22:28:37.098] [Server thread/WARN] [net.neoforged.neoforge.server.ServerLifecycleHooks/]: Detected quark:toretoise that was registered with CREATURE mob category but was added under MONSTER mob category for terralith:snowy_cherry_grove biome! Mobs should be added to biomes under the same mob category that the mob was registered as to prevent mob cap spawning issues.
[24May2026 22:28:37.099] [Server thread/WARN] [net.neoforged.neoforge.server.ServerLifecycleHooks/]: Detected quark:stoneling that was registered with CREATURE mob category but was added under MONSTER mob category for biomesoplenty:snowy_coniferous_forest biome! Mobs should be added to biomes under the same mob category that the mob was registered as to prevent mob cap spawning issues.
[24May2026 22:28:37.099] [Server thread/WARN] [net.neoforged.neoforge.server.ServerLifecycleHooks/]: Detected quark:toretoise that was registered with CREATURE mob category but was added under MONSTER mob category for biomesoplenty:snowy_coniferous_forest biome! Mobs should be added to biomes under the same mob category that the mob was registered as to prevent mob cap spawning issues.
[24May2026 22:28:37.100] [Server thread/WARN] [net.neoforged.neoforge.server.ServerLifecycleHooks/]: Detected quark:stoneling that was registered with CREATURE mob category but was added under MONSTER mob category for biomesoplenty:snowy_fir_clearing biome! Mobs should be added to biomes under the same mob category that the mob was registered as to prevent mob cap spawning issues.
[24May2026 22:28:37.100] [Server thread/WARN] [net.neoforged.neoforge.server.ServerLifecycleHooks/]: Detected quark:toretoise that was registered with CREATURE mob category but was added under MONSTER mob category for biomesoplenty:snowy_fir_clearing biome! Mobs should be added to biomes under the same mob category that the mob was registered as to prevent mob cap spawning issues.
[24May2026 22:28:37.100] [Server thread/WARN] [net.neoforged.neoforge.server.ServerLifecycleHooks/]: Detected quark:stoneling that was registered with CREATURE mob category but was added under MONSTER mob category for twilightforest:snowy_forest biome! Mobs should be added to biomes under the same mob category that the mob was registered as to prevent mob cap spawning issues.
[24May2026 22:28:37.101] [Server thread/WARN] [net.neoforged.neoforge.server.ServerLifecycleHooks/]: Detected quark:toretoise that was registered with CREATURE mob category but was added under MONSTER mob category for twilightforest:snowy_forest biome! Mobs should be added to biomes under the same mob category that the mob was registered as to prevent mob cap spawning issues.
[24May2026 22:28:37.101] [Server thread/WARN] [net.neoforged.neoforge.server.ServerLifecycleHooks/]: Detected quark:stoneling that was registered with CREATURE mob category but was added under MONSTER mob category for terralith:snowy_maple_forest biome! Mobs should be added to biomes under the same mob category that the mob was registered as to prevent mob cap spawning issues.
[24May2026 22:28:37.101] [Server thread/WARN] [net.neoforged.neoforge.server.ServerLifecycleHooks/]: Detected quark:toretoise that was registered with CREATURE mob category but was added under MONSTER mob category for terralith:snowy_maple_forest biome! Mobs should be added to biomes under the same mob category that the mob was registered as to prevent mob cap spawning issues.
[24May2026 22:28:37.102] [Server thread/WARN] [net.neoforged.neoforge.server.ServerLifecycleHooks/]: Detected quark:stoneling that was registered with CREATURE mob category but was added under MONSTER mob category for biomesoplenty:snowy_maple_woods biome! Mobs should be added to biomes under the same mob category that the mob was registered as to prevent mob cap spawning issues.
[24May2026 22:28:37.102] [Server thread/WARN] [net.neoforged.neoforge.server.ServerLifecycleHooks/]: Detected quark:toretoise that was registered with CREATURE mob category but was added under MONSTER mob category for biomesoplenty:snowy_maple_woods biome! Mobs should be added to biomes under the same mob category that the mob was registered as to prevent mob cap spawning issues.
[24May2026 22:28:37.103] [Server thread/WARN] [net.neoforged.neoforge.server.ServerLifecycleHooks/]: Detected quark:stoneling that was registered with CREATURE mob category but was added under MONSTER mob category for minecraft:snowy_plains biome! Mobs should be added to biomes under the same mob category that the mob was registered as to prevent mob cap spawning issues.
[24May2026 22:28:37.103] [Server thread/WARN] [net.neoforged.neoforge.server.ServerLifecycleHooks/]: Detected quark:toretoise that was registered with CREATURE mob category but was added under MONSTER mob category for minecraft:snowy_plains biome! Mobs should be added to biomes under the same mob category that the mob was registered as to prevent mob cap spawning issues.
[24May2026 22:28:37.104] [Server thread/WARN] [net.neoforged.neoforge.server.ServerLifecycleHooks/]: Detected quark:stoneling that was registered with CREATURE mob category but was added under MONSTER mob category for terralith:snowy_shield biome! Mobs should be added to biomes under the same mob category that the mob was registered as to prevent mob cap spawning issues.
[24May2026 22:28:37.104] [Server thread/WARN] [net.neoforged.neoforge.server.ServerLifecycleHooks/]: Detected quark:toretoise that was registered with CREATURE mob category but was added under MONSTER mob category for terralith:snowy_shield biome! Mobs should be added to biomes under the same mob category that the mob was registered as to prevent mob cap spawning issues.
[24May2026 22:28:37.105] [Server thread/WARN] [net.neoforged.neoforge.server.ServerLifecycleHooks/]: Detected quark:stoneling that was registered with CREATURE mob category but was added under MONSTER mob category for minecraft:snowy_slopes biome! Mobs should be added to biomes under the same mob category that the mob was registered as to prevent mob cap spawning issues.
[24May2026 22:28:37.105] [Server thread/WARN] [net.neoforged.neoforge.server.ServerLifecycleHooks/]: Detected quark:toretoise that was registered with CREATURE mob category but was added under MONSTER mob category for minecraft:snowy_slopes biome! Mobs should be added to biomes under the same mob category that the mob was registered as to prevent mob cap spawning issues.
[24May2026 22:28:37.105] [Server thread/WARN] [net.neoforged.neoforge.server.ServerLifecycleHooks/]: Detected quark:stoneling that was registered with CREATURE mob category but was added under MONSTER mob category for minecraft:snowy_taiga biome! Mobs should be added to biomes under the same mob category that the mob was registered as to prevent mob cap spawning issues.
[24May2026 22:28:37.106] [Server thread/WARN] [net.neoforged.neoforge.server.ServerLifecycleHooks/]: Detected quark:toretoise that was registered with CREATURE mob category but was added under MONSTER mob category for minecraft:snowy_taiga biome! Mobs should be added to biomes under the same mob category that the mob was registered as to prevent mob cap spawning issues.
[24May2026 22:28:37.106] [Server thread/WARN] [net.neoforged.neoforge.server.ServerLifecycleHooks/]: Detected quark:foxhound that was registered with CREATURE mob category but was added under MONSTER mob category for minecraft:soul_sand_valley biome! Mobs should be added to biomes under the same mob category that the mob was registered as to prevent mob cap spawning issues.
[24May2026 22:28:37.106] [Server thread/WARN] [net.neoforged.neoforge.server.ServerLifecycleHooks/]: Detected quark:stoneling that was registered with CREATURE mob category but was added under MONSTER mob category for lotmcraft:space_biome biome! Mobs should be added to biomes under the same mob category that the mob was registered as to prevent mob cap spawning issues.
[24May2026 22:28:37.107] [Server thread/WARN] [net.neoforged.neoforge.server.ServerLifecycleHooks/]: Detected quark:toretoise that was registered with CREATURE mob category but was added under MONSTER mob category for lotmcraft:space_biome biome! Mobs should be added to biomes under the same mob category that the mob was registered as to prevent mob cap spawning issues.
[24May2026 22:28:37.107] [Server thread/WARN] [net.neoforged.neoforge.server.ServerLifecycleHooks/]: Detected quark:stoneling that was registered with CREATURE mob category but was added under MONSTER mob category for minecraft:sparse_jungle biome! Mobs should be added to biomes under the same mob category that the mob was registered as to prevent mob cap spawning issues.
[24May2026 22:28:37.107] [Server thread/WARN] [net.neoforged.neoforge.server.ServerLifecycleHooks/]: Detected quark:toretoise that was registered with CREATURE mob category but was added under MONSTER mob category for minecraft:sparse_jungle biome! Mobs should be added to biomes under the same mob category that the mob was registered as to prevent mob cap spawning issues.
[24May2026 22:28:37.108] [Server thread/WARN] [net.neoforged.neoforge.server.ServerLifecycleHooks/]: Detected quark:stoneling that was registered with CREATURE mob category but was added under MONSTER mob category for biomesoplenty:spider_nest biome! Mobs should be added to biomes under the same mob category that the mob was registered as to prevent mob cap spawning issues.
[24May2026 22:28:37.108] [Server thread/WARN] [net.neoforged.neoforge.server.ServerLifecycleHooks/]: Detected quark:toretoise that was registered with CREATURE mob category but was added under MONSTER mob category for biomesoplenty:spider_nest biome! Mobs should be added to biomes under the same mob category that the mob was registered as to prevent mob cap spawning issues.
[24May2026 22:28:37.108] [Server thread/WARN] [net.neoforged.neoforge.server.ServerLifecycleHooks/]: Detected quark:stoneling that was registered with CREATURE mob category but was added under MONSTER mob category for lotmcraft:spirit_crystalline_peaks biome! Mobs should be added to biomes under the same mob category that the mob was registered as to prevent mob cap spawning issues.
[24May2026 22:28:37.108] [Server thread/WARN] [net.neoforged.neoforge.server.ServerLifecycleHooks/]: Detected quark:toretoise that was registered with CREATURE mob category but was added under MONSTER mob category for lotmcraft:spirit_crystalline_peaks biome! Mobs should be added to biomes under the same mob category that the mob was registered as to prevent mob cap spawning issues.
[24May2026 22:28:37.109] [Server thread/WARN] [net.neoforged.neoforge.server.ServerLifecycleHooks/]: Detected quark:stoneling that was registered with CREATURE mob category but was added under MONSTER mob category for lotmcraft:spirit_ember_wastes biome! Mobs should be added to biomes under the same mob category that the mob was registered as to prevent mob cap spawning issues.
[24May2026 22:28:37.109] [Server thread/WARN] [net.neoforged.neoforge.server.ServerLifecycleHooks/]: Detected quark:toretoise that was registered with CREATURE mob category but was added under MONSTER mob category for lotmcraft:spirit_ember_wastes biome! Mobs should be added to biomes under the same mob category that the mob was registered as to prevent mob cap spawning issues.
[24May2026 22:28:37.109] [Server thread/WARN] [net.neoforged.neoforge.server.ServerLifecycleHooks/]: Detected quark:stoneling that was registered with CREATURE mob category but was added under MONSTER mob category for lotmcraft:spirit_fungal_depths biome! Mobs should be added to biomes under the same mob category that the mob was registered as to prevent mob cap spawning issues.
[24May2026 22:28:37.109] [Server thread/WARN] [net.neoforged.neoforge.server.ServerLifecycleHooks/]: Detected quark:toretoise that was registered with CREATURE mob category but was added under MONSTER mob category for lotmcraft:spirit_fungal_depths biome! Mobs should be added to biomes under the same mob category that the mob was registered as to prevent mob cap spawning issues.
[24May2026 22:28:37.110] [Server thread/WARN] [net.neoforged.neoforge.server.ServerLifecycleHooks/]: Detected quark:stoneling that was registered with CREATURE mob category but was added under MONSTER mob category for lotmcraft:spirit_gilded_ruins biome! Mobs should be added to biomes under the same mob category that the mob was registered as to prevent mob cap spawning issues.
[24May2026 22:28:37.110] [Server thread/WARN] [net.neoforged.neoforge.server.ServerLifecycleHooks/]: Detected quark:toretoise that was registered with CREATURE mob category but was added under MONSTER mob category for lotmcraft:spirit_gilded_ruins biome! Mobs should be added to biomes under the same mob category that the mob was registered as to prevent mob cap spawning issues.
[24May2026 22:28:37.110] [Server thread/WARN] [net.neoforged.neoforge.server.ServerLifecycleHooks/]: Detected quark:stoneling that was registered with CREATURE mob category but was added under MONSTER mob category for lotmcraft:spirit_glacial_shelf biome! Mobs should be added to biomes under the same mob category that the mob was registered as to prevent mob cap spawning issues.
[24May2026 22:28:37.111] [Server thread/WARN] [net.neoforged.neoforge.server.ServerLifecycleHooks/]: Detected quark:toretoise that was registered with CREATURE mob category but was added under MONSTER mob category for lotmcraft:spirit_glacial_shelf biome! Mobs should be added to biomes under the same mob category that the mob was registered as to prevent mob cap spawning issues.
[24May2026 22:28:37.111] [Server thread/WARN] [net.neoforged.neoforge.server.ServerLifecycleHooks/]: Detected quark:stoneling that was registered with CREATURE mob category but was added under MONSTER mob category for lotmcraft:spirit_quartz_flats biome! Mobs should be added to biomes under the same mob category that the mob was registered as to prevent mob cap spawning issues.
[24May2026 22:28:37.111] [Server thread/WARN] [net.neoforged.neoforge.server.ServerLifecycleHooks/]: Detected quark:toretoise that was registered with CREATURE mob category but was added under MONSTER mob category for lotmcraft:spirit_quartz_flats biome! Mobs should be added to biomes under the same mob category that the mob was registered as to prevent mob cap spawning issues.
[24May2026 22:28:37.111] [Server thread/WARN] [net.neoforged.neoforge.server.ServerLifecycleHooks/]: Detected quark:stoneling that was registered with CREATURE mob category but was added under MONSTER mob category for lotmcraft:spirit_terracotta_canyon biome! Mobs should be added to biomes under the same mob category that the mob was registered as to prevent mob cap spawning issues.
[24May2026 22:28:37.112] [Server thread/WARN] [net.neoforged.neoforge.server.ServerLifecycleHooks/]: Detected quark:toretoise that was registered with CREATURE mob category but was added under MONSTER mob category for lotmcraft:spirit_terracotta_canyon biome! Mobs should be added to biomes under the same mob category that the mob was registered as to prevent mob cap spawning issues.
[24May2026 22:28:37.112] [Server thread/WARN] [net.neoforged.neoforge.server.ServerLifecycleHooks/]: Detected quark:stoneling that was registered with CREATURE mob category but was added under MONSTER mob category for lotmcraft:spirit_void_gardens biome! Mobs should be added to biomes under the same mob category that the mob was registered as to prevent mob cap spawning issues.
[24May2026 22:28:37.112] [Server thread/WARN] [net.neoforged.neoforge.server.ServerLifecycleHooks/]: Detected quark:toretoise that was registered with CREATURE mob category but was added under MONSTER mob category for lotmcraft:spirit_void_gardens biome! Mobs should be added to biomes under the same mob category that the mob was registered as to prevent mob cap spawning issues.
[24May2026 22:28:37.112] [Server thread/WARN] [net.neoforged.neoforge.server.ServerLifecycleHooks/]: Detected quark:stoneling that was registered with CREATURE mob category but was added under MONSTER mob category for lotmcraft:spirit_wool_meadows biome! Mobs should be added to biomes under the same mob category that the mob was registered as to prevent mob cap spawning issues.
[24May2026 22:28:37.113] [Server thread/WARN] [net.neoforged.neoforge.server.ServerLifecycleHooks/]: Detected quark:toretoise that was registered with CREATURE mob category but was added under MONSTER mob category for lotmcraft:spirit_wool_meadows biome! Mobs should be added to biomes under the same mob category that the mob was registered as to prevent mob cap spawning issues.
[24May2026 22:28:37.113] [Server thread/WARN] [net.neoforged.neoforge.server.ServerLifecycleHooks/]: Detected quark:stoneling that was registered with CREATURE mob category but was added under MONSTER mob category for twilightforest:spooky_forest biome! Mobs should be added to biomes under the same mob category that the mob was registered as to prevent mob cap spawning issues.
[24May2026 22:28:37.113] [Server thread/WARN] [net.neoforged.neoforge.server.ServerLifecycleHooks/]: Detected quark:toretoise that was registered with CREATURE mob category but was added under MONSTER mob category for twilightforest:spooky_forest biome! Mobs should be added to biomes under the same mob category that the mob was registered as to prevent mob cap spawning issues.
[24May2026 22:28:37.113] [Server thread/WARN] [net.neoforged.neoforge.server.ServerLifecycleHooks/]: Detected quark:stoneling that was registered with CREATURE mob category but was added under MONSTER mob category for terralith:steppe biome! Mobs should be added to biomes under the same mob category that the mob was registered as to prevent mob cap spawning issues.
[24May2026 22:28:37.114] [Server thread/WARN] [net.neoforged.neoforge.server.ServerLifecycleHooks/]: Detected quark:toretoise that was registered with CREATURE mob category but was added under MONSTER mob category for terralith:steppe biome! Mobs should be added to biomes under the same mob category that the mob was registered as to prevent mob cap spawning issues.
[24May2026 22:28:37.114] [Server thread/WARN] [net.neoforged.neoforge.server.ServerLifecycleHooks/]: Detected quark:stoneling that was registered with CREATURE mob category but was added under MONSTER mob category for minecraft:stony_peaks biome! Mobs should be added to biomes under the same mob category that the mob was registered as to prevent mob cap spawning issues.
[24May2026 22:28:37.114] [Server thread/WARN] [net.neoforged.neoforge.server.ServerLifecycleHooks/]: Detected quark:toretoise that was registered with CREATURE mob category but was added under MONSTER mob category for minecraft:stony_peaks biome! Mobs should be added to biomes under the same mob category that the mob was registered as to prevent mob cap spawning issues.
[24May2026 22:28:37.115] [Server thread/WARN] [net.neoforged.neoforge.server.ServerLifecycleHooks/]: Detected quark:stoneling that was registered with CREATURE mob category but was added under MONSTER mob category for minecraft:stony_shore biome! Mobs should be added to biomes under the same mob category that the mob was registered as to prevent mob cap spawning issues.
[24May2026 22:28:37.115] [Server thread/WARN] [net.neoforged.neoforge.server.ServerLifecycleHooks/]: Detected quark:toretoise that was registered with CREATURE mob category but was added under MONSTER mob category for minecraft:stony_shore biome! Mobs should be added to biomes under the same mob category that the mob was registered as to prevent mob cap spawning issues.
[24May2026 22:28:37.116] [Server thread/WARN] [net.neoforged.neoforge.server.ServerLifecycleHooks/]: Detected quark:stoneling that was registered with CREATURE mob category but was added under MONSTER mob category for terralith:stony_spires biome! Mobs should be added to biomes under the same mob category that the mob was registered as to prevent mob cap spawning issues.
[24May2026 22:28:37.116] [Server thread/WARN] [net.neoforged.neoforge.server.ServerLifecycleHooks/]: Detected quark:toretoise that was registered with CREATURE mob category but was added under MONSTER mob category for terralith:stony_spires biome! Mobs should be added to biomes under the same mob category that the mob was registered as to prevent mob cap spawning issues.
[24May2026 22:28:37.116] [Server thread/WARN] [net.neoforged.neoforge.server.ServerLifecycleHooks/]: Detected quark:stoneling that was registered with CREATURE mob category but was added under MONSTER mob category for twilightforest:stream biome! Mobs should be added to biomes under the same mob category that the mob was registered as to prevent mob cap spawning issues.
[24May2026 22:28:37.116] [Server thread/WARN] [net.neoforged.neoforge.server.ServerLifecycleHooks/]: Detected quark:toretoise that was registered with CREATURE mob category but was added under MONSTER mob category for twilightforest:stream biome! Mobs should be added to biomes under the same mob category that the mob was registered as to prevent mob cap spawning issues.
[24May2026 22:28:37.117] [Server thread/WARN] [net.neoforged.neoforge.server.ServerLifecycleHooks/]: Detected quark:stoneling that was registered with CREATURE mob category but was added under MONSTER mob category for minecraft:sunflower_plains biome! Mobs should be added to biomes under the same mob category that the mob was registered as to prevent mob cap spawning issues.
[24May2026 22:28:37.117] [Server thread/WARN] [net.neoforged.neoforge.server.ServerLifecycleHooks/]: Detected quark:toretoise that was registered with CREATURE mob category but was added under MONSTER mob category for minecraft:sunflower_plains biome! Mobs should be added to biomes under the same mob category that the mob was registered as to prevent mob cap spawning issues.
[24May2026 22:28:37.118] [Server thread/WARN] [net.neoforged.neoforge.server.ServerLifecycleHooks/]: Detected quark:stoneling that was registered with CREATURE mob category but was added under MONSTER mob category for minecraft:swamp biome! Mobs should be added to biomes under the same mob category that the mob was registered as to prevent mob cap spawning issues.
[24May2026 22:28:37.118] [Server thread/WARN] [net.neoforged.neoforge.server.ServerLifecycleHooks/]: Detected quark:toretoise that was registered with CREATURE mob category but was added under MONSTER mob category for minecraft:swamp biome! Mobs should be added to biomes under the same mob category that the mob was registered as to prevent mob cap spawning issues.
[24May2026 22:28:37.118] [Server thread/WARN] [net.neoforged.neoforge.server.ServerLifecycleHooks/]: Detected quark:stoneling that was registered with CREATURE mob category but was added under MONSTER mob category for twilightforest:swamp biome! Mobs should be added to biomes under the same mob category that the mob was registered as to prevent mob cap spawning issues.
[24May2026 22:28:37.118] [Server thread/WARN] [net.neoforged.neoforge.server.ServerLifecycleHooks/]: Detected quark:toretoise that was registered with CREATURE mob category but was added under MONSTER mob category for twilightforest:swamp biome! Mobs should be added to biomes under the same mob category that the mob was registered as to prevent mob cap spawning issues.
[24May2026 22:28:37.119] [Server thread/WARN] [net.neoforged.neoforge.server.ServerLifecycleHooks/]: Detected quark:stoneling that was registered with CREATURE mob category but was added under MONSTER mob category for minecraft:taiga biome! Mobs should be added to biomes under the same mob category that the mob was registered as to prevent mob cap spawning issues.
[24May2026 22:28:37.119] [Server thread/WARN] [net.neoforged.neoforge.server.ServerLifecycleHooks/]: Detected quark:toretoise that was registered with CREATURE mob category but was added under MONSTER mob category for minecraft:taiga biome! Mobs should be added to biomes under the same mob category that the mob was registered as to prevent mob cap spawning issues.
[24May2026 22:28:37.120] [Server thread/WARN] [net.neoforged.neoforge.server.ServerLifecycleHooks/]: Detected quark:stoneling that was registered with CREATURE mob category but was added under MONSTER mob category for terralith:temperate_highlands biome! Mobs should be added to biomes under the same mob category that the mob was registered as to prevent mob cap spawning issues.
[24May2026 22:28:37.120] [Server thread/WARN] [net.neoforged.neoforge.server.ServerLifecycleHooks/]: Detected quark:toretoise that was registered with CREATURE mob category but was added under MONSTER mob category for terralith:temperate_highlands biome! Mobs should be added to biomes under the same mob category that the mob was registered as to prevent mob cap spawning issues.
[24May2026 22:28:37.122] [Server thread/WARN] [net.neoforged.neoforge.server.ServerLifecycleHooks/]: Detected quark:stoneling that was registered with CREATURE mob category but was added under MONSTER mob category for twilightforest:thornlands biome! Mobs should be added to biomes under the same mob category that the mob was registered as to prevent mob cap spawning issues.
[24May2026 22:28:37.123] [Server thread/WARN] [net.neoforged.neoforge.server.ServerLifecycleHooks/]: Detected quark:toretoise that was registered with CREATURE mob category but was added under MONSTER mob category for twilightforest:thornlands biome! Mobs should be added to biomes under the same mob category that the mob was registered as to prevent mob cap spawning issues.
[24May2026 22:28:37.123] [Server thread/WARN] [net.neoforged.neoforge.server.ServerLifecycleHooks/]: Detected quark:stoneling that was registered with CREATURE mob category but was added under MONSTER mob category for terralith:tropical_jungle biome! Mobs should be added to biomes under the same mob category that the mob was registered as to prevent mob cap spawning issues.
[24May2026 22:28:37.123] [Server thread/WARN] [net.neoforged.neoforge.server.ServerLifecycleHooks/]: Detected quark:toretoise that was registered with CREATURE mob category but was added under MONSTER mob category for terralith:tropical_jungle biome! Mobs should be added to biomes under the same mob category that the mob was registered as to prevent mob cap spawning issues.
[24May2026 22:28:37.124] [Server thread/WARN] [net.neoforged.neoforge.server.ServerLifecycleHooks/]: Detected quark:stoneling that was registered with CREATURE mob category but was added under MONSTER mob category for biomesoplenty:tropics biome! Mobs should be added to biomes under the same mob category that the mob was registered as to prevent mob cap spawning issues.
[24May2026 22:28:37.124] [Server thread/WARN] [net.neoforged.neoforge.server.ServerLifecycleHooks/]: Detected quark:toretoise that was registered with CREATURE mob category but was added under MONSTER mob category for biomesoplenty:tropics biome! Mobs should be added to biomes under the same mob category that the mob was registered as to prevent mob cap spawning issues.
[24May2026 22:28:37.125] [Server thread/WARN] [net.neoforged.neoforge.server.ServerLifecycleHooks/]: Detected quark:stoneling that was registered with CREATURE mob category but was added under MONSTER mob category for biomesoplenty:tundra biome! Mobs should be added to biomes under the same mob category that the mob was registered as to prevent mob cap spawning issues.
[24May2026 22:28:37.125] [Server thread/WARN] [net.neoforged.neoforge.server.ServerLifecycleHooks/]: Detected quark:toretoise that was registered with CREATURE mob category but was added under MONSTER mob category for biomesoplenty:tundra biome! Mobs should be added to biomes under the same mob category that the mob was registered as to prevent mob cap spawning issues.
[24May2026 22:28:37.126] [Server thread/WARN] [net.neoforged.neoforge.server.ServerLifecycleHooks/]: Detected quark:stoneling that was registered with CREATURE mob category but was added under MONSTER mob category for twilightforest:underground biome! Mobs should be added to biomes under the same mob category that the mob was registered as to prevent mob cap spawning issues.
[24May2026 22:28:37.127] [Server thread/WARN] [net.neoforged.neoforge.server.ServerLifecycleHooks/]: Detected quark:toretoise that was registered with CREATURE mob category but was added under MONSTER mob category for twilightforest:underground biome! Mobs should be added to biomes under the same mob category that the mob was registered as to prevent mob cap spawning issues.
[24May2026 22:28:37.128] [Server thread/WARN] [net.neoforged.neoforge.server.ServerLifecycleHooks/]: Detected quark:stoneling that was registered with CREATURE mob category but was added under MONSTER mob category for terralith:valley_clearing biome! Mobs should be added to biomes under the same mob category that the mob was registered as to prevent mob cap spawning issues.
[24May2026 22:28:37.128] [Server thread/WARN] [net.neoforged.neoforge.server.ServerLifecycleHooks/]: Detected quark:toretoise that was registered with CREATURE mob category but was added under MONSTER mob category for terralith:valley_clearing biome! Mobs should be added to biomes under the same mob category that the mob was registered as to prevent mob cap spawning issues.
[24May2026 22:28:37.130] [Server thread/WARN] [net.neoforged.neoforge.server.ServerLifecycleHooks/]: Detected quark:stoneling that was registered with CREATURE mob category but was added under MONSTER mob category for terralith:volcanic_crater biome! Mobs should be added to biomes under the same mob category that the mob was registered as to prevent mob cap spawning issues.
[24May2026 22:28:37.131] [Server thread/WARN] [net.neoforged.neoforge.server.ServerLifecycleHooks/]: Detected quark:toretoise that was registered with CREATURE mob category but was added under MONSTER mob category for terralith:volcanic_crater biome! Mobs should be added to biomes under the same mob category that the mob was registered as to prevent mob cap spawning issues.
[24May2026 22:28:37.131] [Server thread/WARN] [net.neoforged.neoforge.server.ServerLifecycleHooks/]: Detected quark:stoneling that was registered with CREATURE mob category but was added under MONSTER mob category for terralith:volcanic_peaks biome! Mobs should be added to biomes under the same mob category that the mob was registered as to prevent mob cap spawning issues.
[24May2026 22:28:37.132] [Server thread/WARN] [net.neoforged.neoforge.server.ServerLifecycleHooks/]: Detected quark:toretoise that was registered with CREATURE mob category but was added under MONSTER mob category for terralith:volcanic_peaks biome! Mobs should be added to biomes under the same mob category that the mob was registered as to prevent mob cap spawning issues.
[24May2026 22:28:37.136] [Server thread/WARN] [net.neoforged.neoforge.server.ServerLifecycleHooks/]: Detected quark:stoneling that was registered with CREATURE mob category but was added under MONSTER mob category for biomesoplenty:volcanic_plains biome! Mobs should be added to biomes under the same mob category that the mob was registered as to prevent mob cap spawning issues.
[24May2026 22:28:37.136] [Server thread/WARN] [net.neoforged.neoforge.server.ServerLifecycleHooks/]: Detected quark:toretoise that was registered with CREATURE mob category but was added under MONSTER mob category for biomesoplenty:volcanic_plains biome! Mobs should be added to biomes under the same mob category that the mob was registered as to prevent mob cap spawning issues.
[24May2026 22:28:37.136] [Server thread/WARN] [net.neoforged.neoforge.server.ServerLifecycleHooks/]: Detected quark:stoneling that was registered with CREATURE mob category but was added under MONSTER mob category for biomesoplenty:volcano biome! Mobs should be added to biomes under the same mob category that the mob was registered as to prevent mob cap spawning issues.
[24May2026 22:28:37.136] [Server thread/WARN] [net.neoforged.neoforge.server.ServerLifecycleHooks/]: Detected quark:toretoise that was registered with CREATURE mob category but was added under MONSTER mob category for biomesoplenty:volcano biome! Mobs should be added to biomes under the same mob category that the mob was registered as to prevent mob cap spawning issues.
[24May2026 22:28:37.137] [Server thread/WARN] [net.neoforged.neoforge.server.ServerLifecycleHooks/]: Detected quark:stoneling that was registered with CREATURE mob category but was added under MONSTER mob category for minecraft:warm_ocean biome! Mobs should be added to biomes under the same mob category that the mob was registered as to prevent mob cap spawning issues.
[24May2026 22:28:37.137] [Server thread/WARN] [net.neoforged.neoforge.server.ServerLifecycleHooks/]: Detected quark:toretoise that was registered with CREATURE mob category but was added under MONSTER mob category for minecraft:warm_ocean biome! Mobs should be added to biomes under the same mob category that the mob was registered as to prevent mob cap spawning issues.
[24May2026 22:28:37.138] [Server thread/WARN] [net.neoforged.neoforge.server.ServerLifecycleHooks/]: Detected quark:stoneling that was registered with CREATURE mob category but was added under MONSTER mob category for terralith:warm_river biome! Mobs should be added to biomes under the same mob category that the mob was registered as to prevent mob cap spawning issues.
[24May2026 22:28:37.139] [Server thread/WARN] [net.neoforged.neoforge.server.ServerLifecycleHooks/]: Detected quark:toretoise that was registered with CREATURE mob category but was added under MONSTER mob category for terralith:warm_river biome! Mobs should be added to biomes under the same mob category that the mob was registered as to prevent mob cap spawning issues.
[24May2026 22:28:37.142] [Server thread/WARN] [net.neoforged.neoforge.server.ServerLifecycleHooks/]: Detected quark:stoneling that was registered with CREATURE mob category but was added under MONSTER mob category for terralith:warped_mesa biome! Mobs should be added to biomes under the same mob category that the mob was registered as to prevent mob cap spawning issues.
[24May2026 22:28:37.142] [Server thread/WARN] [net.neoforged.neoforge.server.ServerLifecycleHooks/]: Detected quark:toretoise that was registered with CREATURE mob category but was added under MONSTER mob category for terralith:warped_mesa biome! Mobs should be added to biomes under the same mob category that the mob was registered as to prevent mob cap spawning issues.
[24May2026 22:28:37.143] [Server thread/WARN] [net.neoforged.neoforge.server.ServerLifecycleHooks/]: Detected quark:stoneling that was registered with CREATURE mob category but was added under MONSTER mob category for biomesoplenty:wasteland biome! Mobs should be added to biomes under the same mob category that the mob was registered as to prevent mob cap spawning issues.
[24May2026 22:28:37.143] [Server thread/WARN] [net.neoforged.neoforge.server.ServerLifecycleHooks/]: Detected quark:toretoise that was registered with CREATURE mob category but was added under MONSTER mob category for biomesoplenty:wasteland biome! Mobs should be added to biomes under the same mob category that the mob was registered as to prevent mob cap spawning issues.
[24May2026 22:28:37.144] [Server thread/WARN] [net.neoforged.neoforge.server.ServerLifecycleHooks/]: Detected quark:stoneling that was registered with CREATURE mob category but was added under MONSTER mob category for biomesoplenty:wasteland_steppe biome! Mobs should be added to biomes under the same mob category that the mob was registered as to prevent mob cap spawning issues.
[24May2026 22:28:37.144] [Server thread/WARN] [net.neoforged.neoforge.server.ServerLifecycleHooks/]: Detected quark:toretoise that was registered with CREATURE mob category but was added under MONSTER mob category for biomesoplenty:wasteland_steppe biome! Mobs should be added to biomes under the same mob category that the mob was registered as to prevent mob cap spawning issues.
[24May2026 22:28:37.145] [Server thread/WARN] [net.neoforged.neoforge.server.ServerLifecycleHooks/]: Detected quark:stoneling that was registered with CREATURE mob category but was added under MONSTER mob category for biomesoplenty:wetland biome! Mobs should be added to biomes under the same mob category that the mob was registered as to prevent mob cap spawning issues.
[24May2026 22:28:37.147] [Server thread/WARN] [net.neoforged.neoforge.server.ServerLifecycleHooks/]: Detected quark:toretoise that was registered with CREATURE mob category but was added under MONSTER mob category for biomesoplenty:wetland biome! Mobs should be added to biomes under the same mob category that the mob was registered as to prevent mob cap spawning issues.
[24May2026 22:28:37.147] [Server thread/WARN] [net.neoforged.neoforge.server.ServerLifecycleHooks/]: Detected quark:stoneling that was registered with CREATURE mob category but was added under MONSTER mob category for terralith:white_cliffs biome! Mobs should be added to biomes under the same mob category that the mob was registered as to prevent mob cap spawning issues.
[24May2026 22:28:37.148] [Server thread/WARN] [net.neoforged.neoforge.server.ServerLifecycleHooks/]: Detected quark:toretoise that was registered with CREATURE mob category but was added under MONSTER mob category for terralith:white_cliffs biome! Mobs should be added to biomes under the same mob category that the mob was registered as to prevent mob cap spawning issues.
[24May2026 22:28:37.148] [Server thread/WARN] [net.neoforged.neoforge.server.ServerLifecycleHooks/]: Detected quark:stoneling that was registered with CREATURE mob category but was added under MONSTER mob category for terralith:white_mesa biome! Mobs should be added to biomes under the same mob category that the mob was registered as to prevent mob cap spawning issues.
[24May2026 22:28:37.148] [Server thread/WARN] [net.neoforged.neoforge.server.ServerLifecycleHooks/]: Detected quark:toretoise that was registered with CREATURE mob category but was added under MONSTER mob category for terralith:white_mesa biome! Mobs should be added to biomes under the same mob category that the mob was registered as to prevent mob cap spawning issues.
[24May2026 22:28:37.149] [Server thread/WARN] [net.neoforged.neoforge.server.ServerLifecycleHooks/]: Detected quark:stoneling that was registered with CREATURE mob category but was added under MONSTER mob category for minecraft:windswept_forest biome! Mobs should be added to biomes under the same mob category that the mob was registered as to prevent mob cap spawning issues.
[24May2026 22:28:37.149] [Server thread/WARN] [net.neoforged.neoforge.server.ServerLifecycleHooks/]: Detected quark:toretoise that was registered with CREATURE mob category but was added under MONSTER mob category for minecraft:windswept_forest biome! Mobs should be added to biomes under the same mob category that the mob was registered as to prevent mob cap spawning issues.
[24May2026 22:28:37.150] [Server thread/WARN] [net.neoforged.neoforge.server.ServerLifecycleHooks/]: Detected quark:stoneling that was registered with CREATURE mob category but was added under MONSTER mob category for minecraft:windswept_gravelly_hills biome! Mobs should be added to biomes under the same mob category that the mob was registered as to prevent mob cap spawning issues.
[24May2026 22:28:37.150] [Server thread/WARN] [net.neoforged.neoforge.server.ServerLifecycleHooks/]: Detected quark:toretoise that was registered with CREATURE mob category but was added under MONSTER mob category for minecraft:windswept_gravelly_hills biome! Mobs should be added to biomes under the same mob category that the mob was registered as to prevent mob cap spawning issues.
[24May2026 22:28:37.151] [Server thread/WARN] [net.neoforged.neoforge.server.ServerLifecycleHooks/]: Detected quark:stoneling that was registered with CREATURE mob category but was added under MONSTER mob category for minecraft:windswept_hills biome! Mobs should be added to biomes under the same mob category that the mob was registered as to prevent mob cap spawning issues.
[24May2026 22:28:37.151] [Server thread/WARN] [net.neoforged.neoforge.server.ServerLifecycleHooks/]: Detected quark:toretoise that was registered with CREATURE mob category but was added under MONSTER mob category for minecraft:windswept_hills biome! Mobs should be added to biomes under the same mob category that the mob was registered as to prevent mob cap spawning issues.
[24May2026 22:28:37.152] [Server thread/WARN] [net.neoforged.neoforge.server.ServerLifecycleHooks/]: Detected quark:stoneling that was registered with CREATURE mob category but was added under MONSTER mob category for minecraft:windswept_savanna biome! Mobs should be added to biomes under the same mob category that the mob was registered as to prevent mob cap spawning issues.
[24May2026 22:28:37.152] [Server thread/WARN] [net.neoforged.neoforge.server.ServerLifecycleHooks/]: Detected quark:toretoise that was registered with CREATURE mob category but was added under MONSTER mob category for minecraft:windswept_savanna biome! Mobs should be added to biomes under the same mob category that the mob was registered as to prevent mob cap spawning issues.
[24May2026 22:28:37.153] [Server thread/WARN] [net.neoforged.neoforge.server.ServerLifecycleHooks/]: Detected quark:stoneling that was registered with CREATURE mob category but was added under MONSTER mob category for terralith:windswept_spires biome! Mobs should be added to biomes under the same mob category that the mob was registered as to prevent mob cap spawning issues.
[24May2026 22:28:37.153] [Server thread/WARN] [net.neoforged.neoforge.server.ServerLifecycleHooks/]: Detected quark:toretoise that was registered with CREATURE mob category but was added under MONSTER mob category for terralith:windswept_spires biome! Mobs should be added to biomes under the same mob category that the mob was registered as to prevent mob cap spawning issues.
[24May2026 22:28:37.155] [Server thread/WARN] [net.neoforged.neoforge.server.ServerLifecycleHooks/]: Detected quark:stoneling that was registered with CREATURE mob category but was added under MONSTER mob category for terralith:wintry_forest biome! Mobs should be added to biomes under the same mob category that the mob was registered as to prevent mob cap spawning issues.
[24May2026 22:28:37.160] [Server thread/WARN] [net.neoforged.neoforge.server.ServerLifecycleHooks/]: Detected quark:toretoise that was registered with CREATURE mob category but was added under MONSTER mob category for terralith:wintry_forest biome! Mobs should be added to biomes under the same mob category that the mob was registered as to prevent mob cap spawning issues.
[24May2026 22:28:37.160] [Server thread/WARN] [net.neoforged.neoforge.server.ServerLifecycleHooks/]: Detected quark:stoneling that was registered with CREATURE mob category but was added under MONSTER mob category for terralith:wintry_lowlands biome! Mobs should be added to biomes under the same mob category that the mob was registered as to prevent mob cap spawning issues.
[24May2026 22:28:37.161] [Server thread/WARN] [net.neoforged.neoforge.server.ServerLifecycleHooks/]: Detected quark:toretoise that was registered with CREATURE mob category but was added under MONSTER mob category for terralith:wintry_lowlands biome! Mobs should be added to biomes under the same mob category that the mob was registered as to prevent mob cap spawning issues.
[24May2026 22:28:37.161] [Server thread/WARN] [net.neoforged.neoforge.server.ServerLifecycleHooks/]: Detected quark:stoneling that was registered with CREATURE mob category but was added under MONSTER mob category for biomesoplenty:wintry_origin_valley biome! Mobs should be added to biomes under the same mob category that the mob was registered as to prevent mob cap spawning issues.
[24May2026 22:28:37.162] [Server thread/WARN] [net.neoforged.neoforge.server.ServerLifecycleHooks/]: Detected quark:toretoise that was registered with CREATURE mob category but was added under MONSTER mob category for biomesoplenty:wintry_origin_valley biome! Mobs should be added to biomes under the same mob category that the mob was registered as to prevent mob cap spawning issues.
[24May2026 22:28:37.162] [Server thread/WARN] [net.neoforged.neoforge.server.ServerLifecycleHooks/]: Detected quark:stoneling that was registered with CREATURE mob category but was added under MONSTER mob category for minecraft:wooded_badlands biome! Mobs should be added to biomes under the same mob category that the mob was registered as to prevent mob cap spawning issues.
[24May2026 22:28:37.163] [Server thread/WARN] [net.neoforged.neoforge.server.ServerLifecycleHooks/]: Detected quark:toretoise that was registered with CREATURE mob category but was added under MONSTER mob category for minecraft:wooded_badlands biome! Mobs should be added to biomes under the same mob category that the mob was registered as to prevent mob cap spawning issues.
[24May2026 22:28:37.164] [Server thread/WARN] [net.neoforged.neoforge.server.ServerLifecycleHooks/]: Detected quark:stoneling that was registered with CREATURE mob category but was added under MONSTER mob category for biomesoplenty:woodland biome! Mobs should be added to biomes under the same mob category that the mob was registered as to prevent mob cap spawning issues.
[24May2026 22:28:37.166] [Server thread/WARN] [net.neoforged.neoforge.server.ServerLifecycleHooks/]: Detected quark:toretoise that was registered with CREATURE mob category but was added under MONSTER mob category for biomesoplenty:woodland biome! Mobs should be added to biomes under the same mob category that the mob was registered as to prevent mob cap spawning issues.
[24May2026 22:28:37.167] [Server thread/WARN] [net.neoforged.neoforge.server.ServerLifecycleHooks/]: Detected quark:stoneling that was registered with CREATURE mob category but was added under MONSTER mob category for terralith:yellowstone biome! Mobs should be added to biomes under the same mob category that the mob was registered as to prevent mob cap spawning issues.
[24May2026 22:28:37.168] [Server thread/WARN] [net.neoforged.neoforge.server.ServerLifecycleHooks/]: Detected quark:toretoise that was registered with CREATURE mob category but was added under MONSTER mob category for terralith:yellowstone biome! Mobs should be added to biomes under the same mob category that the mob was registered as to prevent mob cap spawning issues.
[24May2026 22:28:37.168] [Server thread/WARN] [net.neoforged.neoforge.server.ServerLifecycleHooks/]: Detected quark:stoneling that was registered with CREATURE mob category but was added under MONSTER mob category for terralith:yosemite_cliffs biome! Mobs should be added to biomes under the same mob category that the mob was registered as to prevent mob cap spawning issues.
[24May2026 22:28:37.170] [Server thread/WARN] [net.neoforged.neoforge.server.ServerLifecycleHooks/]: Detected quark:toretoise that was registered with CREATURE mob category but was added under MONSTER mob category for terralith:yosemite_cliffs biome! Mobs should be added to biomes under the same mob category that the mob was registered as to prevent mob cap spawning issues.
[24May2026 22:28:37.171] [Server thread/WARN] [net.neoforged.neoforge.server.ServerLifecycleHooks/]: Detected quark:stoneling that was registered with CREATURE mob category but was added under MONSTER mob category for terralith:yosemite_lowlands biome! Mobs should be added to biomes under the same mob category that the mob was registered as to prevent mob cap spawning issues.
[24May2026 22:28:37.171] [Server thread/WARN] [net.neoforged.neoforge.server.ServerLifecycleHooks/]: Detected quark:toretoise that was registered with CREATURE mob category but was added under MONSTER mob category for terralith:yosemite_lowlands biome! Mobs should be added to biomes under the same mob category that the mob was registered as to prevent mob cap spawning issues.
[24May2026 22:28:37.181] [Server thread/INFO] [zeta/]: Server starting, accepting filewatcher changes for zeta's config
[24May2026 22:28:37.183] [Server thread/INFO] [bountiful/]: Registering Bounty Board Jigsaw Piece for Village Type: plains
[24May2026 22:28:37.184] [Server thread/INFO] [bountiful/]: Registering Bounty Board Jigsaw Piece for Village Type: savanna
[24May2026 22:28:37.184] [Server thread/INFO] [bountiful/]: Registering Bounty Board Jigsaw Piece for Village Type: snowy
[24May2026 22:28:37.184] [Server thread/INFO] [bountiful/]: Registering Bounty Board Jigsaw Piece for Village Type: taiga
[24May2026 22:28:37.185] [Server thread/INFO] [bountiful/]: Registering Bounty Board Jigsaw Piece for Village Type: desert
[24May2026 22:28:37.204] [Server thread/INFO] [STDOUT/]: [net.spell_engine.internals.container.SpellAssignments:encodeContent:91]: Encoded SpellRegistry size (with package overhead): ??? bytes (in 2 string chunks with the size of 10000)
[24May2026 22:28:37.305] [Server thread/INFO] [net.bettercombat.logic.WeaponRegistry/]: Encoded Weapon Attribute registry size (with package overhead): 9011 bytes (in 1 string chunks with the size of 10000)
[24May2026 22:28:37.311] [Server thread/INFO] [quark-zeta/]: Server starting, accepting filewatcher changes for quark's config
[24May2026 22:28:37.852] [Server thread/INFO] [terrablender/]: Initialized TerraBlender biomes for level stem minecraft:overworld
[24May2026 22:28:37.853] [Server thread/INFO] [terrablender/]: Initialized TerraBlender biomes for level stem minecraft:the_nether
[24May2026 22:28:37.854] [Server thread/INFO] [net.minecraft.server.dedicated.DedicatedServer/]: Preparing level "world"
[24May2026 22:28:38.039] [Server thread/INFO] [dev.ryanhcode.sable.Sable/]: Assigned physics scene ID 0 to minecraft:overworld
[24May2026 22:28:38.838] [Server thread/INFO] [lotmcraft/]: Loading beyonderMap
[24May2026 22:28:38.848] [Server thread/INFO] [incontrol/]: Reading rules from areas.json
[24May2026 22:28:38.853] [Server thread/INFO] [incontrol/]: Reading rules from spawn.json
[24May2026 22:28:38.854] [Server thread/INFO] [incontrol/]: Reading rules from loot.json
[24May2026 22:28:38.855] [Server thread/INFO] [incontrol/]: Reading rules from experience.json
[24May2026 22:28:38.856] [Server thread/INFO] [incontrol/]: Reading rules from phases.json
[24May2026 22:28:38.856] [Server thread/INFO] [incontrol/]: Reading rules from effects.json
[24May2026 22:28:38.857] [Server thread/INFO] [incontrol/]: Reading rules from breakevents.json
[24May2026 22:28:38.858] [Server thread/INFO] [incontrol/]: Reading rules from placeevents.json
[24May2026 22:28:38.859] [Server thread/INFO] [incontrol/]: Reading rules from rightclicks.json
[24May2026 22:28:38.860] [Server thread/INFO] [incontrol/]: Reading rules from leftclicks.json
[24May2026 22:28:38.862] [Server thread/INFO] [incontrol/]: Reading rules from spawner.json
[24May2026 22:28:38.863] [Server thread/INFO] [incontrol/]: Reading rules from events.json
[24May2026 22:28:38.867] [Server thread/INFO] [dev.ryanhcode.sable.Sable/]: Assigned physics scene ID 1 to lotmcraft:spirit_world
[24May2026 22:28:38.969] [Server thread/INFO] [biolith/]: Ignoring world 'lotmcraft:spirit_world'; unknown dimension type: lotmcraft:spirit_world
[24May2026 22:28:38.970] [Server thread/INFO] [lotmcraft/]: Loading beyonderMap
[24May2026 22:28:38.970] [Server thread/INFO] [dev.ryanhcode.sable.Sable/]: Assigned physics scene ID 2 to minecraft:the_end
[24May2026 22:28:39.064] [Server thread/INFO] [lotmcraft/]: Loading beyonderMap
[24May2026 22:28:39.064] [Server thread/INFO] [dev.ryanhcode.sable.Sable/]: Assigned physics scene ID 3 to lotmcraft:space
[24May2026 22:28:39.145] [Server thread/INFO] [biolith/]: Ignoring world 'lotmcraft:space'; unknown dimension type: lotmcraft:space
[24May2026 22:28:39.146] [Server thread/INFO] [lotmcraft/]: Loading beyonderMap
[24May2026 22:28:39.147] [Server thread/INFO] [dev.ryanhcode.sable.Sable/]: Assigned physics scene ID 4 to lotmcraft:concealment_world
[24May2026 22:28:39.208] [Server thread/INFO] [biolith/]: Ignoring world 'lotmcraft:concealment_world'; unknown dimension type: lotmcraft:concealment_world
[24May2026 22:28:39.209] [Server thread/INFO] [lotmcraft/]: Loading beyonderMap
[24May2026 22:28:39.209] [Server thread/INFO] [dev.ryanhcode.sable.Sable/]: Assigned physics scene ID 5 to aether:the_aether
[24May2026 22:28:39.269] [Server thread/INFO] [biolith/]: Ignoring world 'aether:the_aether'; unknown dimension type: aether:the_aether
[24May2026 22:28:39.273] [Server thread/INFO] [lotmcraft/]: Loading beyonderMap
[24May2026 22:28:39.273] [Server thread/INFO] [dev.ryanhcode.sable.Sable/]: Assigned physics scene ID 6 to lotmcraft:nature
[24May2026 22:28:39.330] [Server thread/INFO] [biolith/]: Ignoring world 'lotmcraft:nature'; unknown dimension type: lotmcraft:nature
[24May2026 22:28:39.331] [Server thread/INFO] [lotmcraft/]: Loading beyonderMap
[24May2026 22:28:39.332] [Server thread/INFO] [dev.ryanhcode.sable.Sable/]: Assigned physics scene ID 7 to irons_spellbooks:pocket_dimension
[24May2026 22:28:39.388] [Server thread/INFO] [biolith/]: Ignoring world 'irons_spellbooks:pocket_dimension'; unknown dimension type: irons_spellbooks:pocket_dimension_type
[24May2026 22:28:39.389] [Server thread/INFO] [lotmcraft/]: Loading beyonderMap
[24May2026 22:28:39.389] [Server thread/INFO] [dev.ryanhcode.sable.Sable/]: Assigned physics scene ID 8 to lotmcraft:sefirah_castle
[24May2026 22:28:39.446] [Server thread/INFO] [biolith/]: Ignoring world 'lotmcraft:sefirah_castle'; unknown dimension type: lotmcraft:sefirah_castle
[24May2026 22:28:39.446] [Server thread/INFO] [lotmcraft/]: Loading beyonderMap
[24May2026 22:28:39.447] [Server thread/INFO] [dev.ryanhcode.sable.Sable/]: Assigned physics scene ID 9 to minecraft:the_nether
[24May2026 22:28:39.504] [Server thread/INFO] [lotmcraft/]: Loading beyonderMap
[24May2026 22:28:39.504] [Server thread/INFO] [dev.ryanhcode.sable.Sable/]: Assigned physics scene ID 10 to twilightforest:twilight_forest
[24May2026 22:28:39.570] [Server thread/INFO] [biolith/]: Ignoring world 'twilightforest:twilight_forest'; unknown dimension type: twilightforest:twilight_forest_type
[24May2026 22:28:39.571] [Server thread/INFO] [lotmcraft/]: Loading beyonderMap
[24May2026 22:28:39.571] [Server thread/INFO] [dev.ryanhcode.sable.Sable/]: Assigned physics scene ID 11 to lotmcraft:dream_maze
[24May2026 22:28:39.630] [Server thread/INFO] [biolith/]: Ignoring world 'lotmcraft:dream_maze'; unknown dimension type: lotmcraft:dream_maze
[24May2026 22:28:39.630] [Server thread/INFO] [lotmcraft/]: Loading beyonderMap
[24May2026 22:28:39.634] [Server thread/INFO] [net.minecraft.server.MinecraftServer/]: Preparing start region for dimension minecraft:overworld
[24May2026 22:28:39.637] [Server thread/WARN] [mixin/]: Method overwrite conflict for removeIf in lithium.mixins.json:collections.chunk_tickets.SortedArraySetMixin from mod lithium, previously written by org.embeddedt.modernfix.common.mixin.bugfix.paper_chunk_patches.SortedArraySetMixin. Skipping method.
[24May2026 22:28:41.968] [Worker-Main-3/INFO] [net.minecraft.server.level.progress.LoggerChunkProgressListener/]: Preparing spawn area: 0%
[24May2026 22:28:41.969] [Worker-Main-3/INFO] [net.minecraft.server.level.progress.LoggerChunkProgressListener/]: Preparing spawn area: 0%
[24May2026 22:28:41.969] [Worker-Main-3/INFO] [net.minecraft.server.level.progress.LoggerChunkProgressListener/]: Preparing spawn area: 0%
[24May2026 22:28:41.969] [Worker-Main-3/INFO] [net.minecraft.server.level.progress.LoggerChunkProgressListener/]: Preparing spawn area: 0%
[24May2026 22:28:41.969] [Worker-Main-3/INFO] [net.minecraft.server.level.progress.LoggerChunkProgressListener/]: Preparing spawn area: 0%
[24May2026 22:28:42.399] [Server thread/INFO] [net.minecraft.server.level.progress.LoggerChunkProgressListener/]: Time elapsed: 2765 ms
[24May2026 22:28:42.399] [Server thread/INFO] [net.minecraft.server.dedicated.DedicatedServer/]: Done (6.992s)! For help, type "help"
[24May2026 22:28:42.847] [Server thread/INFO] [noppes.npcs.CustomNpcs/]: CustomNPC PermissionNode<Boolean>s available:
[24May2026 22:28:42.847] [Server thread/INFO] [noppes.npcs.CustomNpcs/]: customnpcs.edit.blocks
[24May2026 22:28:42.847] [Server thread/INFO] [noppes.npcs.CustomNpcs/]: customnpcs.edit.villager
[24May2026 22:28:42.848] [Server thread/INFO] [noppes.npcs.CustomNpcs/]: customnpcs.global.bank
[24May2026 22:28:42.848] [Server thread/INFO] [noppes.npcs.CustomNpcs/]: customnpcs.global.dialog
[24May2026 22:28:42.848] [Server thread/INFO] [noppes.npcs.CustomNpcs/]: customnpcs.global.faction
[24May2026 22:28:42.848] [Server thread/INFO] [noppes.npcs.CustomNpcs/]: customnpcs.global.linked
[24May2026 22:28:42.848] [Server thread/INFO] [noppes.npcs.CustomNpcs/]: customnpcs.global.naturalspawn
[24May2026 22:28:42.848] [Server thread/INFO] [noppes.npcs.CustomNpcs/]: customnpcs.global.playerdata
[24May2026 22:28:42.848] [Server thread/INFO] [noppes.npcs.CustomNpcs/]: customnpcs.global.quest
[24May2026 22:28:42.848] [Server thread/INFO] [noppes.npcs.CustomNpcs/]: customnpcs.global.recipe
[24May2026 22:28:42.848] [Server thread/INFO] [noppes.npcs.CustomNpcs/]: customnpcs.global.transport
[24May2026 22:28:42.848] [Server thread/INFO] [noppes.npcs.CustomNpcs/]: customnpcs.npc.advanced
[24May2026 22:28:42.848] [Server thread/INFO] [noppes.npcs.CustomNpcs/]: customnpcs.npc.ai
[24May2026 22:28:42.849] [Server thread/INFO] [noppes.npcs.CustomNpcs/]: customnpcs.npc.clone
[24May2026 22:28:42.849] [Server thread/INFO] [noppes.npcs.CustomNpcs/]: customnpcs.npc.create
[24May2026 22:28:42.849] [Server thread/INFO] [noppes.npcs.CustomNpcs/]: customnpcs.npc.delete
[24May2026 22:28:42.849] [Server thread/INFO] [noppes.npcs.CustomNpcs/]: customnpcs.npc.display
[24May2026 22:28:42.849] [Server thread/INFO] [noppes.npcs.CustomNpcs/]: customnpcs.npc.freeze
[24May2026 22:28:42.849] [Server thread/INFO] [noppes.npcs.CustomNpcs/]: customnpcs.npc.gui
[24May2026 22:28:42.849] [Server thread/INFO] [noppes.npcs.CustomNpcs/]: customnpcs.npc.inventory
[24May2026 22:28:42.849] [Server thread/INFO] [noppes.npcs.CustomNpcs/]: customnpcs.npc.reset
[24May2026 22:28:42.849] [Server thread/INFO] [noppes.npcs.CustomNpcs/]: customnpcs.npc.stats
[24May2026 22:28:42.849] [Server thread/INFO] [noppes.npcs.CustomNpcs/]: customnpcs.scenes
[24May2026 22:28:42.849] [Server thread/INFO] [noppes.npcs.CustomNpcs/]: customnpcs.soulstone.all
[24May2026 22:28:42.849] [Server thread/INFO] [noppes.npcs.CustomNpcs/]: customnpcs.spawner.create
[24May2026 22:28:42.849] [Server thread/INFO] [noppes.npcs.CustomNpcs/]: customnpcs.spawner.mob
[24May2026 22:28:42.850] [Server thread/INFO] [noppes.npcs.CustomNpcs/]: customnpcs.tool.mounter
[24May2026 22:28:42.850] [Server thread/INFO] [noppes.npcs.CustomNpcs/]: customnpcs.tool.nbtbook
[24May2026 22:28:42.850] [Server thread/INFO] [noppes.npcs.CustomNpcs/]: customnpcs.tool.pather
[24May2026 22:28:42.850] [Server thread/INFO] [noppes.npcs.CustomNpcs/]: customnpcs.tool.scripter
[24May2026 22:28:42.850] [Server thread/INFO] [net.neoforged.neoforge.server.permission.PermissionAPI/]: Successfully initialized permission handler neoforge:default_handler
[24May2026 22:28:42.851] [Server thread/INFO] [io.github.bravecake.basiclogin.BasicLogin/]: Basic login mod has started
[24May2026 22:28:42.863] [Server thread/INFO] [puffish_skills/]: [puffish_skills] Mod configuration loaded successfully!
[24May2026 22:28:43.029] [Server thread/INFO] [dev.ryanhcode.sable.Sable/]: Assigned physics scene ID 12 to minecraft:server_faucet_test_level
[24May2026 22:28:43.207] [Server thread/WARN] [biolith/]: More than one Overworld dimension world created; cowardly ignoring 'minecraft:server_faucet_test_level' in favor of 'minecraft:overworld'
[24May2026 22:28:43.304] [Server thread/ERROR] [dev.ryanhcode.sable.Sable/]: Aborting entity get for abnormally large AABB: AABB[-3000000.0, -256.0, -3000000.0] -> [3000000.0, 320.0, 3000000.0]
java.lang.Throwable: Stack Trace
	at TRANSFORMER/sable@1.2.2/dev.ryanhcode.sable.util.SubLevelInclusiveLevelEntityGetter.logError(SubLevelInclusiveLevelEntityGetter.java:37) ~[sable-neoforge-1.21.1-1.2.2.jar%23332!/:1.2.2]
	at TRANSFORMER/sable@1.2.2/dev.ryanhcode.sable.util.SubLevelInclusiveLevelEntityGetter.get(SubLevelInclusiveLevelEntityGetter.java:95) ~[sable-neoforge-1.21.1-1.2.2.jar%23332!/:1.2.2]
	at TRANSFORMER/minecraft@1.21.1/net.minecraft.world.level.Level.getEntities(Level.java:903) ~[server-1.21.1-20240808.144430-srg.jar%23235!/:?]
	at TRANSFORMER/minecraft@1.21.1/net.minecraft.world.level.Level.getEntities(Level.java:896) ~[server-1.21.1-20240808.144430-srg.jar%23235!/:?]
	at TRANSFORMER/minecraft@1.21.1/net.minecraft.world.level.Level.getEntities(Level.java:891) ~[server-1.21.1-20240808.144430-srg.jar%23235!/:?]
	at TRANSFORMER/minecraft@1.21.1/net.minecraft.world.level.EntityGetter.getEntitiesOfClass(EntityGetter.java:27) ~[server-1.21.1-20240808.144430-srg.jar%23235!/:?]
	at TRANSFORMER/darkdoppelganger@3.3.0-1.21.1/net.bandit.darkdoppelganger.event.ServerEvents.onWorldUnload(ServerEvents.java:49) ~[darkdoppelganger-3.3.0-1.21.1.jar%23275!/:?]
	at MC-BOOTSTRAP/net.neoforged.bus/net.neoforged.bus.EventBus.post(EventBus.java:360) ~[bus-8.0.5.jar%2362!/:?]
	at MC-BOOTSTRAP/net.neoforged.bus/net.neoforged.bus.EventBus.post(EventBus.java:328) ~[bus-8.0.5.jar%2362!/:?]
	at TRANSFORMER/moonlight@1.21.1-3.0.7/net.mehvahdjukaar.moonlight.api.platform.platform.PlatHelperImpl.invokeLevelUnload(PlatHelperImpl.java:291) ~[moonlight-neoforge-1.21.1-3.0.7.jar%23310!/:1.21.1-3.0.7]
	at TRANSFORMER/moonlight@1.21.1-3.0.7/net.mehvahdjukaar.moonlight.api.platform.PlatHelper.invokeLevelUnload(PlatHelper.java) ~[moonlight-neoforge-1.21.1-3.0.7.jar%23310!/:1.21.1-3.0.7]
	at TRANSFORMER/moonlight@1.21.1-3.0.7/net.mehvahdjukaar.moonlight.api.misc.fake_level.FakeLevelManager.invalidate(FakeLevelManager.java:30) ~[moonlight-neoforge-1.21.1-3.0.7.jar%23310!/:1.21.1-3.0.7]
	at TRANSFORMER/supplementaries@1.21.1-3.6.4/net.mehvahdjukaar.supplementaries.common.block.faucet.FaucetBehaviorsManager.onLevelLoad(FaucetBehaviorsManager.java:206) ~[supplementaries-neoforge-1.21.1-3.6.4.jar%23342!/:1.21.1-3.6.4]
	at TRANSFORMER/supplementaries@1.21.1-3.6.4/net.mehvahdjukaar.supplementaries.common.events.ServerEvents.onServerStart(ServerEvents.java:176) ~[supplementaries-neoforge-1.21.1-3.6.4.jar%23342!/:1.21.1-3.6.4]
	at TRANSFORMER/supplementaries@1.21.1-3.6.4/net.mehvahdjukaar.supplementaries.common.events.platform.ServerEventsForge.onServerStart(ServerEventsForge.java:111) ~[supplementaries-neoforge-1.21.1-3.6.4.jar%23342!/:1.21.1-3.6.4]
	at MC-BOOTSTRAP/net.neoforged.bus/net.neoforged.bus.EventBus.post(EventBus.java:360) ~[bus-8.0.5.jar%2362!/:?]
	at MC-BOOTSTRAP/net.neoforged.bus/net.neoforged.bus.EventBus.post(EventBus.java:328) ~[bus-8.0.5.jar%2362!/:?]
	at TRANSFORMER/neoforge@21.1.230/net.neoforged.neoforge.server.ServerLifecycleHooks.handleServerStarted(ServerLifecycleHooks.java:113) ~[neoforge-21.1.230-universal.jar%23236!/:?]
	at TRANSFORMER/minecraft@1.21.1/net.minecraft.server.MinecraftServer.runServer(MinecraftServer.java:674) ~[server-1.21.1-20240808.144430-srg.jar%23235!/:?]
	at TRANSFORMER/minecraft@1.21.1/net.minecraft.server.MinecraftServer.lambda$spin$2(MinecraftServer.java:267) ~[server-1.21.1-20240808.144430-srg.jar%23235!/:?]
	at java.base/java.lang.Thread.run(Thread.java:1583) [?:?]
[24May2026 22:28:43.328] [Server thread/INFO] [dev.ryanhcode.sable.Sable/]: Assigned physics scene ID 13 to minecraft:server_projectile_test_level
[24May2026 22:28:43.514] [Server thread/WARN] [biolith/]: More than one Overworld dimension world created; cowardly ignoring 'minecraft:server_projectile_test_level' in favor of 'minecraft:overworld'
[24May2026 22:28:43.566] [Server thread/INFO] [com.finderfeed.fdlib.FDLib/]: Loading FD configs...
[24May2026 22:28:43.566] [Server thread/INFO] [com.finderfeed.fdlib.FDLib/]: Loading config raidsenhanced:raidsenhanced
[24May2026 22:28:43.566] [Server thread/INFO] [com.finderfeed.fdlib.FDLib/]: Loading config fdlib:test
[24May2026 22:28:43.567] [Server thread/INFO] [com.finderfeed.fdlib.FDLib/]: Loading config fdlib:fdlib_client
[24May2026 22:28:43.567] [Server thread/INFO] [com.finderfeed.fdlib.FDLib/]: Loaded FD configs.
[24May2026 22:28:43.569] [Server thread/INFO] [patchouli/]: Sending reload packet to clients
[24May2026 22:28:43.594] [Server thread/WARN] [voicechat/]: [voicechat] Running in offline mode - Voice chat encryption is not secure!
[24May2026 22:28:43.605] [VoiceChatServerThread/INFO] [voicechat/]: [voicechat] Voice chat server started at port 24454
[24May2026 22:28:43.607] [Server thread/WARN] [ModernFix/]: Dedicated server took 59.034 seconds to load
[24May2026 22:28:43.954] [Server thread/INFO] [dev.corgitaco.enhancedcelestials.EnhancedCelestials/]: Possible lunar events for dimension "minecraft:overworld" are [enhancedcelestials:super_moon, enhancedcelestials:super_blue_moon, enhancedcelestials:harvest_moon, enhancedcelestials:blood_moon, enhancedcelestials:super_blood_moon, enhancedcelestials:blue_moon, enhancedcelestials:super_harvest_moon].
[24May2026 22:28:44.032] [Server thread/INFO] [STDOUT/]: [net.caffeinemc.mods.lithium.common.block.TrackedBlockStatePredicate:<clinit>:13]: Lithium Cached BlockState Flags are disabled!
[24May2026 22:29:02.766] [Server thread/INFO] [net.minecraft.server.players.PlayerList/]: Cucholindo[/10.165.54.253:8111] logged in with entity id 33 at (1075.012535619243, 69.0, 15787.321056443772)
[24May2026 22:29:02.767] [Server thread/INFO] [dev.ryanhcode.sable.Sable/]: Beginning attempted authentication with player Cucholindo
[24May2026 22:29:02.839] [Server thread/INFO] [Modonomicon/]: Building books ...
[24May2026 22:29:02.846] [Server thread/INFO] [Modonomicon/]: Books built.
[24May2026 22:29:02.847] [Server thread/WARN] [io.redspace.ironsspellbooks.IronsSpellbooks/]: Spell Configuration file "global_config.json", outside of namespaced directory, will be ignored!
[24May2026 22:29:02.952] [Server thread/INFO] [net.minecraft.server.MinecraftServer/]: Cucholindo joined the game
[24May2026 22:29:03.011] [Netty Epoll Server IO #0/INFO] [dev.ryanhcode.sable.Sable/]: UDP authentication complete with /10.165.54.253:8111, UDP routing to /10.165.54.253:57969
[24May2026 22:29:03.180] [Server thread/INFO] [lotmcraft/]: Remove BeyonderMap: name Cucholindo
[24May2026 22:29:03.183] [Server thread/INFO] [lotmcraft/]: Put BeyonderMap: name Cucholindo, seq 10, path none
	Previous: name none, seq 10, path none
[24May2026 22:29:03.208] [Server thread/INFO] [com.xiaoshi2022.mcaromanticexpansion.MCARomanticExpansion/]: Found Gender field for Cucholindo: MALE
[24May2026 22:29:03.634] [Server thread/INFO] [voicechat/]: [voicechat] Received secret request of Cucholindo (20)
[24May2026 22:29:03.637] [Server thread/INFO] [voicechat/]: [voicechat] Sent secret to Cucholindo
[24May2026 22:29:07.729] [VoiceChatPacketProcessingThread/INFO] [voicechat/]: [voicechat] Successfully authenticated player e1a747aa-2aa3-340a-8735-aaf022c92d3e
[24May2026 22:29:08.704] [VoiceChatPacketProcessingThread/INFO] [voicechat/]: [voicechat] Successfully validated connection of player e1a747aa-2aa3-340a-8735-aaf022c92d3e
[24May2026 22:29:08.710] [VoiceChatPacketProcessingThread/INFO] [voicechat/]: [voicechat] Player Cucholindo (e1a747aa-2aa3-340a-8735-aaf022c92d3e) successfully connected to voice chat
[24May2026 22:29:08.863] [ForkJoinPool.commonPool-worker-2/WARN] [SkinRestorer/]: Failed to fetch skin 'mojang:HitesBenja'
java.lang.IllegalStateException: not found
	at TRANSFORMER/skinrestorer@2.7.0+1.21-neoforge/net.lionarius.skinrestorer.util.WebUtils.throwOnClientErrors(WebUtils.java:104) ~[?:?]
	at TRANSFORMER/skinrestorer@2.7.0+1.21-neoforge/net.lionarius.skinrestorer.skin.provider.base.YggdrasilSkinProvider.getProfile(YggdrasilSkinProvider.java:52) ~[?:?]
	at TRANSFORMER/skinrestorer@2.7.0+1.21-neoforge/net.lionarius.skinrestorer.skin.provider.builtin.MojangSkinProvider.lambda$new$0(MojangSkinProvider.java:44) ~[?:?]
	at TRANSFORMER/minecraft@1.21.1/net.minecraft.server.players.GameProfileCache.lookupGameProfile(GameProfileCache.java:95) ~[?:?]
	at TRANSFORMER/minecraft@1.21.1/net.minecraft.server.players.GameProfileCache.get(GameProfileCache.java:150) ~[?:?]
	at TRANSFORMER/skinrestorer@2.7.0+1.21-neoforge/net.lionarius.skinrestorer.skin.provider.builtin.MojangSkinProvider.resolveUuid(MojangSkinProvider.java:75) ~[?:?]
	at TRANSFORMER/skinrestorer@2.7.0+1.21-neoforge/net.lionarius.skinrestorer.skin.provider.base.ProfileSkinProvider.getCacheKey(ProfileSkinProvider.java:63) ~[?:?]
	at TRANSFORMER/skinrestorer@2.7.0+1.21-neoforge/net.lionarius.skinrestorer.skin.provider.base.ProfileSkinProvider.getCacheKey(ProfileSkinProvider.java:19) ~[?:?]
	at TRANSFORMER/skinrestorer@2.7.0+1.21-neoforge/net.lionarius.skinrestorer.skin.provider.base.AbstractSkinProvider.fetchSkin(AbstractSkinProvider.java:49) ~[?:?]
	at TRANSFORMER/minecraft@1.21.1/net.minecraft.server.network.ServerLoginPacketListenerImpl.md0fde5f$skinrestorer$lambda$skinrestorer$fetchSkin$1$1(ServerLoginPacketListenerImpl.java:1598) ~[?:?]
	at java.base/java.util.Optional.map(Optional.java:260) ~[?:?]
	at TRANSFORMER/minecraft@1.21.1/net.minecraft.server.network.ServerLoginPacketListenerImpl.skinrestorer$fetchSkin(ServerLoginPacketListenerImpl.java:1598) ~[?:?]
	at TRANSFORMER/minecraft@1.21.1/net.minecraft.server.network.ServerLoginPacketListenerImpl.md0fde5f$skinrestorer$lambda$waitForSkin$0$2(ServerLoginPacketListenerImpl.java:1582) ~[?:?]
	at java.base/java.util.concurrent.CompletableFuture$AsyncSupply.run(CompletableFuture.java:1768) [?:?]
	at java.base/java.util.concurrent.CompletableFuture$AsyncSupply.exec(CompletableFuture.java:1760) [?:?]
	at java.base/java.util.concurrent.ForkJoinTask.doExec(ForkJoinTask.java:387) [?:?]
	at java.base/java.util.concurrent.ForkJoinPool$WorkQueue.topLevelExec(ForkJoinPool.java:1312) [?:?]
	at java.base/java.util.concurrent.ForkJoinPool.scan(ForkJoinPool.java:1843) [?:?]
	at java.base/java.util.concurrent.ForkJoinPool.runWorker(ForkJoinPool.java:1808) [?:?]
	at java.base/java.util.concurrent.ForkJoinWorkerThread.run(ForkJoinWorkerThread.java:188) [?:?]
[24May2026 22:29:09.504] [Server thread/WARN] [net.minecraft.network.syncher.SynchedEntityData/]: defineId called for: class net.conczin.mca.entity.ZombieVillagerEntityMCA from class net.conczin.mca.util.network.datasync.CDataParameter
[24May2026 22:29:09.505] [Server thread/WARN] [net.minecraft.network.syncher.SynchedEntityData/]: defineId called for: class net.conczin.mca.entity.ZombieVillagerEntityMCA from class net.conczin.mca.util.network.datasync.CDataParameter
[24May2026 22:29:09.505] [Server thread/WARN] [net.minecraft.network.syncher.SynchedEntityData/]: defineId called for: class net.conczin.mca.entity.ZombieVillagerEntityMCA from class net.conczin.mca.util.network.datasync.CDataParameter
[24May2026 22:29:09.505] [Server thread/WARN] [net.minecraft.network.syncher.SynchedEntityData/]: defineId called for: class net.conczin.mca.entity.ZombieVillagerEntityMCA from class net.conczin.mca.util.network.datasync.CDataParameter
[24May2026 22:29:09.505] [Server thread/WARN] [net.minecraft.network.syncher.SynchedEntityData/]: defineId called for: class net.conczin.mca.entity.ZombieVillagerEntityMCA from class net.conczin.mca.util.network.datasync.CDataParameter
[24May2026 22:29:09.505] [Server thread/WARN] [net.minecraft.network.syncher.SynchedEntityData/]: defineId called for: class net.conczin.mca.entity.ZombieVillagerEntityMCA from class net.conczin.mca.util.network.datasync.CEnumParameter
[24May2026 22:29:09.505] [Server thread/WARN] [net.minecraft.network.syncher.SynchedEntityData/]: defineId called for: class net.conczin.mca.entity.ZombieVillagerEntityMCA from class net.conczin.mca.util.network.datasync.CDataParameter
[24May2026 22:29:09.506] [Server thread/WARN] [net.minecraft.network.syncher.SynchedEntityData/]: defineId called for: class net.conczin.mca.entity.ZombieVillagerEntityMCA from class net.conczin.mca.util.network.datasync.CDataParameter
[24May2026 22:29:09.506] [Server thread/WARN] [net.minecraft.network.syncher.SynchedEntityData/]: defineId called for: class net.conczin.mca.entity.ZombieVillagerEntityMCA from class net.conczin.mca.util.network.datasync.CDataParameter
[24May2026 22:29:09.506] [Server thread/WARN] [net.minecraft.network.syncher.SynchedEntityData/]: defineId called for: class net.conczin.mca.entity.ZombieVillagerEntityMCA from class net.conczin.mca.util.network.datasync.CDataParameter
[24May2026 22:29:09.506] [Server thread/WARN] [net.minecraft.network.syncher.SynchedEntityData/]: defineId called for: class net.conczin.mca.entity.ZombieVillagerEntityMCA from class net.conczin.mca.util.network.datasync.CDataParameter
[24May2026 22:29:09.507] [Server thread/WARN] [net.minecraft.network.syncher.SynchedEntityData/]: defineId called for: class net.conczin.mca.entity.ZombieVillagerEntityMCA from class net.conczin.mca.util.network.datasync.CDataParameter
[24May2026 22:29:09.507] [Server thread/WARN] [net.minecraft.network.syncher.SynchedEntityData/]: defineId called for: class net.conczin.mca.entity.ZombieVillagerEntityMCA from class net.conczin.mca.util.network.datasync.CDataParameter
[24May2026 22:29:09.507] [Server thread/WARN] [net.minecraft.network.syncher.SynchedEntityData/]: defineId called for: class net.conczin.mca.entity.ZombieVillagerEntityMCA from class net.conczin.mca.util.network.datasync.CDataParameter
[24May2026 22:29:09.508] [Server thread/WARN] [net.minecraft.network.syncher.SynchedEntityData/]: defineId called for: class net.conczin.mca.entity.ZombieVillagerEntityMCA from class net.conczin.mca.util.network.datasync.CDataParameter
[24May2026 22:29:09.508] [Server thread/WARN] [net.minecraft.network.syncher.SynchedEntityData/]: defineId called for: class net.conczin.mca.entity.ZombieVillagerEntityMCA from class net.conczin.mca.util.network.datasync.CDataParameter
[24May2026 22:29:09.508] [Server thread/WARN] [net.minecraft.network.syncher.SynchedEntityData/]: defineId called for: class net.conczin.mca.entity.ZombieVillagerEntityMCA from class net.conczin.mca.util.network.datasync.CDataParameter
[24May2026 22:29:09.508] [Server thread/WARN] [net.minecraft.network.syncher.SynchedEntityData/]: defineId called for: class net.conczin.mca.entity.ZombieVillagerEntityMCA from class net.conczin.mca.util.network.datasync.CEnumParameter
[24May2026 22:29:09.509] [Server thread/WARN] [net.minecraft.network.syncher.SynchedEntityData/]: defineId called for: class net.conczin.mca.entity.ZombieVillagerEntityMCA from class net.conczin.mca.util.network.datasync.CDataParameter
[24May2026 22:29:09.509] [Server thread/WARN] [net.minecraft.network.syncher.SynchedEntityData/]: defineId called for: class net.conczin.mca.entity.ZombieVillagerEntityMCA from class net.conczin.mca.util.network.datasync.CDataParameter
[24May2026 22:29:09.509] [Server thread/WARN] [net.minecraft.network.syncher.SynchedEntityData/]: defineId called for: class net.conczin.mca.entity.ZombieVillagerEntityMCA from class net.conczin.mca.util.network.datasync.CEnumParameter
[24May2026 22:29:09.509] [Server thread/WARN] [net.minecraft.network.syncher.SynchedEntityData/]: defineId called for: class net.conczin.mca.entity.ZombieVillagerEntityMCA from class net.conczin.mca.util.network.datasync.CDataParameter
[24May2026 22:29:09.509] [Server thread/WARN] [net.minecraft.network.syncher.SynchedEntityData/]: defineId called for: class net.conczin.mca.entity.ZombieVillagerEntityMCA from class net.conczin.mca.util.network.datasync.CEnumParameter
[24May2026 22:29:09.510] [Server thread/WARN] [net.minecraft.network.syncher.SynchedEntityData/]: defineId called for: class net.conczin.mca.entity.ZombieVillagerEntityMCA from class net.conczin.mca.util.network.datasync.CEnumParameter
[24May2026 22:29:09.510] [Server thread/WARN] [net.minecraft.network.syncher.SynchedEntityData/]: defineId called for: class net.conczin.mca.entity.ZombieVillagerEntityMCA from class net.conczin.mca.util.network.datasync.CDataParameter
[24May2026 22:29:09.510] [Server thread/WARN] [net.minecraft.network.syncher.SynchedEntityData/]: defineId called for: class net.conczin.mca.entity.ZombieVillagerEntityMCA from class net.conczin.mca.util.network.datasync.CDataParameter
[24May2026 22:29:09.510] [Server thread/WARN] [net.minecraft.network.syncher.SynchedEntityData/]: defineId called for: class net.conczin.mca.entity.ZombieVillagerEntityMCA from class net.conczin.mca.util.network.datasync.CDataParameter
[24May2026 22:29:09.510] [Server thread/WARN] [net.minecraft.network.syncher.SynchedEntityData/]: defineId called for: class net.conczin.mca.entity.ZombieVillagerEntityMCA from class net.conczin.mca.util.network.datasync.CDataParameter
[24May2026 22:29:09.511] [Server thread/WARN] [net.minecraft.network.syncher.SynchedEntityData/]: defineId called for: class net.conczin.mca.entity.ZombieVillagerEntityMCA from class net.conczin.mca.util.network.datasync.CDataParameter
[24May2026 22:29:09.511] [Server thread/WARN] [net.minecraft.network.syncher.SynchedEntityData/]: defineId called for: class net.conczin.mca.entity.ZombieVillagerEntityMCA from class net.conczin.mca.util.network.datasync.CDataParameter
[24May2026 22:29:09.511] [Server thread/WARN] [net.minecraft.network.syncher.SynchedEntityData/]: defineId called for: class net.conczin.mca.entity.ZombieVillagerEntityMCA from class net.conczin.mca.util.network.datasync.CDataParameter
[24May2026 22:29:09.511] [Server thread/WARN] [net.minecraft.network.syncher.SynchedEntityData/]: defineId called for: class net.conczin.mca.entity.ZombieVillagerEntityMCA from class net.conczin.mca.util.network.datasync.CDataParameter
[24May2026 22:29:09.511] [Server thread/WARN] [net.minecraft.network.syncher.SynchedEntityData/]: defineId called for: class net.conczin.mca.entity.ZombieVillagerEntityMCA from class net.conczin.mca.util.network.datasync.CDataParameter
[24May2026 22:29:09.511] [Server thread/WARN] [net.minecraft.network.syncher.SynchedEntityData/]: defineId called for: class net.conczin.mca.entity.ZombieVillagerEntityMCA from class net.conczin.mca.util.network.datasync.CDataParameter
[24May2026 22:29:09.511] [Server thread/WARN] [net.minecraft.network.syncher.SynchedEntityData/]: defineId called for: class net.conczin.mca.entity.ZombieVillagerEntityMCA from class net.conczin.mca.util.network.datasync.CDataParameter
[24May2026 22:29:13.692] [Server thread/INFO] [net.minecraft.server.players.PlayerList/]: HitesBenja[/10.165.54.146:65450] logged in with entity id 266 at (1047.4135989096935, 128.38574318606976, 15793.334992480406)
[24May2026 22:29:13.693] [Server thread/INFO] [dev.ryanhcode.sable.Sable/]: Beginning attempted authentication with player HitesBenja
[24May2026 22:29:13.707] [Server thread/INFO] [net.minecraft.server.MinecraftServer/]: HitesBenja joined the game
[24May2026 22:29:13.721] [Server thread/INFO] [lotmcraft/]: Remove BeyonderMap: name HitesBenja
[24May2026 22:29:13.721] [Server thread/INFO] [lotmcraft/]: Put BeyonderMap: name HitesBenja, seq 10, path none
	Previous: name none, seq 10, path none
[24May2026 22:29:13.726] [Server thread/INFO] [com.xiaoshi2022.mcaromanticexpansion.MCARomanticExpansion/]: Found Gender field for HitesBenja: MALE
[24May2026 22:29:14.154] [Server thread/INFO] [voicechat/]: [voicechat] Received secret request of HitesBenja (20)
[24May2026 22:29:14.154] [Server thread/INFO] [voicechat/]: [voicechat] Sent secret to HitesBenja
[24May2026 22:29:15.298] [Netty Epoll Server IO #0/INFO] [dev.ryanhcode.sable.Sable/]: UDP authentication complete with /10.165.54.146:65450, UDP routing to /10.165.54.146:54841
[24May2026 22:29:18.532] [Server thread/INFO] [net.minecraft.server.MinecraftServer/]: [Cucholindo: Set own game mode to Survival Mode]
[24May2026 22:29:43.257] [VoiceChatPacketProcessingThread/INFO] [voicechat/]: [voicechat] Successfully authenticated player eb29ec7c-4654-3d59-adab-eea55c1510f9
[24May2026 22:29:44.257] [VoiceChatPacketProcessingThread/INFO] [voicechat/]: [voicechat] Successfully validated connection of player eb29ec7c-4654-3d59-adab-eea55c1510f9
[24May2026 22:29:44.257] [VoiceChatPacketProcessingThread/INFO] [voicechat/]: [voicechat] Player HitesBenja (eb29ec7c-4654-3d59-adab-eea55c1510f9) successfully connected to voice chat
[24May2026 22:29:44.720] [Server thread/WARN] [dev.ryanhcode.sable.Sable/]: UDP connection with /10.165.54.146:65450 failed to respond to any keep-alive packets after ~25000ms, kicking them to TCP
[24May2026 22:30:42.837] [Server thread/INFO] [io.github.bravecake.basiclogin.BasicLogin/]: Passwords saved to file: passwords.json
[24May2026 22:30:56.036] [Server thread/WARN] [net.minecraft.server.network.ServerGamePacketListenerImpl/]: HitesBenja moved too quickly! 0.4410629225271805,-11.523684986416654,0.13186165489605628
[24May2026 22:30:57.377] [Server thread/WARN] [net.minecraft.server.network.ServerGamePacketListenerImpl/]: HitesBenja moved too quickly! 1.319847482525347,-10.529193645291315,0.3945860428721062
[24May2026 22:30:57.776] [Server thread/WARN] [net.minecraft.server.network.ServerGamePacketListenerImpl/]: HitesBenja was kicked for floating too long!
[24May2026 22:30:57.777] [Server thread/INFO] [net.minecraft.server.network.ServerGamePacketListenerImpl/]: HitesBenja lost connection: Flying is not enabled on this server
[24May2026 22:30:57.778] [Server thread/INFO] [net.minecraft.server.MinecraftServer/]: HitesBenja left the game
[24May2026 22:30:57.788] [Server thread/INFO] [voicechat/]: [voicechat] Disconnecting client HitesBenja
[24May2026 22:30:57.971] [Server thread/WARN] [net.minecraft.network.Connection/]: handleDisconnection() called twice
[24May2026 22:31:07.792] [ForkJoinPool.commonPool-worker-1/WARN] [SkinRestorer/]: Failed to fetch skin 'mojang:HitesBenja'
java.lang.IllegalStateException: not found
	at TRANSFORMER/skinrestorer@2.7.0+1.21-neoforge/net.lionarius.skinrestorer.util.WebUtils.throwOnClientErrors(WebUtils.java:104) ~[?:?]
	at TRANSFORMER/skinrestorer@2.7.0+1.21-neoforge/net.lionarius.skinrestorer.skin.provider.base.YggdrasilSkinProvider.getProfile(YggdrasilSkinProvider.java:52) ~[?:?]
	at TRANSFORMER/skinrestorer@2.7.0+1.21-neoforge/net.lionarius.skinrestorer.skin.provider.builtin.MojangSkinProvider.lambda$new$0(MojangSkinProvider.java:44) ~[?:?]
	at TRANSFORMER/minecraft@1.21.1/net.minecraft.server.players.GameProfileCache.lookupGameProfile(GameProfileCache.java:95) ~[?:?]
	at TRANSFORMER/minecraft@1.21.1/net.minecraft.server.players.GameProfileCache.get(GameProfileCache.java:150) ~[?:?]
	at TRANSFORMER/skinrestorer@2.7.0+1.21-neoforge/net.lionarius.skinrestorer.skin.provider.builtin.MojangSkinProvider.resolveUuid(MojangSkinProvider.java:75) ~[?:?]
	at TRANSFORMER/skinrestorer@2.7.0+1.21-neoforge/net.lionarius.skinrestorer.skin.provider.base.ProfileSkinProvider.getCacheKey(ProfileSkinProvider.java:63) ~[?:?]
	at TRANSFORMER/skinrestorer@2.7.0+1.21-neoforge/net.lionarius.skinrestorer.skin.provider.base.ProfileSkinProvider.getCacheKey(ProfileSkinProvider.java:19) ~[?:?]
	at TRANSFORMER/skinrestorer@2.7.0+1.21-neoforge/net.lionarius.skinrestorer.skin.provider.base.AbstractSkinProvider.fetchSkin(AbstractSkinProvider.java:49) ~[?:?]
	at TRANSFORMER/minecraft@1.21.1/net.minecraft.server.network.ServerLoginPacketListenerImpl.md0fde5f$skinrestorer$lambda$skinrestorer$fetchSkin$1$1(ServerLoginPacketListenerImpl.java:1598) ~[?:?]
	at java.base/java.util.Optional.map(Optional.java:260) ~[?:?]
	at TRANSFORMER/minecraft@1.21.1/net.minecraft.server.network.ServerLoginPacketListenerImpl.skinrestorer$fetchSkin(ServerLoginPacketListenerImpl.java:1598) ~[?:?]
	at TRANSFORMER/minecraft@1.21.1/net.minecraft.server.network.ServerLoginPacketListenerImpl.md0fde5f$skinrestorer$lambda$waitForSkin$0$2(ServerLoginPacketListenerImpl.java:1582) ~[?:?]
	at java.base/java.util.concurrent.CompletableFuture$AsyncSupply.run(CompletableFuture.java:1768) [?:?]
	at java.base/java.util.concurrent.CompletableFuture$AsyncSupply.exec(CompletableFuture.java:1760) [?:?]
	at java.base/java.util.concurrent.ForkJoinTask.doExec(ForkJoinTask.java:387) [?:?]
	at java.base/java.util.concurrent.ForkJoinPool$WorkQueue.topLevelExec(ForkJoinPool.java:1312) [?:?]
	at java.base/java.util.concurrent.ForkJoinPool.scan(ForkJoinPool.java:1843) [?:?]
	at java.base/java.util.concurrent.ForkJoinPool.runWorker(ForkJoinPool.java:1808) [?:?]
	at java.base/java.util.concurrent.ForkJoinWorkerThread.run(ForkJoinWorkerThread.java:188) [?:?]
[24May2026 22:31:11.883] [Server thread/INFO] [net.minecraft.server.players.PlayerList/]: HitesBenja[/10.165.54.146:65484] logged in with entity id 728 at (1051.442977058329, 76.43557226858374, 15794.53962892511)
[24May2026 22:31:11.883] [Server thread/INFO] [dev.ryanhcode.sable.Sable/]: Beginning attempted authentication with player HitesBenja
[24May2026 22:31:11.892] [Server thread/INFO] [net.minecraft.server.MinecraftServer/]: HitesBenja joined the game
[24May2026 22:31:11.899] [Server thread/INFO] [lotmcraft/]: Remove BeyonderMap: name HitesBenja
[24May2026 22:31:11.899] [Server thread/INFO] [lotmcraft/]: Put BeyonderMap: name HitesBenja, seq 10, path none
	Previous: name none, seq 10, path none
[24May2026 22:31:11.901] [Server thread/INFO] [com.xiaoshi2022.mcaromanticexpansion.MCARomanticExpansion/]: Found Gender field for HitesBenja: MALE
[24May2026 22:31:12.234] [Server thread/INFO] [voicechat/]: [voicechat] Received secret request of HitesBenja (20)
[24May2026 22:31:12.235] [Server thread/INFO] [voicechat/]: [voicechat] Sent secret to HitesBenja
[24May2026 22:31:12.400] [Netty Epoll Server IO #0/INFO] [dev.ryanhcode.sable.Sable/]: UDP authentication complete with /10.165.54.146:65484, UDP routing to /10.165.54.146:53682
[24May2026 22:31:19.890] [VoiceChatPacketProcessingThread/INFO] [voicechat/]: [voicechat] Successfully authenticated player eb29ec7c-4654-3d59-adab-eea55c1510f9
[24May2026 22:31:20.892] [VoiceChatPacketProcessingThread/INFO] [voicechat/]: [voicechat] Successfully validated connection of player eb29ec7c-4654-3d59-adab-eea55c1510f9
[24May2026 22:31:20.892] [VoiceChatPacketProcessingThread/INFO] [voicechat/]: [voicechat] Player HitesBenja (eb29ec7c-4654-3d59-adab-eea55c1510f9) successfully connected to voice chat
[24May2026 22:31:26.886] [Server thread/INFO] [net.minecraft.server.MinecraftServer/]: [Cucholindo: Teleported HitesBenja to Cucholindo]
[24May2026 22:32:16.619] [Server thread/WARN] [dev.ryanhcode.sable.Sable/]: UDP connection with /10.165.54.146:65484 failed to respond to any keep-alive packets after ~25000ms, kicking them to TCP
[24May2026 22:32:17.067] [Server thread/INFO] [net.minecraft.server.network.ServerGamePacketListenerImpl/]: Cucholindo lost connection: Disconnected
[24May2026 22:32:17.068] [Server thread/INFO] [net.minecraft.server.MinecraftServer/]: Cucholindo left the game
[24May2026 22:32:17.068] [Server thread/INFO] [voicechat/]: [voicechat] Disconnecting client Cucholindo
[24May2026 22:33:12.119] [Server thread/INFO] [net.minecraft.server.network.ServerGamePacketListenerImpl/]: HitesBenja lost connection: Timed out
[24May2026 22:33:12.120] [Server thread/INFO] [net.minecraft.server.MinecraftServer/]: HitesBenja left the game
[24May2026 22:33:12.121] [Server thread/INFO] [voicechat/]: [voicechat] Disconnecting client HitesBenja
[24May2026 22:33:43.559] [Server thread/INFO] [dev.ryanhcode.sable.Sable/]: Saving sub-levels for level 'ServerLevel[world]'/minecraft:overworld
[24May2026 22:33:43.564] [Server thread/INFO] [lotmcraft/]: Saving BeyonderMap
[24May2026 22:33:43.583] [Server thread/INFO] [dev.ryanhcode.sable.Sable/]: Saving sub-levels for level 'ServerLevel[world]'/lotmcraft:spirit_world
[24May2026 22:33:43.583] [Server thread/INFO] [dev.ryanhcode.sable.Sable/]: Saving sub-levels for level 'ServerLevel[world]'/minecraft:the_end
[24May2026 22:33:43.583] [Server thread/INFO] [dev.ryanhcode.sable.Sable/]: Saving sub-levels for level 'ServerLevel[world]'/lotmcraft:space
[24May2026 22:33:43.584] [Server thread/INFO] [dev.ryanhcode.sable.Sable/]: Saving sub-levels for level 'ServerLevel[world]'/lotmcraft:concealment_world
[24May2026 22:33:43.584] [Server thread/INFO] [dev.ryanhcode.sable.Sable/]: Saving sub-levels for level 'ServerLevel[world]'/aether:the_aether
[24May2026 22:33:43.584] [Server thread/INFO] [dev.ryanhcode.sable.Sable/]: Saving sub-levels for level 'ServerLevel[world]'/lotmcraft:nature
[24May2026 22:33:43.584] [Server thread/INFO] [dev.ryanhcode.sable.Sable/]: Saving sub-levels for level 'ServerLevel[world]'/irons_spellbooks:pocket_dimension
[24May2026 22:33:43.584] [Server thread/INFO] [dev.ryanhcode.sable.Sable/]: Saving sub-levels for level 'ServerLevel[world]'/lotmcraft:sefirah_castle
[24May2026 22:33:43.584] [Server thread/INFO] [dev.ryanhcode.sable.Sable/]: Saving sub-levels for level 'ServerLevel[world]'/minecraft:the_nether
[24May2026 22:33:43.584] [Server thread/INFO] [dev.ryanhcode.sable.Sable/]: Saving sub-levels for level 'ServerLevel[world]'/twilightforest:twilight_forest
[24May2026 22:33:43.585] [Server thread/INFO] [dev.ryanhcode.sable.Sable/]: Saving sub-levels for level 'ServerLevel[world]'/lotmcraft:dream_maze
[24May2026 22:34:08.315] [ForkJoinPool.commonPool-worker-4/WARN] [SkinRestorer/]: Failed to fetch skin 'mojang:HitesBenja'
java.lang.IllegalStateException: not found
	at TRANSFORMER/skinrestorer@2.7.0+1.21-neoforge/net.lionarius.skinrestorer.util.WebUtils.throwOnClientErrors(WebUtils.java:104) ~[?:?]
	at TRANSFORMER/skinrestorer@2.7.0+1.21-neoforge/net.lionarius.skinrestorer.skin.provider.base.YggdrasilSkinProvider.getProfile(YggdrasilSkinProvider.java:52) ~[?:?]
	at TRANSFORMER/skinrestorer@2.7.0+1.21-neoforge/net.lionarius.skinrestorer.skin.provider.builtin.MojangSkinProvider.lambda$new$0(MojangSkinProvider.java:44) ~[?:?]
	at TRANSFORMER/minecraft@1.21.1/net.minecraft.server.players.GameProfileCache.lookupGameProfile(GameProfileCache.java:95) ~[?:?]
	at TRANSFORMER/minecraft@1.21.1/net.minecraft.server.players.GameProfileCache.get(GameProfileCache.java:150) ~[?:?]
	at TRANSFORMER/skinrestorer@2.7.0+1.21-neoforge/net.lionarius.skinrestorer.skin.provider.builtin.MojangSkinProvider.resolveUuid(MojangSkinProvider.java:75) ~[?:?]
	at TRANSFORMER/skinrestorer@2.7.0+1.21-neoforge/net.lionarius.skinrestorer.skin.provider.base.ProfileSkinProvider.getCacheKey(ProfileSkinProvider.java:63) ~[?:?]
	at TRANSFORMER/skinrestorer@2.7.0+1.21-neoforge/net.lionarius.skinrestorer.skin.provider.base.ProfileSkinProvider.getCacheKey(ProfileSkinProvider.java:19) ~[?:?]
	at TRANSFORMER/skinrestorer@2.7.0+1.21-neoforge/net.lionarius.skinrestorer.skin.provider.base.AbstractSkinProvider.fetchSkin(AbstractSkinProvider.java:49) ~[?:?]
	at TRANSFORMER/minecraft@1.21.1/net.minecraft.server.network.ServerLoginPacketListenerImpl.md0fde5f$skinrestorer$lambda$skinrestorer$fetchSkin$1$1(ServerLoginPacketListenerImpl.java:1598) ~[?:?]
	at java.base/java.util.Optional.map(Optional.java:260) ~[?:?]
	at TRANSFORMER/minecraft@1.21.1/net.minecraft.server.network.ServerLoginPacketListenerImpl.skinrestorer$fetchSkin(ServerLoginPacketListenerImpl.java:1598) ~[?:?]
	at TRANSFORMER/minecraft@1.21.1/net.minecraft.server.network.ServerLoginPacketListenerImpl.md0fde5f$skinrestorer$lambda$waitForSkin$0$2(ServerLoginPacketListenerImpl.java:1582) ~[?:?]
	at java.base/java.util.concurrent.CompletableFuture$AsyncSupply.run(CompletableFuture.java:1768) [?:?]
	at java.base/java.util.concurrent.CompletableFuture$AsyncSupply.exec(CompletableFuture.java:1760) [?:?]
	at java.base/java.util.concurrent.ForkJoinTask.doExec(ForkJoinTask.java:387) [?:?]
	at java.base/java.util.concurrent.ForkJoinPool$WorkQueue.topLevelExec(ForkJoinPool.java:1312) [?:?]
	at java.base/java.util.concurrent.ForkJoinPool.scan(ForkJoinPool.java:1843) [?:?]
	at java.base/java.util.concurrent.ForkJoinPool.runWorker(ForkJoinPool.java:1808) [?:?]
	at java.base/java.util.concurrent.ForkJoinWorkerThread.run(ForkJoinWorkerThread.java:188) [?:?]
[24May2026 22:34:12.745] [Server thread/INFO] [net.minecraft.server.players.PlayerList/]: HitesBenja[/10.165.54.146:49166] logged in with entity id 1070 at (1056.4910613262605, 68.0, 15785.35475805156)
[24May2026 22:34:12.746] [Server thread/INFO] [dev.ryanhcode.sable.Sable/]: Beginning attempted authentication with player HitesBenja
[24May2026 22:34:12.754] [Server thread/INFO] [net.minecraft.server.MinecraftServer/]: HitesBenja joined the game
[24May2026 22:34:12.761] [Server thread/INFO] [lotmcraft/]: Remove BeyonderMap: name HitesBenja
[24May2026 22:34:12.761] [Server thread/INFO] [lotmcraft/]: Put BeyonderMap: name HitesBenja, seq 10, path none
	Previous: name none, seq 10, path none
[24May2026 22:34:12.763] [Server thread/INFO] [com.xiaoshi2022.mcaromanticexpansion.MCARomanticExpansion/]: Found Gender field for HitesBenja: MALE
[24May2026 22:34:13.039] [Netty Epoll Server IO #0/INFO] [dev.ryanhcode.sable.Sable/]: UDP authentication complete with /10.165.54.146:49166, UDP routing to /10.165.54.146:58883
[24May2026 22:34:13.057] [Server thread/INFO] [voicechat/]: [voicechat] Received secret request of HitesBenja (20)
[24May2026 22:34:13.057] [Server thread/INFO] [voicechat/]: [voicechat] Sent secret to HitesBenja
[24May2026 22:34:21.698] [VoiceChatPacketProcessingThread/INFO] [voicechat/]: [voicechat] Successfully authenticated player eb29ec7c-4654-3d59-adab-eea55c1510f9
[24May2026 22:34:22.698] [VoiceChatPacketProcessingThread/INFO] [voicechat/]: [voicechat] Successfully validated connection of player eb29ec7c-4654-3d59-adab-eea55c1510f9
[24May2026 22:34:22.698] [VoiceChatPacketProcessingThread/INFO] [voicechat/]: [voicechat] Player HitesBenja (eb29ec7c-4654-3d59-adab-eea55c1510f9) successfully connected to voice chat
[24May2026 22:35:46.445] [Server thread/INFO] [net.minecraft.server.players.PlayerList/]: Cucholindo[/10.165.54.253:43810] logged in with entity id 1458 at (1074.3056154759875, 68.0, 15783.851123310134)
[24May2026 22:35:46.447] [Server thread/INFO] [dev.ryanhcode.sable.Sable/]: Beginning attempted authentication with player Cucholindo
[24May2026 22:35:46.473] [Server thread/INFO] [net.minecraft.server.MinecraftServer/]: Cucholindo joined the game
[24May2026 22:35:46.483] [Server thread/INFO] [lotmcraft/]: Remove BeyonderMap: name Cucholindo
[24May2026 22:35:46.483] [Server thread/INFO] [lotmcraft/]: Put BeyonderMap: name Cucholindo, seq 10, path none
	Previous: name none, seq 10, path none
[24May2026 22:35:46.485] [Server thread/INFO] [com.xiaoshi2022.mcaromanticexpansion.MCARomanticExpansion/]: Found Gender field for Cucholindo: MALE
[24May2026 22:35:50.328] [Server thread/INFO] [voicechat/]: [voicechat] Received secret request of Cucholindo (20)
[24May2026 22:35:50.329] [Server thread/INFO] [voicechat/]: [voicechat] Sent secret to Cucholindo
[24May2026 22:35:50.474] [Netty Epoll Server IO #0/INFO] [dev.ryanhcode.sable.Sable/]: UDP authentication complete with /10.165.54.253:43810, UDP routing to /10.165.54.253:65280
[24May2026 22:35:56.403] [VoiceChatPacketProcessingThread/INFO] [voicechat/]: [voicechat] Successfully authenticated player e1a747aa-2aa3-340a-8735-aaf022c92d3e
[24May2026 22:35:57.412] [VoiceChatPacketProcessingThread/INFO] [voicechat/]: [voicechat] Successfully validated connection of player e1a747aa-2aa3-340a-8735-aaf022c92d3e
[24May2026 22:35:57.412] [VoiceChatPacketProcessingThread/INFO] [voicechat/]: [voicechat] Player Cucholindo (e1a747aa-2aa3-340a-8735-aaf022c92d3e) successfully connected to voice chat
[24May2026 22:36:10.149] [VoiceChatPacketProcessingThread/INFO] [voicechat/]: [voicechat] Player eb29ec7c-4654-3d59-adab-eea55c1510f9 timed out
[24May2026 22:36:10.149] [VoiceChatPacketProcessingThread/INFO] [voicechat/]: [voicechat] Reconnecting player HitesBenja
[24May2026 22:36:10.150] [VoiceChatPacketProcessingThread/INFO] [voicechat/]: [voicechat] Sent secret to HitesBenja
[24May2026 22:36:18.306] [Server thread/ERROR] [net.bettercombat.network.ServerNetwork/]: Server handling Packets.C2S_AttackRequest - No current attack hand!
[24May2026 22:36:18.307] [Server thread/ERROR] [net.bettercombat.network.ServerNetwork/]: Combo count: 0 is dual wielding: false
[24May2026 22:36:18.307] [Server thread/ERROR] [net.bettercombat.network.ServerNetwork/]: Main-hand stack: 23 minecraft:bread
[24May2026 22:36:18.307] [Server thread/ERROR] [net.bettercombat.network.ServerNetwork/]: Off-hand stack: 0 minecraft:air
[24May2026 22:36:18.307] [Server thread/ERROR] [net.bettercombat.network.ServerNetwork/]: Selected slot server: 5 | client: 0
[24May2026 22:36:18.673] [Server thread/INFO] [lotmcraft/]: HitesBenja was killed by translation{key='entity.minecraft.skeleton', args=[]} with DamageSource (arrow)
[24May2026 22:36:18.677] [Server thread/INFO] [net.minecraft.server.MinecraftServer/]: HitesBenja was shot by Skeleton
[24May2026 22:36:18.780] [Server thread/ERROR] [net.bettercombat.network.ServerNetwork/]: Server handling Packets.C2S_AttackRequest - No current attack hand!
[24May2026 22:36:18.780] [Server thread/ERROR] [net.bettercombat.network.ServerNetwork/]: Combo count: 1 is dual wielding: false
[24May2026 22:36:18.780] [Server thread/ERROR] [net.bettercombat.network.ServerNetwork/]: Main-hand stack: 23 minecraft:bread
[24May2026 22:36:18.780] [Server thread/ERROR] [net.bettercombat.network.ServerNetwork/]: Off-hand stack: 0 minecraft:air
[24May2026 22:36:18.780] [Server thread/ERROR] [net.bettercombat.network.ServerNetwork/]: Selected slot server: 5 | client: 0
[24May2026 22:36:19.751] [Server thread/ERROR] [net.bettercombat.network.ServerNetwork/]: Server handling Packets.C2S_AttackRequest - No current attack hand!
[24May2026 22:36:19.752] [Server thread/ERROR] [net.bettercombat.network.ServerNetwork/]: Combo count: 2 is dual wielding: false
[24May2026 22:36:19.752] [Server thread/ERROR] [net.bettercombat.network.ServerNetwork/]: Main-hand stack: 23 minecraft:bread
[24May2026 22:36:19.752] [Server thread/ERROR] [net.bettercombat.network.ServerNetwork/]: Off-hand stack: 0 minecraft:air
[24May2026 22:36:19.752] [Server thread/ERROR] [net.bettercombat.network.ServerNetwork/]: Selected slot server: 5 | client: 0
[24May2026 22:36:19.753] [Server thread/ERROR] [net.bettercombat.network.ServerNetwork/]: Server handling Packets.C2S_AttackRequest - No current attack hand!
[24May2026 22:36:19.753] [Server thread/ERROR] [net.bettercombat.network.ServerNetwork/]: Combo count: 3 is dual wielding: false
[24May2026 22:36:19.753] [Server thread/ERROR] [net.bettercombat.network.ServerNetwork/]: Main-hand stack: 23 minecraft:bread
[24May2026 22:36:19.753] [Server thread/ERROR] [net.bettercombat.network.ServerNetwork/]: Off-hand stack: 0 minecraft:air
[24May2026 22:36:19.753] [Server thread/ERROR] [net.bettercombat.network.ServerNetwork/]: Selected slot server: 5 | client: 0
[24May2026 22:36:19.754] [Server thread/ERROR] [net.bettercombat.network.ServerNetwork/]: Server handling Packets.C2S_AttackRequest - No current attack hand!
[24May2026 22:36:19.754] [Server thread/ERROR] [net.bettercombat.network.ServerNetwork/]: Combo count: 4 is dual wielding: false
[24May2026 22:36:19.754] [Server thread/ERROR] [net.bettercombat.network.ServerNetwork/]: Main-hand stack: 23 minecraft:bread
[24May2026 22:36:19.754] [Server thread/ERROR] [net.bettercombat.network.ServerNetwork/]: Off-hand stack: 0 minecraft:air
[24May2026 22:36:19.754] [Server thread/ERROR] [net.bettercombat.network.ServerNetwork/]: Selected slot server: 5 | client: 0
[24May2026 22:36:19.784] [Server thread/ERROR] [net.bettercombat.network.ServerNetwork/]: Server handling Packets.C2S_AttackRequest - No current attack hand!
[24May2026 22:36:19.784] [Server thread/ERROR] [net.bettercombat.network.ServerNetwork/]: Combo count: 5 is dual wielding: false
[24May2026 22:36:19.784] [Server thread/ERROR] [net.bettercombat.network.ServerNetwork/]: Main-hand stack: 23 minecraft:bread
[24May2026 22:36:19.784] [Server thread/ERROR] [net.bettercombat.network.ServerNetwork/]: Off-hand stack: 0 minecraft:air
[24May2026 22:36:19.784] [Server thread/ERROR] [net.bettercombat.network.ServerNetwork/]: Selected slot server: 5 | client: 0
[24May2026 22:36:20.073] [Server thread/ERROR] [net.bettercombat.network.ServerNetwork/]: Server handling Packets.C2S_AttackRequest - No current attack hand!
[24May2026 22:36:20.074] [Server thread/ERROR] [net.bettercombat.network.ServerNetwork/]: Combo count: 6 is dual wielding: false
[24May2026 22:36:20.074] [Server thread/ERROR] [net.bettercombat.network.ServerNetwork/]: Main-hand stack: 23 minecraft:bread
[24May2026 22:36:20.074] [Server thread/ERROR] [net.bettercombat.network.ServerNetwork/]: Off-hand stack: 0 minecraft:air
[24May2026 22:36:20.074] [Server thread/ERROR] [net.bettercombat.network.ServerNetwork/]: Selected slot server: 5 | client: 0
[24May2026 22:36:20.320] [Server thread/ERROR] [net.bettercombat.network.ServerNetwork/]: Server handling Packets.C2S_AttackRequest - No current attack hand!
[24May2026 22:36:20.320] [Server thread/ERROR] [net.bettercombat.network.ServerNetwork/]: Combo count: 7 is dual wielding: false
[24May2026 22:36:20.320] [Server thread/ERROR] [net.bettercombat.network.ServerNetwork/]: Main-hand stack: 23 minecraft:bread
[24May2026 22:36:20.320] [Server thread/ERROR] [net.bettercombat.network.ServerNetwork/]: Off-hand stack: 0 minecraft:air
[24May2026 22:36:20.320] [Server thread/ERROR] [net.bettercombat.network.ServerNetwork/]: Selected slot server: 5 | client: 0
[24May2026 22:36:20.569] [Server thread/ERROR] [net.bettercombat.network.ServerNetwork/]: Server handling Packets.C2S_AttackRequest - No current attack hand!
[24May2026 22:36:20.570] [Server thread/ERROR] [net.bettercombat.network.ServerNetwork/]: Combo count: 8 is dual wielding: false
[24May2026 22:36:20.570] [Server thread/ERROR] [net.bettercombat.network.ServerNetwork/]: Main-hand stack: 23 minecraft:bread
[24May2026 22:36:20.570] [Server thread/ERROR] [net.bettercombat.network.ServerNetwork/]: Off-hand stack: 0 minecraft:air
[24May2026 22:36:20.570] [Server thread/ERROR] [net.bettercombat.network.ServerNetwork/]: Selected slot server: 5 | client: 0
[24May2026 22:36:20.820] [Server thread/ERROR] [net.bettercombat.network.ServerNetwork/]: Server handling Packets.C2S_AttackRequest - No current attack hand!
[24May2026 22:36:20.820] [Server thread/ERROR] [net.bettercombat.network.ServerNetwork/]: Combo count: 9 is dual wielding: false
[24May2026 22:36:20.820] [Server thread/ERROR] [net.bettercombat.network.ServerNetwork/]: Main-hand stack: 23 minecraft:bread
[24May2026 22:36:20.820] [Server thread/ERROR] [net.bettercombat.network.ServerNetwork/]: Off-hand stack: 0 minecraft:air
[24May2026 22:36:20.820] [Server thread/ERROR] [net.bettercombat.network.ServerNetwork/]: Selected slot server: 5 | client: 0
[24May2026 22:36:21.082] [Server thread/ERROR] [net.bettercombat.network.ServerNetwork/]: Server handling Packets.C2S_AttackRequest - No current attack hand!
[24May2026 22:36:21.083] [Server thread/ERROR] [net.bettercombat.network.ServerNetwork/]: Combo count: 10 is dual wielding: false
[24May2026 22:36:21.083] [Server thread/ERROR] [net.bettercombat.network.ServerNetwork/]: Main-hand stack: 23 minecraft:bread
[24May2026 22:36:21.083] [Server thread/ERROR] [net.bettercombat.network.ServerNetwork/]: Off-hand stack: 0 minecraft:air
[24May2026 22:36:21.083] [Server thread/ERROR] [net.bettercombat.network.ServerNetwork/]: Selected slot server: 5 | client: 0
[24May2026 22:36:21.394] [Server thread/ERROR] [net.bettercombat.network.ServerNetwork/]: Server handling Packets.C2S_AttackRequest - No current attack hand!
[24May2026 22:36:21.395] [Server thread/ERROR] [net.bettercombat.network.ServerNetwork/]: Combo count: 11 is dual wielding: false
[24May2026 22:36:21.395] [Server thread/ERROR] [net.bettercombat.network.ServerNetwork/]: Main-hand stack: 23 minecraft:bread
[24May2026 22:36:21.395] [Server thread/ERROR] [net.bettercombat.network.ServerNetwork/]: Off-hand stack: 0 minecraft:air
[24May2026 22:36:21.395] [Server thread/ERROR] [net.bettercombat.network.ServerNetwork/]: Selected slot server: 5 | client: 0
[24May2026 22:36:21.651] [Server thread/ERROR] [net.bettercombat.network.ServerNetwork/]: Server handling Packets.C2S_AttackRequest - No current attack hand!
[24May2026 22:36:21.651] [Server thread/ERROR] [net.bettercombat.network.ServerNetwork/]: Combo count: 12 is dual wielding: false
[24May2026 22:36:21.651] [Server thread/ERROR] [net.bettercombat.network.ServerNetwork/]: Main-hand stack: 23 minecraft:bread
[24May2026 22:36:21.651] [Server thread/ERROR] [net.bettercombat.network.ServerNetwork/]: Off-hand stack: 0 minecraft:air
[24May2026 22:36:21.651] [Server thread/ERROR] [net.bettercombat.network.ServerNetwork/]: Selected slot server: 5 | client: 0
[24May2026 22:36:21.873] [Server thread/ERROR] [net.bettercombat.network.ServerNetwork/]: Server handling Packets.C2S_AttackRequest - No current attack hand!
[24May2026 22:36:21.874] [Server thread/ERROR] [net.bettercombat.network.ServerNetwork/]: Combo count: 13 is dual wielding: false
[24May2026 22:36:21.874] [Server thread/ERROR] [net.bettercombat.network.ServerNetwork/]: Main-hand stack: 23 minecraft:bread
[24May2026 22:36:21.874] [Server thread/ERROR] [net.bettercombat.network.ServerNetwork/]: Off-hand stack: 0 minecraft:air
[24May2026 22:36:21.874] [Server thread/ERROR] [net.bettercombat.network.ServerNetwork/]: Selected slot server: 5 | client: 0
[24May2026 22:36:27.818] [Server thread/WARN] [dev.ryanhcode.sable.Sable/]: UDP connection with /10.165.54.146:49166 failed to respond to any keep-alive packets after ~25000ms, kicking them to TCP
[24May2026 22:36:27.968] [Server thread/INFO] [net.minecraft.server.network.ServerGamePacketListenerImpl/]: HitesBenja lost connection: Timed out
[24May2026 22:36:27.968] [Server thread/INFO] [net.minecraft.server.MinecraftServer/]: HitesBenja left the game
[24May2026 22:36:27.969] [Server thread/INFO] [voicechat/]: [voicechat] Disconnecting client HitesBenja
[24May2026 22:37:39.928] [Server thread/INFO] [net.minecraft.server.MinecraftServer/]: [Cucholindo: Set own game mode to Creative Mode]
[24May2026 22:38:20.275] [Server thread/INFO] [lotmcraft/]: Put BeyonderMap: name Cucholindo, seq 8, path demoness
	Previous: name Cucholindo, seq 10, path none
[24May2026 22:38:32.221] [Server thread/INFO] [net.minecraft.server.MinecraftServer/]: [Cucholindo: Set own game mode to Survival Mode]
[24May2026 22:38:44.290] [Server thread/INFO] [dev.ryanhcode.sable.Sable/]: Saving sub-levels for level 'ServerLevel[world]'/minecraft:overworld
[24May2026 22:38:44.294] [Server thread/INFO] [lotmcraft/]: Saving BeyonderMap
[24May2026 22:38:44.324] [Server thread/INFO] [dev.ryanhcode.sable.Sable/]: Saving sub-levels for level 'ServerLevel[world]'/lotmcraft:spirit_world
[24May2026 22:38:44.324] [Server thread/INFO] [dev.ryanhcode.sable.Sable/]: Saving sub-levels for level 'ServerLevel[world]'/minecraft:the_end
[24May2026 22:38:44.324] [Server thread/INFO] [dev.ryanhcode.sable.Sable/]: Saving sub-levels for level 'ServerLevel[world]'/lotmcraft:space
[24May2026 22:38:44.324] [Server thread/INFO] [dev.ryanhcode.sable.Sable/]: Saving sub-levels for level 'ServerLevel[world]'/lotmcraft:concealment_world
[24May2026 22:38:44.325] [Server thread/INFO] [dev.ryanhcode.sable.Sable/]: Saving sub-levels for level 'ServerLevel[world]'/aether:the_aether
[24May2026 22:38:44.325] [Server thread/INFO] [dev.ryanhcode.sable.Sable/]: Saving sub-levels for level 'ServerLevel[world]'/lotmcraft:nature
[24May2026 22:38:44.325] [Server thread/INFO] [dev.ryanhcode.sable.Sable/]: Saving sub-levels for level 'ServerLevel[world]'/irons_spellbooks:pocket_dimension
[24May2026 22:38:44.325] [Server thread/INFO] [dev.ryanhcode.sable.Sable/]: Saving sub-levels for level 'ServerLevel[world]'/lotmcraft:sefirah_castle
[24May2026 22:38:44.325] [Server thread/INFO] [dev.ryanhcode.sable.Sable/]: Saving sub-levels for level 'ServerLevel[world]'/minecraft:the_nether
[24May2026 22:38:44.325] [Server thread/INFO] [dev.ryanhcode.sable.Sable/]: Saving sub-levels for level 'ServerLevel[world]'/twilightforest:twilight_forest
[24May2026 22:38:44.326] [Server thread/INFO] [dev.ryanhcode.sable.Sable/]: Saving sub-levels for level 'ServerLevel[world]'/lotmcraft:dream_maze
[24May2026 22:39:14.311] [Server thread/WARN] [net.minecraft.server.network.ServerGamePacketListenerImpl/]: Cucholindo moved too quickly! -7.177891592177389,0.25086736114158725,-7.244654310350597
[24May2026 22:39:14.358] [Server thread/WARN] [net.minecraft.server.MinecraftServer/]: Can't keep up! Is the server overloaded? Running 2000ms or 40 ticks behind
[24May2026 22:40:19.517] [Server thread/INFO] [net.minecraft.server.network.ServerGamePacketListenerImpl/]: Cucholindo lost connection: Disconnected
[24May2026 22:40:19.518] [Server thread/INFO] [net.minecraft.server.MinecraftServer/]: Cucholindo left the game
[24May2026 22:40:19.519] [Server thread/INFO] [voicechat/]: [voicechat] Disconnecting client Cucholindo
[24May2026 22:43:45.559] [Server thread/INFO] [dev.ryanhcode.sable.Sable/]: Saving sub-levels for level 'ServerLevel[world]'/minecraft:overworld
[24May2026 22:43:45.561] [Server thread/INFO] [lotmcraft/]: Saving BeyonderMap
[24May2026 22:43:45.567] [Server thread/INFO] [dev.ryanhcode.sable.Sable/]: Saving sub-levels for level 'ServerLevel[world]'/lotmcraft:spirit_world
[24May2026 22:43:45.568] [Server thread/INFO] [dev.ryanhcode.sable.Sable/]: Saving sub-levels for level 'ServerLevel[world]'/minecraft:the_end
[24May2026 22:43:45.568] [Server thread/INFO] [dev.ryanhcode.sable.Sable/]: Saving sub-levels for level 'ServerLevel[world]'/lotmcraft:space
[24May2026 22:43:45.568] [Server thread/INFO] [dev.ryanhcode.sable.Sable/]: Saving sub-levels for level 'ServerLevel[world]'/lotmcraft:concealment_world
[24May2026 22:43:45.568] [Server thread/INFO] [dev.ryanhcode.sable.Sable/]: Saving sub-levels for level 'ServerLevel[world]'/aether:the_aether
[24May2026 22:43:45.568] [Server thread/INFO] [dev.ryanhcode.sable.Sable/]: Saving sub-levels for level 'ServerLevel[world]'/lotmcraft:nature
[24May2026 22:43:45.569] [Server thread/INFO] [dev.ryanhcode.sable.Sable/]: Saving sub-levels for level 'ServerLevel[world]'/irons_spellbooks:pocket_dimension
[24May2026 22:43:45.569] [Server thread/INFO] [dev.ryanhcode.sable.Sable/]: Saving sub-levels for level 'ServerLevel[world]'/lotmcraft:sefirah_castle
[24May2026 22:43:45.569] [Server thread/INFO] [dev.ryanhcode.sable.Sable/]: Saving sub-levels for level 'ServerLevel[world]'/minecraft:the_nether
[24May2026 22:43:45.569] [Server thread/INFO] [dev.ryanhcode.sable.Sable/]: Saving sub-levels for level 'ServerLevel[world]'/twilightforest:twilight_forest
[24May2026 22:43:45.569] [Server thread/INFO] [dev.ryanhcode.sable.Sable/]: Saving sub-levels for level 'ServerLevel[world]'/lotmcraft:dream_maze
[24May2026 22:48:45.559] [Server thread/INFO] [dev.ryanhcode.sable.Sable/]: Saving sub-levels for level 'ServerLevel[world]'/minecraft:overworld
[24May2026 22:48:45.564] [Server thread/INFO] [dev.ryanhcode.sable.Sable/]: Saving sub-levels for level 'ServerLevel[world]'/lotmcraft:spirit_world
[24May2026 22:48:45.564] [Server thread/INFO] [dev.ryanhcode.sable.Sable/]: Saving sub-levels for level 'ServerLevel[world]'/minecraft:the_end
[24May2026 22:48:45.565] [Server thread/INFO] [dev.ryanhcode.sable.Sable/]: Saving sub-levels for level 'ServerLevel[world]'/lotmcraft:space
[24May2026 22:48:45.565] [Server thread/INFO] [dev.ryanhcode.sable.Sable/]: Saving sub-levels for level 'ServerLevel[world]'/lotmcraft:concealment_world
[24May2026 22:48:45.565] [Server thread/INFO] [dev.ryanhcode.sable.Sable/]: Saving sub-levels for level 'ServerLevel[world]'/aether:the_aether
[24May2026 22:48:45.565] [Server thread/INFO] [dev.ryanhcode.sable.Sable/]: Saving sub-levels for level 'ServerLevel[world]'/lotmcraft:nature
[24May2026 22:48:45.565] [Server thread/INFO] [dev.ryanhcode.sable.Sable/]: Saving sub-levels for level 'ServerLevel[world]'/irons_spellbooks:pocket_dimension
[24May2026 22:48:45.565] [Server thread/INFO] [dev.ryanhcode.sable.Sable/]: Saving sub-levels for level 'ServerLevel[world]'/lotmcraft:sefirah_castle
[24May2026 22:48:45.566] [Server thread/INFO] [dev.ryanhcode.sable.Sable/]: Saving sub-levels for level 'ServerLevel[world]'/minecraft:the_nether
[24May2026 22:48:45.566] [Server thread/INFO] [dev.ryanhcode.sable.Sable/]: Saving sub-levels for level 'ServerLevel[world]'/twilightforest:twilight_forest
[24May2026 22:48:45.566] [Server thread/INFO] [dev.ryanhcode.sable.Sable/]: Saving sub-levels for level 'ServerLevel[world]'/lotmcraft:dream_maze
